                   0  0 -0  0 0 0 0 0 0 0 0 0 0 0 0 0 1 0 0
                   0  0 -0  0 0 0 0 0 0 0 0 0 0 0 0 0 1 0 0
                   0  0 -0  0 0 0 0 0 0 0 0 0 0 0 0 0 1 0 0
            0.199845  0 -0  0 0 0 0 0 0 0 0 0 0 0 0 0 1 0 0
            0.300473   0.0242762 -0.00176522 -0.00625616 -3.98334e-05 -5.98901e-05 -5.44808e-05 -0.000926424  -0.00137888 -0.000989974 0 0 0 0 0 0 1 0 0
            0.300473   0.0770639  -0.0200261 -0.00926153  0.00165608  0.00528608 -0.00095152 -0.00106668 -0.00173954 -0.00109668 -1.09491e-07  3.72527e-08  4.84785e-09  -8.1326e-09 -2.56208e-08  4.26476e-09 1 0 0
            0.400317  0.0912739 -0.0247628 -0.0137461  0.00151291  0.00497082 -0.00104991  -0.00153731  -0.00460708 -0.000686452 -1.09491e-07  3.72527e-08  4.84785e-09  -8.1326e-09 -2.56208e-08  4.26476e-09 1 0 0
            0.400317 0.0909217  -0.23662 -0.172508  0.0132129  0.0262627 -0.0113446  0.0478314  0.0788012 -0.0683886 1.05628e-06 2.01652e-05 1.24625e-05 -7.43326e-06 -1.19929e-05  9.71477e-06 1 0 0
            0.500152   0.28979 -0.568874 0.0914693  0.0904138  0.0677624 -0.0320897  0.323798  0.137776 -0.113631 -1.35327e-05  6.10991e-05 -2.14599e-05 -4.87772e-05 -2.16014e-05   1.5929e-05 0.982037        0        0
            0.500152  0.184003 -0.226667 -0.128458  0.0400805  0.0402015 -0.0192346 -0.0606537 -0.0900637 -0.0105822  1.78068e-05 -4.66572e-06  6.29163e-06   0.00010124  2.33985e-05 -1.02963e-05 0.982343        0        0
            0.599994 0.706438 -0.20704 0.118376 0.0937517 0.0876906 -0.025768   0.197908   0.152465 -0.0365121 -5.82202e-05  7.80655e-06 -1.91682e-05  4.68647e-06 -3.95155e-05 -1.06311e-05 0.988085        0        0
            0.599994  0.183234 -0.255948 -0.136295  0.0389489  0.0508505 -0.0178092  -0.160642 -0.0714122  0.0131384 1.74392e-05 3.25071e-06 1.00623e-05  0.000441733  4.80273e-05 -1.92638e-05 0.98875       0       0
            0.699904  0.928405 -0.380906  0.285216  0.0529663  0.0584406 -0.0190386 -0.0466761 -0.0309332 0.00336554 -6.82401e-05  1.81786e-05  -3.7595e-05 0.000288527 3.16266e-05 -2.7022e-05 0.980838        0        0
            0.699904  0.207257 -0.285917 -0.195106 0.0253743 0.0471455  -0.01755  -0.225388 -0.0836012 0.00631501 1.54794e-05 1.92538e-05   1.676e-05 0.00075788 7.4231e-05 3.0501e-06 0.981109        0        0
            0.800154  0.649237 -0.370654  0.201519   0.016698  0.0133166 -0.0261735 -0.173046  -0.18692  -0.02626 -3.66036e-05  2.42259e-05 -3.39139e-05 0.000572231 0.000262979 6.99824e-05 0.986334        0        0
            0.800154   0.212158  -0.257389 -0.0957683  0.0102977  0.0169825 -0.0189607 -0.215013 -0.163082  0.016282 1.52264e-05 1.55871e-05 -1.1017e-07  0.000722436  0.000191586 -7.68294e-05 0.986385        0        0
            0.900005  0.474094 -0.529408 0.0712723 0.00930109 0.00412546 -0.0348265  -0.142825  -0.160195 -0.0493088 -1.33009e-05   3.8299e-05 -1.97827e-05 0.000439357 0.000171959 0.000148309 0.97997       0       0
            0.900005  0.183655 -0.252346 -0.116142 0.00957575  0.0180156 -0.0202132  -0.138453 -0.0803141  0.0416125 2.98826e-05 6.87156e-06 2.19749e-06  0.000433865 -0.000108628 -0.000204588 0.979883        0        0
            0.999858  0.371714 -0.650307  0.133573  0.0199873 -0.0019539  -0.044117 -0.0502494  -0.131745 -0.0645217  3.97815e-06  3.68478e-05 -2.74856e-05  5.1379e-05 5.58284e-05 0.000210069 0.967562        0        0
            0.999858   0.180678  -0.272242 -0.0801766  0.0164901  0.0147042 -0.0246618 -0.0702757 -0.0327734  0.0576962   4.0129e-05 -1.70297e-06 -3.19354e-06  0.000135928  -0.00031829 -0.000272167 0.967447        0        0
             1.10011  0.631703 -0.571623  0.270398  0.0373508 0.00420325 -0.0392297   0.037452 -0.0715565 -0.0182272 -1.29218e-05  1.35571e-05 -4.29489e-05  -0.00030723 -0.000224965  3.68505e-05 0.964667        0        0
             1.10011   0.128483  -0.271736 -0.0953145  0.0230938  0.0195525 -0.0214708 -0.0594147  0.0230476  0.0890556  6.22165e-05 -1.00573e-05  2.26693e-06 5.91996e-05 -0.00057361 -0.00039039 0.964655        0        0
             1.19994  0.647505 -0.574343  0.236602  0.0405886  0.0232761 -0.0344937  0.0263418  0.0154686 0.00632184  5.76496e-07  1.34835e-05 -3.90771e-05  -0.00030689 -0.000603757 -5.81267e-05 0.964569        0        0
             1.19994  0.131308 -0.264771 -0.102918  0.0259493  0.0303721 -0.0189799 -0.0721109  0.0618203  0.0975568  6.71663e-05 -1.64289e-05  2.45553e-06   8.1998e-05 -0.000773137 -0.000430203 0.964621        0        0
              1.2998  0.449007 -0.580274  0.156222   0.042642  0.0324291 -0.0333363  0.0151675  0.0381437 0.00794552  2.94198e-05  1.38895e-05 -3.00779e-05 -0.000304669  -0.00071456 -6.41858e-05 0.965308        0        0
              1.2998  0.149001 -0.280235 -0.111763  0.0264498  0.0336069 -0.0196158  -0.09391 0.0494705 0.0873523  6.64047e-05 -1.92335e-05  2.91275e-06  0.000136643 -0.000755588 -0.000396106 0.965465        0        0
             1.40044   0.34528 -0.622055  0.142825  0.0377377  0.0364796 -0.0342946 -0.0204464  0.0344034 0.00030223  4.32598e-05  1.92449e-05 -2.85502e-05  -0.00020589 -0.000723445  -3.3151e-05 0.961963        0        0
             1.40044  0.136805 -0.265854 -0.135124  0.0245726  0.0374129 -0.0196712 -0.107059 0.0427016 0.0865631  6.88777e-05 -2.28852e-05  5.35036e-06  0.000151128 -0.000755047 -0.000397305 0.962081        0        0
              1.5003  0.581042 -0.644122 0.0664887  0.0355208  0.0480105 -0.0442797 -0.0320583  0.0546137 -0.0392305  1.71741e-05  2.12161e-05 -1.99193e-05 -0.000203137 -0.000853169   0.00012918 0.97124       0       0
              1.5003  0.190797 -0.296074 -0.138389  0.0225643  0.0402287 -0.0262235 -0.114869 0.0123847 0.0695277  6.46589e-05 -2.00003e-05  5.53312e-06  0.000138777 -0.000676283 -0.000333137 0.971353        0        0
             1.60014    0.37733  -0.716629 -0.0327668  0.0290356  0.0481791 -0.0524855 -0.0567329  0.0299738 -0.0561276  4.38036e-05  3.00864e-05 -8.03739e-06 -0.000157472 -0.000777263   0.00019862 0.96652       0       0
             1.60014  0.183802 -0.302254 -0.151159  0.0218575  0.0410886 -0.0280609 -0.0942915 -0.0107281  0.0933256  6.69051e-05 -2.00023e-05  6.72693e-06  3.82439e-06 -0.000613466 -0.000434457 0.966603        0        0
             1.70004   0.497471  -0.708087 -0.0557314   0.032855  0.0508267 -0.0522662 -0.0270455  0.0195363 -0.0336488 3.07731e-05 2.71881e-05   -5.59e-06 -0.00033019 -0.00077679 0.000101334 0.970357        0        0
             1.70004  0.181007 -0.322383 -0.168881  0.0242092  0.0422226 -0.0289838 -0.0761131 -0.0297176   0.111556  6.83266e-05 -1.86091e-05  8.60947e-06 -0.000123811 -0.000573176 -0.000516751 0.970395        0        0
             1.79988   0.565224  -0.751817 -0.0503142  0.0394273  0.0565899 -0.0547292 0.00147613  0.0245729 -0.0289354  2.43837e-05  3.01264e-05 -7.03745e-06 -0.000501917 -0.000839232  8.32151e-05 0.96769       0       0
             1.79988  0.186281 -0.336965 -0.159011 0.0284963 0.0453235 -0.029695 -0.0626514  -0.039379   0.125886  6.88032e-05 -1.82727e-05  6.80096e-06 -0.000234157 -0.000574582 -0.000577638 0.967817        0        0
             1.90012   0.809756  -0.638977 -0.0173187  0.0433778  0.0686232 -0.0511687  0.00960504   0.0465931 -0.00399705 -2.95579e-06  1.46854e-05 -1.09957e-05 -0.000575131 -0.000995771 -2.18184e-05 0.973077        0        0
             1.90012  0.173245 -0.315428 -0.168391  0.0289385    0.04901 -0.0268027 -0.0784353  -0.062748   0.145663  7.06309e-05 -2.08458e-05  8.04238e-06 -0.000212765  -0.00053919 -0.000665963 0.973235        0        0
             1.99995   0.681212  -0.829402 -0.0331421  0.0493165  0.0598597 -0.0619833   0.018537  -0.011933 -0.0434773 1.29332e-05 3.60589e-05 -9.6438e-06 -0.000671646 -0.000798643  0.000143314 0.96768       0       0
             1.99995  0.191448 -0.342328 -0.168646  0.0312326  0.0455851 -0.0322271 -0.0967227 -0.0933574   0.137587  7.00055e-05 -1.84608e-05  7.75448e-06 -0.000193383 -0.000461862 -0.000636837 0.967911        0        0
             2.09979  0.348955  -0.66307 -0.131154  0.0404829  0.0536507 -0.0430893 -0.0314829 -0.0348216  0.0442401  5.5335e-05 1.66534e-05 2.33594e-06 -0.000512516 -0.000725698 -0.000236186 0.970602        0        0
             2.09979  0.187699 -0.309188 -0.169917  0.0244045  0.0420616 -0.0227635 -0.135449 -0.100495  0.166951  7.23642e-05 -2.23732e-05  7.44529e-06 -8.08679e-05  -0.00045882  -0.00076899 0.970714        0        0
             2.20042   0.344269  -0.642016 -0.0423961  0.0281657  0.0323234 -0.0312542 -0.0761413  -0.104721  0.0726222   5.4216e-05  1.50639e-05 -9.59115e-06 -0.000375741 -0.000465949 -0.000359956 0.969512        0        0
             2.20042  0.157559 -0.274052 -0.138204  0.0195296  0.0294482 -0.0169833 -0.131499 -0.120947  0.160121  7.68789e-05 -2.81488e-05  2.62311e-06 -0.000138747 -0.000396714 -0.000740006 0.969548        0        0
             2.30026  0.599958 -0.590366 0.0620797  0.0266614  0.0245392 -0.0304523 -0.0587416  -0.104483  0.0486981  2.41644e-05  6.91521e-06 -2.30236e-05 -0.000484993 -0.000517815  -0.00025349 0.971137        0        0
             2.30026  0.184368 -0.283865 -0.131135  0.0204423  0.0295288 -0.0189381 -0.0983875 -0.0720212   0.118725  7.76791e-05 -2.79204e-05  1.15061e-06 -0.000314332 -0.000640466 -0.000555547 0.971119        0        0
              2.4001   0.411234  -0.615762 -0.0053148  0.0268357  0.0238241 -0.0326981 -0.0440435 -0.0739915  0.0214703  5.17493e-05  8.18541e-06 -1.52148e-05  -0.00059305 -0.000667472 -0.000136268 0.975889        0        0
              2.4001  0.152829 -0.252775  -0.12651  0.0190415  0.0271115 -0.0180834  -0.093897 -0.0530499   0.111183  8.57441e-05 -3.23666e-05  1.56408e-07 -0.000380625 -0.000748425 -0.000521516 0.975918        0        0
             2.49995  0.629335 -0.597991 0.0636352  0.0301017  0.0322795 -0.0420265 -0.0228267  -0.024823 -0.0223021  3.10769e-05   2.3206e-06 -2.35663e-05 -0.000723651 -0.000920495  5.59345e-05 0.971728        0        0
             2.49995  0.187585 -0.301809 -0.117145   0.022984  0.0329795 -0.0254589 -0.0667653 -0.0184941  0.0806603   8.7023e-05 -3.04732e-05 -6.14647e-07 -0.000537924 -0.000936601 -0.000384993 0.971744        0        0
             2.59978  0.577447  -0.65843 0.0487135  0.0386208  0.0445064 -0.0528442  0.0123764  0.0223824 -0.0550174  4.49017e-05  4.84997e-06 -2.23286e-05 -0.000912606  -0.00115001  0.000198015 0.971995        0        0
             2.59978  0.168333 -0.317126 -0.164587   0.026411  0.0411441 -0.0297686 -0.0663625 0.00266213   0.088967  9.50703e-05 -3.10012e-05  4.93269e-06 -0.000583354  -0.00106357 -0.000422645 0.972124        0        0
             2.70048   0.361867  -0.686821 -0.0653038  0.0350772  0.0486046 -0.0507431 -0.0163167  0.0254608 -0.0265509  7.47176e-05  9.31419e-06 -8.30525e-06 -0.000844836   -0.0011799  7.22574e-05 0.972996        0        0
             2.70048  0.151076 -0.318269  -0.15643  0.0260496  0.0403489 -0.0284328 -0.0702379 -0.0241395   0.113269  9.69576e-05 -3.20477e-05  3.33718e-06 -0.000614858 -0.000975548 -0.000535027 0.973072        0        0
             2.80032   0.282294  -0.656243 -0.0357762  0.0379175  0.0485389 -0.0421084 -0.00437336   0.0115166   0.0182381  8.56497e-05  2.60999e-06 -1.21441e-05 -0.000941688  -0.00114059 -0.000120171 0.973451        0        0
             2.80032  0.162265 -0.289801  -0.15144  0.0260465  0.0406611 -0.0216912 -0.0792848 -0.0346192   0.143322  9.64999e-05 -3.58629e-05  2.65819e-06 -0.000623452 -0.000950819 -0.000668397 0.973508        0        0
             2.90017   0.453232  -0.682391 -0.0417541  0.0389859  0.0479792 -0.0435516 -0.00693506 -0.00213265  0.00597519  6.52564e-05  4.51482e-06 -1.17006e-05 -0.000975675  -0.00112256 -6.68104e-05 0.973786        0        0
             2.90017  0.163614 -0.302382 -0.154777  0.0258532    0.04004 -0.0243156 -0.0939061 -0.0488855    0.12661  9.55169e-05 -3.14603e-05  2.58566e-06 -0.000610642 -0.000925167 -0.000592772 0.973901        0        0
             3.00002   0.389637   -0.73912 -0.0104572  0.0326664  0.0348849 -0.0450906  -0.0409494  -0.0560331 -0.00352728  6.84346e-05  1.37245e-05 -1.60993e-05 -0.000889774 -0.000927113 -3.32691e-05 0.971763        0        0
             3.00002  0.174269 -0.295193 -0.142688  0.0241897  0.0349451 -0.0244453 -0.0926329 -0.0547683   0.125604 9.57933e-05 -3.4837e-05 7.94079e-07  -0.00066923 -0.000929761 -0.000588508 0.971795        0        0
             3.09985   0.437283  -0.659322 -0.0413754  0.0317806  0.0334106 -0.0438034 -0.0358636 -0.0476367 0.00274581  6.65294e-05  1.48653e-06 -1.32129e-05 -0.000952858 -0.000994977 -6.07271e-05 0.964517        0        0
             3.09985  0.188918 -0.308755 -0.149358  0.0233821  0.0346086 -0.0250243 -0.0880711 -0.0385277   0.120133  9.91401e-05 -3.60506e-05  7.18842e-07 -0.000732705   -0.0010282 -0.000565213 0.964514        0        0
             3.20009     0.540537    -0.668369 -0.000523682 0.0310983 0.0372496 -0.041592 -0.0332378 -0.0238333   0.010007  5.99027e-05  3.70654e-07 -1.86087e-05  -0.00101215  -0.00113359 -9.31576e-05 0.974277        0        0
             3.20009  0.194381 -0.309059 -0.147378  0.0239674  0.0375283 -0.0245663 -0.0771283 -0.0207495   0.116117  0.000103951 -3.94177e-05  2.18669e-07 -0.000824055  -0.00113933 -0.000551434 0.974317        0        0
             3.29993   0.378123  -0.615965 -0.0736761  0.0344442  0.0521981 -0.0359875 -0.012613 0.0354055 0.0277138  9.00912e-05 -1.03548e-05 -1.02504e-05  -0.00113581  -0.00140133 -0.000168317 0.973841        0        0
             3.29993 0.166845 -0.29145 -0.15963  0.0240556  0.0427155 -0.0208232 -0.0793747 -0.0194566   0.121935  0.000110462 -4.33549e-05  8.56208e-07 -0.000853637  -0.00117288 -0.000580162 0.973959        0        0
             3.39978    0.36719   -0.66423 -0.0456115  0.0338932  0.0447765 -0.0372196 -0.0182768 -0.0101878  0.0126678  8.87486e-05 -5.28266e-06 -1.45472e-05  -0.00115982   -0.0012368 -0.000104154 0.9735      0      0
             3.39978  0.182701 -0.296027 -0.148707  0.0255952  0.0398502 -0.0222573 -0.0713756 -0.0397447   0.105636  0.000108544 -4.48239e-05 -1.12995e-06 -0.000929412   -0.0011113 -0.000514352 0.973554        0        0
             3.50042     0.55461   -0.636833 -0.00793446  0.0363639  0.0446035 -0.0403092  -0.0088851  -0.0150373 -0.00427017  6.80957e-05 -1.21935e-05 -1.99668e-05  -0.00124283  -0.00125968 -3.18623e-05 0.975632        0        0
             3.50042  0.193272 -0.281332 -0.152286   0.025301  0.0399119 -0.0225232 -0.0813296 -0.0415514   0.106877  0.000108324 -4.42434e-05 -1.92167e-06 -0.000935578   -0.0011428 -0.000519191 0.975681        0        0
             3.60025   0.395415  -0.664844 -0.0615159  0.0332977  0.0401887 -0.0446102 -0.0271804 -0.0303701 -0.0197953  8.66045e-05 -8.43636e-06 -1.37847e-05 -0.00121222 -0.00121716 3.46041e-05 0.975823        0        0
             3.60025  0.167273 -0.303299 -0.143317  0.0245165  0.0361514 -0.0248977 -0.0824438 -0.0543169     0.1055  0.000111144 -4.39745e-05 -3.37792e-06  -0.00098081  -0.00111763 -0.000503407 0.975876        0        0
             3.70016   0.443628   -0.66187 -0.0102722  0.0319689  0.0345364 -0.0430573  -0.0290009  -0.0475406 -0.00602916  8.11581e-05 -1.09989e-05 -2.06319e-05  -0.00124874    -0.001183 -2.62166e-05 0.972742        0        0
             3.70016  0.161978 -0.299218 -0.141049  0.0230771  0.0339439 -0.0244069 -0.0855971 -0.0502544   0.111451  0.000115968 -4.69354e-05 -4.03313e-06 -0.00101327 -0.00116788 -0.00052677 0.972779        0        0
                 3.8    0.420074    -0.68595 -0.00991811   0.031869  0.0333764 -0.0485457 -0.0275616 -0.0404023 -0.0258158  8.83159e-05  -1.1056e-05 -2.12427e-05 -0.00130377 -0.00124292 5.42152e-05 0.972634        0        0
                 3.8  0.154473 -0.300314 -0.145621  0.0238146  0.0342762 -0.0260365 -0.0764992 -0.0345258   0.116631    0.0001229 -5.17759e-05 -3.87158e-06  -0.00109847  -0.00126374 -0.000552648 0.972687        0        0
             3.89984   0.370222  -0.664208 -0.0532663  0.0336299  0.0403358 -0.0446126  -0.0168406 -0.00540324 0.000241144  0.000103212 -1.72306e-05 -1.65116e-05 -0.00139363 -0.00141519 -5.3264e-05 0.974301        0        0
             3.89984  0.165257 -0.328556 -0.143723  0.0256915  0.0363363 -0.0272645  -0.066937 -0.0304344   0.110414  0.000129882 -5.84116e-05 -3.31919e-06  -0.00118054  -0.00130962 -0.000528955 0.974335        0        0
             4.00048     0.37288   -0.637611 -0.00491242  0.0317716  0.0416838 -0.0356029  -0.0247485 -0.00437809   0.0355147  0.000106486  -2.2047e-05 -2.36674e-05  -0.00140657  -0.00144855 -0.000203297 0.972488        0        0
             4.00048   0.18006   -0.2784 -0.147599  0.0229044  0.0373125 -0.0195933 -0.0802194  -0.029414   0.133488  0.000131416 -6.87994e-05 -4.24676e-06  -0.00115465   -0.0013372 -0.000650695 0.972531        0        0
             4.10032  0.455647 -0.628749 -0.069799  0.0318866  0.0491693 -0.0362311 -0.0231132  0.0185382  0.0195614  9.91433e-05 -2.37747e-05 -1.58085e-05  -0.00145852  -0.00158285 -0.000129288 0.974151        0        0
             4.10032  0.172199 -0.290523 -0.157202  0.0241735  0.0410485 -0.0216792 -0.0713805 -0.0292963   0.111194  0.000137266 -6.95004e-05 -3.70726e-06  -0.00123381   -0.0013635 -0.000559726 0.97423       0       0
             4.20015    0.34308  -0.679565 -0.0382618  0.0297579  0.0426156 -0.0395387  -0.0324218  -0.0172433 -0.00107359  0.000116447 -1.78489e-05 -2.04132e-05  -0.00147201  -0.00144378 -3.59856e-05 0.975628        0        0
             4.20015  0.193479 -0.267088 -0.142087  0.0210578   0.037065 -0.0209335 -0.0851402  -0.049341   0.114773  0.000136789 -7.38331e-05 -5.96913e-06    -0.001224  -0.00129868 -0.000582856 0.975678        0        0
             4.29999   0.474695  -0.598839 -0.0507055  0.0277248  0.0445091 -0.0366586 -0.0349427 -0.0116787  0.0110893  0.000100548 -2.97733e-05 -1.90564e-05  -0.00150378  -0.00151333 -8.93022e-05 0.969531        0        0
             4.29999  0.176478 -0.302329  -0.16241  0.0229537  0.0404284 -0.0228772 -0.0616765 -0.0344449  0.0977201  0.000141395 -7.01491e-05 -3.49921e-06  -0.00137542  -0.00140327 -0.000497967 0.969591        0        0
             4.39982   0.396605  -0.662067 -0.0477073   0.034121  0.0460449 -0.0365983 -0.00186984 -0.00779919  0.00785272  0.000113209 -2.25271e-05 -2.06368e-05  -0.00170259  -0.00156048 -7.42437e-05 0.978642        0        0
             4.39982  0.196169 -0.276526 -0.143234  0.0228381  0.0371256 -0.0210386 -0.0755767 -0.0605713   0.103894  0.000140592  -7.4925e-05 -7.19458e-06  -0.00136019  -0.00131942 -0.000531277 0.978724        0        0
             4.50046  0.373822 -0.599886 -0.121647   0.030998    0.05281 -0.0326849 -0.0221694  0.0155026  0.0191014  0.000118963 -3.15925e-05 -1.08312e-05 -0.00165507 -0.00169332  -0.0001276 0.976666        0        0
             4.50046  0.186852 -0.274096 -0.159039  0.0224623  0.0420285 -0.0195123 -0.0757885 -0.0478205   0.101813  0.000145682 -7.79358e-05 -5.17214e-06  -0.00140149  -0.00140147 -0.000526484 0.976725        0        0
              4.6003  0.442782 -0.570084 0.0097654  0.0308688  0.0404485 -0.0303871 -0.0194993  -0.043408  0.0217924  0.000110995 -3.61472e-05 -3.06351e-05  -0.00170842  -0.00146429 -0.000139909 0.979745        0        0
              4.6003  0.149462 -0.282728 -0.148596  0.0242906  0.0358442 -0.0193662 -0.0615937 -0.0701972  0.0905783  0.000150725 -7.43918e-05 -8.66371e-06  -0.00150628  -0.00133302 -0.000474027 0.979768        0        0
             4.70021   0.409495  -0.628559 -0.0240155  0.0309805  0.0327114 -0.0376594 -0.0205122 -0.0595721 -0.0137113  0.000117302   -2.978e-05 -2.69519e-05 -0.00175291 -0.00141046 3.61637e-05 0.973962        0        0
             4.70021  0.156588 -0.273487 -0.150835  0.0228392  0.0346076 -0.0213233 -0.0723626 -0.0486224  0.0847949  0.000124518 -3.40268e-05 -2.28679e-05  -0.00151744  -0.00146312 -0.000437011 0.973949        0        0
             4.80004   0.447455  -0.686901 -0.0386397  0.0384822   0.042652 -0.0504475   0.0071822 -0.00662236  -0.0567339  0.000126824 -3.41003e-05  -2.5009e-05 -0.00193308 -0.00168045 0.000246942 0.968404        0        0
             4.80004  0.169391 -0.282723 -0.142931  0.0243298  0.0369575 -0.0237279  -0.113365 -0.0531543   0.168518  0.000145556 -5.03299e-05 -1.48906e-05 -0.00175047 -0.00160568 -0.00012783 0.968473        0        0
             4.89989   0.447107  -0.707904 -0.0442408  0.0366848  0.0484662 -0.0550972 -0.0140077  0.0162281 -0.0526577  0.000133126 -3.10498e-05 -2.49814e-05 -0.00192137 -0.00173107 0.000238313 0.974594        0        0
             4.89989  0.164195 -0.298226 -0.151038  0.0244231  0.0400854 -0.0267475 -0.0920568 -0.0361707   0.131284  0.000172696  -8.4475e-05 -8.91836e-06 -0.00175616 -0.00162448 -0.00014631 0.974594        0        0
             5.00012   0.428038  -0.692608 -0.0742651  0.0415447  0.0584416 -0.0532832 0.00307378  0.0422682 -0.0242507  0.000140667 -3.16378e-05 -2.13775e-05 -0.00199617 -0.00179432 0.000175397 0.96863       0       0
             5.00012  0.178245 -0.305333 -0.162307 0.0271523 0.0454211 -0.027228 -0.0861934 -0.0332012   0.134389  0.000176696 -8.80961e-05  -8.4676e-06  -0.00167388  -0.00154931 -0.000374768 0.968732        0        0
             5.09997   0.468276  -0.706546 -0.0533763  0.0389891  0.0515972 -0.0506609  -0.0163777 -0.00553454 -0.00483607  0.000137039 -3.00523e-05 -2.53859e-05 -0.00197296 -0.00166683 0.000104094 0.974215        0        0
             5.09997  0.177945 -0.324165 -0.164178  0.0276968  0.0442689 -0.0277009 -0.0889115 -0.0514463   0.139988  0.000177588 -8.36312e-05 -9.49615e-06  -0.00163947  -0.00146055 -0.000561392 0.97424       0       0
             5.19981   0.438801  -0.691388 -0.0569001  0.0353781   0.047747 -0.0459037 -0.0334506 -0.0242989  0.0152948  0.000143378 -3.32826e-05 -2.55331e-05 -0.00195203 -0.00161788 8.48982e-06 0.975956        0        0
             5.19981  0.178337 -0.298869 -0.165294  0.0239541  0.0403488 -0.0238536  -0.106602 -0.0701869   0.154875  0.000177992 -8.49602e-05 -9.94359e-06   -0.0015938  -0.00139572 -0.000691142 0.976033        0        0
             5.30045  0.403835 -0.696489 0.0219119  0.0324061  0.0318308 -0.0431251  -0.039865 -0.0811471  0.0208083  0.000148269 -3.34286e-05 -3.72603e-05  -0.00197589  -0.00138119 -2.26832e-05 0.976039        0        0
             5.30045  0.148004 -0.299023 -0.136801 0.0240268 0.0327048  -0.02351 -0.0924852 -0.0762982   0.144643  0.000184575 -8.49887e-05 -1.46328e-05  -0.00171416  -0.00140024 -0.000647414 0.976106        0        0
              5.4003   0.558561    -0.6918 0.00785532  0.0294749   0.033636 -0.0474594  -0.0457997  -0.0519469 -0.00565983  0.000132005 -3.50954e-05  -3.5434e-05 -0.00200165 -0.00157412 0.000106197 0.975086        0        0
              5.4003  0.195181 -0.296838 -0.134076  0.0219503   0.034027 -0.0255037 -0.0902664 -0.0484191   0.132896  0.000183823 -8.64878e-05 -1.49467e-05  -0.00178229  -0.00158455 -0.000580709 0.975115        0        0
             5.50014    0.439303   -0.683268 -0.00979595  0.0249653  0.0288216 -0.0445921 -0.0546236 -0.0563026 0.00796327  0.000151907 -3.64897e-05 -3.32762e-05 -0.00201639 -0.00158496 3.96338e-05 0.970904        0        0
             5.50014  0.166059 -0.293869 -0.141571  0.0214546   0.032257 -0.0237562 -0.0699147 -0.0364369   0.140457  0.000193085 -9.01216e-05 -1.41899e-05  -0.00193462   -0.0016749 -0.000606466 0.97095       0       0
             5.59998   0.392352  -0.612311 -0.0550453  0.0327781  0.0455406 -0.0352004 -0.00499164   0.0217337   0.0419994  0.000169686  -5.3066e-05 -2.73671e-05  -0.00228784  -0.00198231 -0.000120231 0.978139        0        0
             5.59998  0.160369 -0.277873 -0.158894  0.0248049   0.041837 -0.0190528   -0.0553731 -0.000674039     0.143424  0.000203104 -9.89179e-05 -1.13382e-05  -0.00204411  -0.00187383 -0.000617496 0.978148        0        0
              5.6999  0.458953  -0.58368 0.0362292  0.0346732  0.0467308 -0.0240971 -0.0012738  0.0105851  0.0689273  0.000161978 -5.85964e-05 -4.17298e-05  -0.00235051  -0.00197209 -0.000253542 0.972053        0        0
              5.6999  0.149873 -0.275464 -0.138986  0.0235072  0.0363038 -0.0159576 -0.0766828 -0.0488062   0.117533  0.000202555 -9.84802e-05  -1.6388e-05  -0.00197456  -0.00167792 -0.000503751 0.972121        0        0
             5.80013   0.411378  -0.606013 -0.0225726 0.0299285 0.0383187 -0.029429 -0.0307559 -0.0303061  0.0203742  0.000168724 -5.49577e-05  -3.3658e-05  -0.00225899  -0.00180963 -1.56165e-05 0.976048        0        0
             5.80013  0.200619 -0.253958 -0.136481  0.0222482  0.0361859 -0.0176395 -0.0809721 -0.0429337  0.0939326  0.000197315 -9.96075e-05 -1.72941e-05  -0.00200867  -0.00174493 -0.000385855 0.976028        0        0
             5.89996   0.428484  -0.595334 -0.0132813    0.03039  0.0426766 -0.0339604  -0.0244597 -0.00861228 -0.00519609  0.000170371 -5.85379e-05 -3.53819e-05 -0.00233434 -0.00195026 0.000114639 0.979401        0        0
             5.89996  0.192748 -0.271794 -0.147948  0.0229701  0.0396739 -0.0207127 -0.0721102 -0.0260906  0.0786274  0.000201975 -9.85147e-05  -1.5975e-05  -0.00210233  -0.00186336 -0.000299758 0.979457        0        0
             5.99981   0.353039   -0.58434 -0.0184305  0.0292973  0.0370369 -0.0317092 -0.0252963 -0.0321966 0.00608526  0.000181638 -6.14818e-05 -3.50732e-05 -0.00237338 -0.00186842 5.95083e-05 0.976049        0        0
             5.99981  0.141514 -0.277369 -0.147778   0.023606  0.0353665 -0.0199667 -0.0610608 -0.0418314   0.080307  0.000210827 -0.000100619 -1.63511e-05 -0.00219843 -0.00181897 -0.00030395 0.976044        0        0
             6.10044   0.350928  -0.650683 -0.0677766  0.0369505  0.0443698 -0.0455399 0.00688249 0.00339315 -0.0494583  0.000188342 -5.79556e-05 -2.84918e-05  -0.0025748 -0.00205926  0.00033433 0.964984        0        0
             6.10044  0.193559 -0.294467 -0.138355  0.0245418  0.0377016 -0.0263388 -0.0743383 -0.0364285  0.0708919  0.000205829  -9.8034e-05 -1.81908e-05  -0.00218756  -0.00187296 -0.000257958 0.965034        0        0
             6.20027   0.462718  -0.681313 -0.0246672  0.0352202  0.0427628 -0.0543205 -0.0130673 -0.0102519 -0.0643372  0.000174225 -5.31584e-05 -3.54165e-05 -0.00253715 -0.00203439 0.000408234 0.980434        0        0
             6.20027  0.138556 -0.326976 -0.147979  0.0272468  0.0375066 -0.0306898 -0.0604403 -0.0434498  0.0871776  0.000217002 -9.79419e-05 -1.72891e-05  -0.00230871  -0.00187373 -0.000335926 0.980501        0        0
             6.30012    0.39119  -0.691484 -0.0246962  0.039192 0.0445005 -0.055833 0.000885357 -0.00553911  -0.0450043  0.000188825 -5.54767e-05 -3.56332e-05 -0.00265911 -0.00208659 0.000311844 0.973317        0        0
             6.30012  0.180658 -0.316719 -0.152529  0.0264753  0.0404137 -0.0294645 -0.0814776 -0.0312758   0.121634  0.000214708 -9.59709e-05 -1.75579e-05  -0.00226803  -0.00196584 -0.000508482 0.973309        0        0
             6.39997   0.574747  -0.618808 -0.0513999  0.0302665   0.046815 -0.0464734  -0.0438987 -0.00494728   0.0081321  0.000166916 -6.12805e-05 -3.23252e-05 -0.00249787 -0.00215085 4.99624e-05 0.978218        0        0
             6.39997  0.151412 -0.289373 -0.169195  0.0225827  0.0410732 -0.0232396 -0.0891281 -0.0387398   0.157269  0.000221264 -0.000100565 -1.54847e-05    -0.002283   -0.0019865 -0.000675131 0.978265        0        0
              6.4998   0.420302  -0.703204 -0.0305651  0.0314541  0.0415377 -0.0434939 -0.0289788 -0.0294647  0.0179001  0.000187475 -5.45751e-05 -3.55732e-05 -0.00262496 -0.00206914  4.9593e-06 0.978553        0        0
              6.4998  0.176971 -0.292259 -0.155678  0.0243166  0.0393791 -0.0229238  -0.071528 -0.0430522   0.148919  0.000220149 -0.000105847 -1.74995e-05  -0.00241986  -0.00200419 -0.000628649 0.978639        0        0
              6.6005   0.404065  -0.610901 -0.0763921  0.0380304  0.0499495 -0.0373564  0.0041468 0.00660591  0.0361403  0.000199075 -7.48126e-05 -2.96298e-05  -0.00282178  -0.00227211 -7.61449e-05 0.971315        0        0
              6.6005  0.202153 -0.290754 -0.147197  0.0250457  0.0407386 -0.0214364 -0.0834624 -0.0490295   0.137266  0.000218697 -0.000105635 -1.93845e-05  -0.00241093  -0.00201344 -0.000571948 0.971321        0        0
             6.70035    0.413729   -0.665472 -0.00895819 0.0280277 0.0316798 -0.035145  -0.048557 -0.0710874  0.0293149  0.000187998   -6.144e-05 -3.92985e-05  -0.00263217  -0.00194992 -5.34595e-05 0.97325       0       0
             6.70035  0.132956 -0.278266 -0.140116  0.0219346  0.0321374 -0.0199281  -0.086069 -0.0683283   0.126449  0.000228016 -0.000109257  -2.0541e-05  -0.00245017  -0.00195698 -0.000522519 0.973221        0        0
              6.8002   0.382099  -0.602289 -0.0905248  0.0351178  0.0467448 -0.0384711 -0.00702485  0.00828585  0.00513536  0.000208906 -7.94019e-05 -2.79632e-05 -0.00286584 -0.00234037 7.00104e-05 0.984532        0        0
              6.8002  0.179619 -0.282351 -0.151295  0.0244386   0.040578 -0.0216191 -0.0772997 -0.0283346   0.110903  0.000235552 -0.000118637 -1.80546e-05  -0.00253324  -0.00216814 -0.000446466 0.984558        0        0
             6.90005  0.502201 -0.506459 0.0695155  0.0293396  0.0398346 -0.0258025 -0.0325309  -0.028443  0.0528967   0.00018885 -9.26274e-05 -5.32482e-05  -0.00278249  -0.00221566 -0.000160591 0.977952        0        0
             6.90005  0.154324 -0.247143 -0.146694  0.0216233  0.0365989 -0.0141516 -0.0834035  -0.046242   0.125277  0.000235005 -0.000123548 -2.31508e-05  -0.00252946  -0.00212091 -0.000527988 0.977975        0        0
             6.99989   0.50344 -0.496814 0.0425507  0.0283601  0.0345293 -0.0248002 -0.0297853 -0.0441442  0.0363007  0.000190013 -9.58351e-05  -5.0292e-05  -0.00283488  -0.00217816 -7.88585e-05 0.979537        0        0
             6.99989  0.156111 -0.241358 -0.138213  0.0209301  0.0328479 -0.0141529  -0.079751 -0.0529252   0.103227  0.000237135 -0.000124244 -2.48713e-05    -0.002593  -0.00212775 -0.000412359 0.979529        0        0
             7.10014   0.493004   -0.56387 -0.0210071 0.0284257 0.0371282 -0.038258 -0.0273556 -0.0229837 -0.0316234  0.000197212  -8.8595e-05 -4.17587e-05 -0.00289234   -0.002312 0.000254423 0.982613        0        0
             7.10014  0.178294 -0.272715 -0.152161  0.0218135  0.0379822 -0.0223843 -0.0690841 -0.0167536  0.0702308  0.000246655 -0.000126734 -2.13277e-05   -0.0026916  -0.00233387 -0.000239998 0.982614        0        0
             7.19998   0.466605  -0.600686 -0.0553512 0.0308034 0.0428257 -0.047415  -0.014419 0.00146273 -0.0549109   0.00020729  -8.7139e-05 -3.69488e-05 -0.00299717 -0.00245736 0.000370619 0.982875        0        0
             7.19998  0.160195 -0.290776 -0.147405 0.0246468 0.0386036 -0.026729 -0.0489904  -0.024389  0.0764228  0.000247533 -0.000127074 -2.38993e-05  -0.00282503   -0.0023294 -0.000288961 0.982835        0        0
             7.29981  0.455354 -0.550215 0.0659401  0.0333048  0.0336681 -0.0426814 -0.00233586  -0.0414847  -0.0137058  0.000207381 -9.61986e-05 -5.44294e-05 -0.00309958 -0.00229281 0.000164434 0.980384        0        0
             7.29981  0.160422 -0.285741  -0.13911  0.0220865  0.0315953 -0.0234144 -0.0766768 -0.0527167   0.106578  0.000247695 -0.000123276  -2.5234e-05  -0.00274354  -0.00223511 -0.000434335 0.980401        0        0
             7.40046   0.458081  -0.632828 -0.0707763 0.0348326 0.0436692 -0.044479 -0.00429616  0.00525317  -0.0154493  0.000216452 -8.59438e-05 -3.53528e-05 -0.00314317 -0.00255211 0.000176376 0.977238        0        0
             7.40046   0.16851 -0.292844 -0.153639  0.0249292  0.0380655 -0.0248813  -0.068287 -0.0285106   0.109536  0.000256308 -0.000127922 -2.21943e-05 -0.00283612 -0.00238935  -0.0004397 0.977258        0        0
              7.5003    0.45398  -0.656325 -0.0855306  0.0392043  0.0552292 -0.0505418 0.00659947  0.0404012 -0.0331213  0.000225389 -8.60256e-05 -3.35609e-05 -0.00324434 -0.00275588 0.000265564 0.972217        0        0
              7.5003  0.163307  -0.30564 -0.156574  0.0278289  0.0445968 -0.0272798 -0.0655652 -0.0239635   0.114285  0.000263353 -0.000132198 -2.22498e-05   -0.0028869  -0.00244139 -0.000485429 0.97225       0       0
             7.60014   0.538846  -0.615858 -0.0625012  0.0328704  0.0511972 -0.0468787  -0.0293445  0.00177428 -0.00637573   0.00021065 -8.98936e-05 -3.74855e-05 -0.00311644 -0.00261987 0.000127079 0.980032        0        0
             7.60014  0.189018 -0.295154 -0.160308   0.022295  0.0412209 -0.0251906  -0.095639 -0.0574182    0.13136  0.000260577 -0.000134915 -2.20281e-05  -0.00277834  -0.00231886 -0.000595402 0.980077        0        0
             7.70005   0.477291  -0.705604 -0.0728692  0.0333138  0.0480155 -0.0509742 -0.0250169 -0.0179725 -0.0191969  0.000222103 -7.78111e-05 -3.67996e-05 -0.00320201 -0.00256258 0.000194597 0.974441        0        0
             7.70005  0.162616 -0.319688 -0.153533  0.0258952  0.0397512 -0.0277971 -0.0670943 -0.0684295   0.128087   0.00026873 -0.000135645 -2.39412e-05  -0.00297903  -0.00230152 -0.000589103 0.974505        0        0
             7.79988  0.313968 -0.700393  -0.12439  0.0388768  0.0533899 -0.0473468 0.000529161  0.00493869  0.00315137  0.000250948 -8.03166e-05 -2.90506e-05 -0.00339521  -0.0026997 7.77261e-05 0.980242        0        0
             7.79988  0.178003 -0.301816 -0.166806  0.0261626  0.0422149 -0.0251783 -0.0808513 -0.0628963   0.142836  0.000269802 -0.000139571 -2.21567e-05   -0.0029691  -0.00235435 -0.000674837 0.980321        0        0
             7.90013  0.372741 -0.494233 -0.012507  0.0280733  0.0361365 -0.0224141 -0.0468608 -0.0676067   0.098939  0.000241359 -0.000111272 -4.68115e-05  -0.00318954  -0.00236608 -0.000437683 0.98074       0       0
             7.90013  0.132938  -0.26317 -0.133136  0.0210903  0.0310596 -0.0137667 -0.0939895 -0.0976274   0.152989  0.000278704 -0.000146547 -2.75056e-05  -0.00294057   -0.0022042 -0.000730922 0.980784        0        0
             7.99996  0.370153 -0.618818 -0.104393   0.029893  0.0421516 -0.0270403 -0.0303577 -0.0231092  0.0417456  0.000246396 -9.21979e-05 -3.27286e-05   -0.0033305   -0.0026202 -0.000131282 0.981005        0        0
             7.99996  0.186285 -0.253249 -0.136285  0.0223507  0.0372075 -0.0167086 -0.0793623 -0.0518616    0.10551  0.000274314 -0.000147702 -2.74186e-05  -0.00306161  -0.00246539 -0.000482099 0.98102       0       0
             8.09979  0.514311 -0.460082 0.0764631  0.0265415  0.0329403 -0.0188969 -0.0365916 -0.0571967  0.0574555  0.000223985 -0.000118311 -6.17579e-05  -0.00333345  -0.00249641 -0.000218482 0.97965       0       0
             8.09979  0.143302 -0.257508 -0.146436  0.0205814  0.0326852 -0.0138455 -0.0780347 -0.0563997  0.0881191  0.000281923 -0.000146423 -2.67855e-05  -0.00311172   -0.0024866 -0.000386473 0.979673        0        0
             8.20043   0.425353  -0.555045 -0.0528319  0.0281566  0.0360046 -0.0331596  -0.024537 -0.0285188  -0.021293  0.000242202 -0.000105333  -4.1885e-05 -0.00344269 -0.00267589 0.000207536 0.981328        0        0
             8.20043  0.168665 -0.271959 -0.141743  0.0227232  0.0348697 -0.0211918  -0.058115 -0.0340012  0.0531274  0.000281417 -0.000146176 -2.79147e-05  -0.00326054  -0.00264077 -0.000193923 0.981304        0        0
             8.30028   0.386248  -0.503531 -0.0394354  0.0254832  0.0349378 -0.0333238 -0.0319697 -0.0270876 -0.0142613  0.000250015 -0.000114198 -4.50853e-05 -0.00344727 -0.00271638 0.000166747 0.982418        0        0
             8.30028  0.164051 -0.262595 -0.134693   0.021522  0.0339196 -0.0202457 -0.0543866 -0.0324799  0.0684926  0.000284204 -0.000149456 -3.00566e-05  -0.00332517   -0.0026839 -0.000275403 0.982393        0        0
             8.40012   0.471327  -0.590697 -0.0425412  0.0305649  0.0373062 -0.0446875 -0.00584024  -0.0140839  -0.0519798  0.000241417 -0.000104519 -4.52023e-05 -0.00362997 -0.00282029 0.000370964 0.980305        0        0
             8.40012   0.18172 -0.292595 -0.138943  0.0246435  0.0352891 -0.0261206 -0.0405667  -0.027264  0.0673963  0.000285595 -0.000147659 -2.98246e-05   -0.0034444  -0.00274702 -0.000266374 0.980237        0        0
             8.49996   0.431702  -0.582467 -0.0681349  0.0358856  0.0482764 -0.0449929  0.0126115  0.0277794 -0.0325277  0.000255232 -0.000108434  -4.1553e-05 -0.00376939 -0.00306774 0.000270563 0.973345        0        0
             8.49996  0.180377 -0.291647 -0.166546  0.0252346  0.0419088 -0.0257564 -0.0561831 -0.0107861   0.089039  0.000290764 -0.000146942 -2.59593e-05  -0.00340958  -0.00286643 -0.000384404 0.973303        0        0
              8.5998   0.485094  -0.615661 -0.0759843  0.0357773   0.049728 -0.0499441 -0.00182172    0.015804  -0.0396493  0.000248436 -0.000103527 -4.10784e-05  -0.0037508 -0.00305218 0.000305498 0.983104        0        0
              8.5998  0.163009   -0.2901 -0.173421 0.0253669 0.0425755 -0.026682 -0.067096 -0.027154  0.107954  0.000294124 -0.000147035 -2.56038e-05  -0.00340927  -0.00282688 -0.000488113 0.983163        0        0
             8.70012   0.490324  -0.601196 -0.0721297  0.0330813   0.049201 -0.0508929  -0.0193067 0.000859128  -0.0280855   0.00024964 -0.000104825 -4.20585e-05 -0.00370942 -0.00301943 0.000242307 0.982903        0        0
             8.70012  0.188631 -0.293192 -0.156433   0.024013  0.0417295 -0.0262276 -0.0736783 -0.0432354   0.126148  0.000291526 -0.000146264 -2.86955e-05  -0.00342465  -0.00278991 -0.000585926 0.983012        0        0
             8.79996    0.56191  -0.626253 -0.0545792  0.0303999  0.0433761 -0.0470635  -0.0298816  -0.0302576 -0.00166771  0.000238749 -0.000101795 -4.52848e-05 -0.00371249  -0.0029169 0.000103376 0.98009       0       0
             8.79996  0.157182 -0.318309 -0.152207  0.0235149  0.0352839 -0.0258268 -0.0684045 -0.0772393   0.133151  0.000296235 -0.000144995 -2.97631e-05  -0.00350861  -0.00266858 -0.000619001 0.980109        0        0
             8.89979   0.384642  -0.721438 -0.0546131  0.0315468  0.0339666 -0.0429019 -0.0200311 -0.0601207  0.0165334  0.000264615 -9.05726e-05 -4.51295e-05 -0.00382451 -0.00279506 9.07391e-06 0.979084        0        0
             8.89979  0.185907 -0.290621 -0.134301  0.0225399  0.0323861 -0.0228693 -0.0767502 -0.0696346   0.142694  0.000294944 -0.000151031  -3.2199e-05  -0.00352269  -0.00274491 -0.000667586 0.979099        0        0
             9.00043   0.455388  -0.581858 -0.0624701  0.0339752  0.0467151 -0.0391683 -0.00833259  0.00454528   0.0244767  0.000264531 -0.000115299 -4.44807e-05  -0.00392458  -0.00316763 -2.91832e-05 0.985273        0        0
             9.00043  0.171418 -0.283082  -0.14383  0.0237276  0.0377713 -0.0217397 -0.0745435 -0.0486984   0.134562  0.000302181 -0.000153519 -3.15752e-05  -0.00357788  -0.00288893 -0.000625665 0.985276        0        0
             9.10027   0.428703  -0.600155 -0.0351307 0.0321165 0.0382703 -0.038621 -0.0193774 -0.0344982  0.0172244  0.000266804 -0.000113146 -4.93275e-05  -0.0039132 -0.00300082 7.22678e-06 0.985302        0        0
             9.10027  0.150216 -0.296053 -0.152127  0.0238652  0.0361535 -0.0221666 -0.0730653 -0.0464687   0.120706  0.000308037 -0.000152127 -3.10497e-05  -0.00363046  -0.00293354 -0.000550956 0.985316        0        0
             9.20011   0.465173  -0.578972 -0.0784031  0.0320244  0.0456148 -0.0377484 -0.0188165 0.00117124  0.0133822  0.000270476 -0.000117649 -4.33429e-05 -0.00395979 -0.00321986 2.69703e-05 0.983243        0        0
             9.20011  0.169754 -0.273648 -0.147427  0.0241676  0.0392434 -0.0208018 -0.0684985 -0.0376499   0.120362  0.000309507 -0.000156195 -3.25082e-05  -0.00370081  -0.00301711 -0.000543966 0.983229        0        0
             9.29994   0.350459  -0.471885 -0.0043408  0.0249914  0.0315801 -0.0199931 -0.0441549 -0.0578955  0.0775073  0.000281536 -0.000132512 -5.46911e-05  -0.00387067   -0.0029508 -0.000317263 0.98612       0       0
             9.29994  0.164173 -0.251699 -0.132923  0.0200377  0.0305258 -0.0130599 -0.0774041 -0.0633418   0.120353  0.000309431 -0.000160709 -3.46604e-05   -0.0036969  -0.00291806 -0.000544597 0.986122        0        0
             9.39977   0.489207   -0.56938 -0.0274907 0.0293684 0.0329783 -0.032511   -0.0167141   -0.0378423 -0.000933192  0.000267131 -0.000123856 -5.20426e-05 -0.00405307 -0.00309741  9.8082e-05 0.984963        0        0
             9.39977  0.180423 -0.256132 -0.138327 0.0218146 0.0335104 -0.018969 -0.0660456 -0.0327502   0.083971  0.000315993 -0.000164245 -3.44321e-05  -0.00379513  -0.00311477 -0.000351204 0.984971        0        0
             9.50041   0.597696  -0.524873 -0.0168826 0.0246779 0.0360486 -0.039704 -0.0369372 -0.0209317 -0.0302982   0.00025739 -0.000128786 -5.39224e-05 -0.00398788 -0.00324137  0.00024759 0.980996        0        0
             9.50041  0.180765 -0.282642 -0.138607  0.0212114  0.0351804 -0.0240617 -0.0545767 -0.0253946  0.0697857  0.000320727 -0.000163035 -3.49386e-05  -0.00389205  -0.00320785 -0.000283819 0.980969        0        0
             9.60027   0.448618  -0.602235 -0.0510726 0.0304642 0.0413608  -0.05082 -0.00551287  0.00113644  -0.0612794  0.000287245 -0.000124277 -4.97594e-05 -0.00419629 -0.00338533 0.000414185 0.98357       0       0
             9.60027  0.166116 -0.305441 -0.138725  0.0252247  0.0370777 -0.0280585 -0.0326922 -0.0263266   0.085278  0.000326573 -0.000165547  -3.5971e-05  -0.00405161   -0.0032438 -0.000363339 0.983515        0        0
             9.70017   0.429266  -0.628948 -0.0330662  0.0403666  0.0462057 -0.0536156  0.0315734  0.0139929 -0.0463016  0.000296295 -0.000129082 -5.34775e-05 -0.00443656 -0.00347843 0.000341903 0.98476       0       0
             9.70017  0.176261 -0.301855 -0.154061   0.028198  0.0407438 -0.0278055 -0.0455902 -0.0188087    0.11597  0.000329817 -0.000164926 -3.43383e-05   -0.0040361  -0.00331035 -0.000530259 0.984718        0        0
             9.80001   0.507669  -0.586418 -0.0203902  0.0391607  0.0441723 -0.0475738  0.00697889 -0.00529072 -0.00502925  0.000282696 -0.000131043 -5.67969e-05 -0.00435803 -0.00342323 0.000119442 0.984254        0        0
             9.80001  0.153398 -0.273429 -0.150772  0.0275148  0.0383683 -0.0250638 -0.069705 -0.041013  0.138833  0.000328984 -0.000162145 -3.66846e-05  -0.00396599  -0.00323725 -0.000645397 0.984209        0        0
             9.89984   0.466751  -0.606569 -0.0551014  0.0303811  0.0381891 -0.0426489 -0.0378535 -0.0326679  0.0160188  0.000289144 -0.000121265 -5.22805e-05 -0.00416932 -0.00332745 8.42684e-06 0.986076        0        0
             9.89984  0.177807 -0.281142 -0.158274  0.0229859  0.0366328 -0.0227802 -0.0830018 -0.0409414   0.140932  0.000331859 -0.000161655 -3.61364e-05  -0.00393625  -0.00328139 -0.000647466 0.986088        0        0
             10.0005   0.529488  -0.647123 -0.0302683  0.0315235  0.0357378 -0.0477432  -0.0255902  -0.0381782 -0.00973898  0.000283596 -0.000121071  -5.6381e-05 -0.00428558 -0.00335187 0.000142187 0.986495        0        0
             10.0005  0.171041 -0.294149 -0.148514  0.0235432  0.0335943 -0.0251472 -0.0733797 -0.0496319   0.134515  0.000341843 -0.000170961 -3.61999e-05  -0.00403776  -0.00328682 -0.000615304 0.986561        0        0
             10.1003   0.511116  -0.655265 -0.0389682  0.0358913  0.0432766 -0.0510131 -0.00801783 -0.00405339  -0.0174732  0.000296496 -0.000124826 -5.53934e-05  -0.0044429 -0.00357172 0.000189849 0.985604        0        0
             10.1003  0.153722 -0.306202  -0.15368  0.0253605  0.0380471 -0.0270792 -0.0736535   -0.03487   0.132822   0.00035388 -0.000177786 -3.58275e-05  -0.00409066  -0.00340394 -0.000633967 0.985665        0        0
             10.2002   0.404901  -0.607128 -0.0666239   0.036852  0.0497543 -0.0438289 -0.00286781   0.0181663   0.0168984  0.000319094 -0.000132817 -5.03764e-05 -0.00449495   -0.003707 2.65414e-07 0.986155        0        0
             10.2002  0.135205 -0.290632 -0.153545  0.0268086  0.0408746 -0.0233411 -0.0647627 -0.0337449   0.145019  0.000363896  -0.00018562 -3.53394e-05  -0.00415013  -0.00342204 -0.000730009 0.986181        0        0
                10.3    0.425761    -0.50479 -0.00140908 0.0314155 0.0399034 -0.027745 -0.0287671 -0.0320251  0.0727989  0.000316389  -0.00014875 -6.31324e-05  -0.00441092  -0.00348098 -0.000319355 0.986781        0        0
                10.3  0.169348 -0.247757 -0.148382  0.0219659  0.0351381 -0.0162795 -0.0927803 -0.0600335   0.143477  0.000359497 -0.000192002 -3.83193e-05  -0.00404606  -0.00331819 -0.000732913 0.986788        0        0
             10.3999  0.472485 -0.502919  0.033852 0.0228932 0.0282677 -0.022974 -0.0714651  -0.074264  0.0628677  0.000316778 -0.000151719  -6.3469e-05  -0.00429083  -0.00331463 -0.000263319 0.981971        0        0
             10.3999  0.153182 -0.281089 -0.104263  0.0195513  0.0299289 -0.0161994 -0.0925543  -0.062564   0.105606  0.000370659 -0.000188662  -4.0049e-05 -0.00416511 -0.00336718 -0.00051111 0.981966        0        0
             10.5001  0.510983 -0.709512 0.0480483  0.0224092  0.0343418 -0.0304515 -0.0520946 -0.0328657  0.0102506  0.000337296 -0.000133983 -5.00305e-05 -0.00442675 -0.00359923 5.49656e-05 0.982006        0        0
             10.5001    0.358233   -0.367452 -0.00315537  0.0194537  0.0334512 -0.0188822 -0.0671479 -0.0384454  0.0839649  0.000362933 -0.000191091 -4.10746e-05  -0.00432981  -0.00356497 -0.000371768 0.981991        0        0
             10.5999   1.11688 -0.676852  0.141351  0.0257083  0.0413061 -0.0273728 -0.0120243 0.00193877  0.0191167  0.000284155 -0.000171969 -6.92097e-05 -0.00462089 -0.00382298 7.58837e-06 0.990708        0        0
             10.5999   0.627575  -0.538828 -0.0453775  0.0200424  0.0377989 -0.0163153 -0.0485754 -0.0163319  0.0882034   0.00036658 -0.000194016 -3.72229e-05  -0.00441485  -0.00370423 -0.000393983 0.990732        0        0
             10.6998  0.785331 -0.776359 -0.453651  0.0204715  0.0421615 -0.0116469   -0.028811 -0.00475713   0.0788947     0.000384 -0.000164013 -3.09149e-05  -0.00453396  -0.00383091 -0.000299275 0.973883        0        0
             10.6998  0.892022 -0.552007 -0.422938  0.0191383  0.0363179 -0.0099889 -0.0359045 -0.0415804  0.0895198  0.000364907 -0.000201778 -3.56501e-05  -0.00448489  -0.00363297 -0.000363721 0.973905        0        0
             10.8005   2.06317 -0.315654  -0.57029    0.025886   0.0508402 -0.00126881   0.0169245 -0.00246823    0.110663   0.00038376 -0.000174786 -2.61958e-05  -0.00472186  -0.00406965 -0.000323313 0.972623        0        0
             10.8005   2.22844  -0.11885 -0.500639   0.0244878   0.0409687 -0.00645891 0.00644979 -0.0642558  0.0779414  0.000354109 -0.000208042 -3.69452e-05  -0.00465403  -0.00373022 -0.000139473 0.972697        0        0
             10.9003  3.79767 0.522224 -0.75017  0.0352727   0.029702 -0.0095294  0.0382389 -0.0823122  0.0331748  0.000301078 -0.000203223 -7.43727e-05 -0.00487216 -0.00363138 7.81545e-05 0.966329        0        0
             10.9003   3.46432  0.572826 -0.987668    0.02992  0.0273341 -0.0085938 7.19372e-05  -0.0933139   0.0375838  0.000356092 -0.000207259 -3.41304e-05 -0.00465822  -0.0035543 4.91233e-05 0.966382        0        0
             11.0002  3.19203  0.60327 -1.60217   0.037647  0.0199186 0.00438222 0.00747024 -0.0598017   0.135344  0.000372762 -0.000203021 -4.83392e-05  -0.00488147   -0.0035614 -0.000112544 0.969329        0        0
             11.0002  3.14385 0.625927 -1.68617    0.0296047    0.0205273 -6.60799e-05 -0.0553331 -0.0535859   0.103567  0.000381473 -0.000200244 -3.38348e-05 -0.00453513 -0.00357935 7.31698e-05 0.969382        0        0
                11.1   1.87192 -0.712154  -1.98032 0.0291085 0.0066984 0.0183585 -0.0671168  -0.077984   0.235041  0.000395192 -0.000174152 -5.99447e-05  -0.0047262 -0.00339113 2.57488e-05 0.973958        0        0
                11.1   1.90337 -0.600034   -2.0786 0.0239739 0.0164074 0.0162346  -0.109034 -0.0179854    0.21939  0.000395498 -0.000188307 -4.27715e-05 -0.00448629 -0.00371066 0.000135343 0.973943        0        0
             11.1999   1.6926 -2.55611 -1.68328 0.0179758 0.0184598 0.0360692  -0.105479 0.00377863   0.233568  0.000374181 -0.000160207 -6.27761e-05 -0.00462812 -0.00378161 0.000228535 0.96575       0       0
             11.1999  1.63911  -2.4112 -1.76459   0.01772  0.023686 0.0362158 -0.107624 0.0354944  0.234241  0.000386545 -0.000184077 -4.78184e-05 -0.00460506 -0.00395286 0.000233112 0.965725        0        0
             11.3001    1.355  -3.4867 -1.70297  0.00228784 -0.00127267   0.0718224  -0.134936 -0.0611331   0.290102  0.000389464 -0.000205031 -6.78108e-05  -0.00453558  -0.00336671 -6.12343e-05 0.970919        0        0
             11.3001  1.41841 -3.51965 -1.83826 0.00510711  0.0137755  0.0692854 -0.118366 0.0314527  0.274527   0.00038742 -0.000200028 -4.38901e-05   -0.004611 -0.00387975 5.07074e-05 0.970925        0        0
             11.3999  1.17216 -4.02191 -2.06512 -0.00766434  0.00599491    0.109612  -0.120914 -0.0202806   0.382346  0.000394103 -0.000223314 -5.67724e-05  -0.00462199  -0.00365918 -0.000179157 0.972796        0        0
             11.3999  1.22471 -4.11955 -2.16916 0.000651098   0.0197007    0.099655 -0.0667269  0.0625571   0.323691   0.00039405 -0.000210896 -3.81122e-05 -0.00490396 -0.00412437 0.000194405 0.972716        0        0
             11.5002  1.12869 -3.41221 -2.78913 -0.0059937  0.0163636   0.142685 -0.0421137  0.0170699   0.438445  0.000402423 -0.000240902 -3.91209e-05 -0.00488608 -0.00395193 5.50602e-05 0.971144        0        0
             11.5002  1.18998 -3.49283 -2.81939 0.00038591  0.0261737   0.134893 -2.77383e-05    0.0768285     0.392122  0.000400514 -0.000232886 -3.41535e-05  -0.0050984 -0.00429049 0.000350632 0.971061        0        0
                11.6 0.855271 -2.18681 -2.94178 0.00258281  0.0418144   0.194146 0.00804662   0.123053   0.538831  0.000408953 -0.000270237 -3.93643e-05  -0.0051845 -0.00444662 2.77263e-06 0.980379        0        0
                11.6 0.878324 -2.35218 -2.93517 0.000391147   0.0403692    0.185777 -0.0134104   0.115308   0.484281  0.000403821 -0.000239341 -4.09489e-05 -0.00505768 -0.00439284 0.000311407 0.980408        0        0
             11.6999 0.828157 -2.18082 -2.69702 0.00993873   0.052879   0.249898 0.0417326  0.132281  0.614242  0.000404672 -0.000243379 -6.75003e-05 -0.00533442 -0.00439798 5.88568e-05 0.95541       0       0
             11.6999 0.838666 -2.24178 -2.83447 0.00167462  0.0469037   0.239376 -0.0258663  0.0981104    0.54484  0.000398547  -0.00022382 -4.42253e-05  -0.0049572 -0.00418507 0.000438455 0.955503        0        0
             11.8002 0.880764 -2.71419 -2.74552 0.0101599 0.0652441  0.299752 0.0218102  0.131693  0.625066  0.000401695 -0.000208599 -5.38998e-05 -0.00520383 -0.00436959 0.000396325 0.949169        0        0
             11.8002 0.857045 -2.65691 -2.81385 -0.000153794    0.0547883      0.29444 -0.0576612  0.0682425   0.588002  0.000397063 -0.000208128 -4.17441e-05 -0.00477442 -0.00399509 0.000587353 0.949266        0        0
                11.9 0.937808 -3.02888 -2.26362 -0.000209753    0.0569535     0.348256 -0.0490445  0.0610646   0.602858  0.000368205 -0.000191779 -5.77473e-05 -0.00492607 -0.00389631 0.000746026 0.971588        0        0
                11.9  0.75796 -2.90903 -2.31783 -0.00758173   0.0526967    0.356489 -0.100387 0.0365724  0.652423  0.000395654 -0.000205279 -4.80795e-05 -0.00465674 -0.00374491 0.000444004 0.971621        0        0
             11.9999 0.202633 -3.55514 -1.58045 -0.00890127   0.0475919    0.424668 -0.062942 0.0104955  0.666543  0.000439455 -0.000205127 -5.59909e-05 -0.00489287 -0.00354436 0.000393201 0.970713        0        0
             11.9999 0.484601 -3.52858 -1.60765 -0.0131138    0.05401    0.43389 -0.0927759  0.0503861   0.723431  0.000397457 -0.000204772 -5.17265e-05 -0.00472811 -0.00377746 5.26541e-05 0.97074       0       0
             12.1001 -0.00963051    -3.49781    -1.06086 -0.0169546  0.0712599   0.522606 -0.0557433   0.097292   0.756401  0.000420681 -0.000250432 -4.88472e-05 -0.00486191 -0.00404495 -0.00035534 0.992517        0        0
             12.1001 0.0909515  -3.69187  -1.06791 -0.0182325   0.070466   0.514241 -0.0703093  0.0927415    0.70345  0.000403041 -0.000215409 -4.78298e-05  -0.00477412  -0.00401802 -5.09419e-05 0.992531        0        0
             12.1999 -0.315749  -3.38407 -0.563709 -0.0142358  0.0857143   0.574641 -0.0326559   0.105387   0.654774  0.000418364 -0.000218691 -5.46079e-05 -0.00502426 -0.00416535 0.000162233 0.989583        0        0
             12.1999 -0.276219  -3.33773 -0.608839 -0.0185442  0.0797055   0.574264 -0.0642301  0.0686811   0.651798   0.00040546 -0.000221276 -4.68346e-05 -0.00485366 -0.00396003  0.00016757 0.989637        0        0
             12.2998  -1.03608  -3.87377 -0.804611 -0.0156995   0.093339   0.629428 -0.0277315  0.0959049   0.594087  0.000433258 -0.000214757 -4.24884e-05 -0.00506168 -0.00410453 0.000381947 0.991871        0        0
             12.2998 -0.929959   -3.8639 -0.824326 -0.0202599  0.0865715   0.632958 -0.059662 0.0535823  0.615773  0.000408607 -0.000211476 -3.88911e-05 -0.00489772 -0.00387317 0.000247015 0.991953        0        0
             12.4004 -1.67929 -3.72436 -1.47045 -0.0251355  0.0846998    0.70279 -0.0279786  0.0327439   0.607697  0.000401875 -0.000210202 -4.99684e-05 -0.00491519  -0.0037119 1.95152e-05 0.989069        0        0
             12.4004 -1.71958 -3.62471 -1.55421 -0.0246708  0.0894641   0.701661 -0.0257973  0.0632452   0.600472  0.000414209 -0.000227351  -3.6707e-05  -0.0049184 -0.00387926 5.95294e-05 0.989031        0        0
             12.5003 -2.10497 -3.86791 -2.28362 -0.0120294   0.100737   0.737732 0.0477362 0.0968838  0.470057  0.000396841 -0.000183907 -5.10747e-05 -0.00521964 -0.00397646 0.000548879 0.995398        0        0
             12.5003 -2.19043 -3.62605 -2.36724 -0.0163318    0.10341   0.744282 0.017237  0.11546 0.509715   0.00041483 -0.000219281 -3.87188e-05  -0.0050553 -0.00406739 0.000307086 0.995423        0        0
             12.6001 -1.80907 -4.41031 -3.01839 -0.0158635   0.118621   0.773744 0.00476017   0.165968   0.370625  0.000387402  -0.00017987 -2.69318e-05 -0.00499295 -0.00411288 0.000704002 0.993663        0        0
             12.6001 -1.98203 -4.18957  -2.9353 -0.0165654   0.118706    0.79321 0.00907208   0.165978   0.493012  0.000414065  -0.00021619 -4.15949e-05 -0.00505346 -0.00408797 8.74159e-06 0.993648        0        0
                12.7 -1.76178 -5.44823 -3.41598 -0.00853765    0.147452     0.82976 0.0258965  0.226699  0.371357  0.000411052 -0.000202957 -3.26845e-05 -0.00520447 -0.00432836 0.000187719 1.00112       0       0
                12.7 -1.82556 -5.35068 -3.37259 -0.0109713   0.141764   0.840689 0.0142591  0.190422  0.439052  0.000413991 -0.000216709 -3.99212e-05  -0.00517297  -0.00411457 -0.000191064 1.00113       0       0
             12.7998 -1.32298 -6.98449  -3.4761 0.00141393   0.164803   0.869849 0.0590493  0.193779  0.310732  0.000411795 -0.000199943 -5.49193e-05  -0.0054132 -0.00422534 4.14677e-05 0.988902        0        0
             12.7998 -1.37541 -6.81871 -3.55315 -0.00543852    0.158601    0.878008 0.0120629  0.155998  0.359315  0.000414546 -0.000219435 -4.24038e-05  -0.00518681   -0.0039948 -0.000246209 0.988981        0        0
             12.9005 -0.860788  -7.65256   -3.5302 0.00293749   0.173597   0.911987 0.071088 0.135554 0.267532   0.00040945 -0.000227573 -6.02008e-05  -0.00533236  -0.00400328 -0.000302595 1.00211       0       0
             12.9005 -0.895298  -7.59548  -3.63995 -0.00170515    0.175818    0.905442 0.0309208  0.152566   0.22533   0.00041997 -0.000229781 -4.20053e-05  -0.00508213  -0.00408757 -9.31356e-05 1.00212       0       0
             13.0003 -1.47844 -7.61868 -4.01054 0.00670765     0.1968   0.938656 0.0919086  0.157756  0.200564  0.000454427 -0.000261289 -4.79783e-05  -0.00517842  -0.00422497 -0.000418419 1.00018       0       0
             13.0003 -1.30585 -7.71168 -4.05477 0.00324804    0.19098   0.925564 0.0599558  0.121159   0.12028  0.000419743 -0.000240847 -3.93853e-05  -0.0049693 -0.00403237 1.49778e-05 1.00023       0       0
             13.1002 -1.93862 -7.38679 -4.58142 0.0237512  0.207877  0.962333 0.171926 0.121335 0.166444  0.000458345 -0.000285082 -6.34276e-05    -0.005334  -0.00414815 -0.000548264 0.983238        0        0
             13.1002 -1.74969 -7.55297 -4.73372 0.0173497  0.204599  0.938532  0.111402  0.105983 0.0234378  0.000423048 -0.000247699 -3.35449e-05 -0.00491171 -0.00406824 0.000217272 0.983347        0        0
                13.2 -1.74589 -6.80029 -5.73061 0.0432416  0.232589  0.954927  0.211811  0.151505 0.0543415  0.000433427 -0.000282365 -5.21926e-05   -0.0052173  -0.00446236 -9.10639e-05 0.990603        0        0
                13.2 -1.75957 -6.91882 -5.83105 0.0398736  0.224753  0.935637   0.180649  0.0982194 -0.0677901  0.000433105 -0.000260499 -3.25589e-05 -0.00496683 -0.00415995 0.000620984 0.990674        0        0
             13.2998 -1.29951 -6.84819 -7.22554 0.0674301  0.237539  0.910655  0.239139 0.0917881 -0.141424  0.000407414 -0.000255699 -4.34467e-05 -0.00509413 -0.00426907  0.00103129 0.990481        0        0
             13.2998 -1.44404 -6.86622 -7.29216 0.0668203  0.236609  0.914752   0.23663  0.086333 -0.116864  0.000434839 -0.000252726 -3.13652e-05 -0.00510289  -0.0042245  0.00088207 0.990496        0        0
             13.4005 -0.717007  -7.60929  -8.79014 0.116812 0.258932 0.892503  0.332392  0.147822 -0.117413  0.000433194 -0.000224254 -5.97771e-05 -0.00571709 -0.00458998  0.00120821 0.993191        0        0
             13.4005 -0.734243  -7.51497  -8.93715 0.100438 0.248961 0.908857   0.217522  0.0864395 -0.0264647  0.000439505 -0.000239764 -3.33493e-05 -0.00514697 -0.00412817 0.000580883 0.993358        0        0
             13.5003 -0.274911  -8.32562  -10.4939 0.139688  0.25727 0.891587   0.290958   0.136261 -0.0420327   0.00045524 -0.000224923 -5.65105e-05 -0.00554571 -0.00410864  0.00100412 0.992553        0        0
             13.5003 -0.238651  -8.24677  -10.6235 0.122874 0.257753 0.913465  0.169849  0.144129 0.0785483   0.00045307 -0.000236344 -3.31897e-05 -0.00492091 -0.00403377 0.000166341 0.992618        0        0
             13.6002 0.0655127  -8.41397  -12.2248 0.155461 0.309208 0.926726 0.200452  0.38645 0.134292  0.000446322 -0.000249504 -3.12944e-05  -0.0052382 -0.00483368 0.000119303 0.979032        0        0
             13.6002 0.014185 -8.40375 -12.2043 0.143094 0.293459 0.935448 0.117509 0.288268 0.181797  0.000453119  -0.00024817 -3.48945e-05  -0.00489288   -0.0041674 -0.000219859 0.979021        0        0
             13.7001 -0.17395 -10.7607 -12.7172 0.175532 0.359909  0.96454 0.186355 0.539743 0.206502  0.000451157 -0.000267918 -4.97213e-05  -0.00537567  -0.00494136 -0.000435197 0.96747       0       0
             13.7001 -0.265028  -10.9042   -12.751 0.162768   0.3403 0.965989 0.101998 0.417537 0.210917  0.000464477 -0.000236945 -4.36784e-05 -0.00503611 -0.00411232 -0.00050942 0.967517        0        0
             13.7999 -1.59558 -11.6535 -12.9312 0.189112 0.415589 0.994743 0.218315 0.625189 0.213144  0.000474834 -0.000263924 -3.86326e-05  -0.00523008  -0.00483556 -0.000714228 0.97675       0       0
             13.7999  -1.6043 -11.5779 -12.8715 0.181766 0.393586 0.985601 0.171614  0.47944 0.156881  0.000463893 -0.000275284 -4.99935e-05   -0.0050896  -0.00390959 -0.000371868 0.97695       0       0
             13.9002 -1.61155 -11.5559 -11.8103 0.212618  0.44666 0.989451  0.229206   0.55003 0.0914499  0.000433514 -0.000275796 -7.77001e-05  -0.00537425  -0.00399576 -9.47803e-05 0.974956        0        0
             13.9002 -1.70814  -11.531 -11.9004 0.199744 0.433172 0.982798  0.132908  0.470225 0.0491344  0.000446945 -0.000274822 -6.24496e-05 -0.00487831  -0.0033889 8.37499e-05 0.975016        0        0
                  14 -1.05018   -12.31 -11.0312 0.218164 0.475909 0.964516   0.146945   0.478269 -0.0755127   0.00043892 -0.000262875 -7.30441e-05  -0.0049498 -0.00328346 0.000566222 0.973081        0        0
                  14 -1.04449 -12.3205 -11.0915 0.209582 0.475376 0.972407  0.0839947   0.479549 -0.0354461  0.000438647 -0.000256999 -6.23612e-05 -0.00463712 -0.00320261 0.000244803 0.973084        0        0
             14.0998 -0.491869  -12.2739  -10.2998 0.221726 0.535251 0.983291  0.108947  0.510998 0.0351252  0.000458092 -0.000292887 -7.51222e-05  -0.00472499  -0.00348723 -6.98119e-05 0.984281        0        0
             14.0998 -0.364272  -12.4383  -10.3769 0.226663 0.539273 0.978829  0.141319  0.534054 0.0118246  0.000439806 -0.000264841 -6.13888e-05 -0.00485997 -0.00367299 0.000104159 0.984266        0        0
             14.2005 0.0676789  -11.6488  -8.72927 0.251917 0.599185 0.968745   0.144831   0.474359 -0.0347104   0.00042089 -0.000253632 -6.56471e-05 -0.00505029 -0.00398615 0.000386847 0.989482        0        0
             14.2005 -0.0718867   -11.5174   -8.74466 0.251318 0.601744 0.972242   0.141269   0.491566 -0.0157801  0.000448033 -0.000276438 -6.34907e-05 -0.00502954 -0.00407453 0.000260912 0.989455        0        0
             14.3003 0.108745 -10.6196 -6.63229 0.275367 0.659451 0.971913    0.130223    0.422838 -0.00268663  0.000442555 -0.000295315 -8.17588e-05 -0.00530581 -0.00446294 0.000283069 1.00228       0       0
             14.3003 0.0637281  -10.7223  -6.66576 0.272371 0.654194 0.978973  0.112485  0.388596 0.0370116  0.000448801 -0.000276481 -7.51269e-05  -0.0052953 -0.00423683 2.68308e-05 1.00224       0       0
             14.4001 -0.68723 -10.7409 -4.99256 0.291628 0.692417 0.970385    0.102935    0.250038 -0.00828107  0.000450097 -0.000282975 -8.15894e-05 -0.00545946 -0.00445244 0.000338007 0.993347        0        0
             14.4001 -0.779369   -10.843   -5.0685 0.283158 0.686735 0.977485 0.0415133  0.215885 0.0303339  0.000464669 -0.000258788 -6.59836e-05 -0.00518897 -0.00419539 3.62149e-05 0.993395        0        0
                14.5 -1.67797 -10.2757 -4.65078 0.293258 0.711474  0.97808 0.00577704  0.0658377  0.0104283  0.000476351 -0.000272846 -7.06387e-05 -0.00536418 -0.00453325 0.000106172 0.999475        0        0
                14.5  -1.6718 -10.3257 -4.74864 0.285804 0.703968  0.98031 -0.0491532  0.0193272  0.0211066  0.000472227 -0.000258857  -5.0735e-05  -0.00509382  -0.00422412 -1.67804e-05 0.999508        0        0
             14.5998 -2.32448 -10.6121 -6.11864 0.275943 0.683005 0.985003 -0.132884 -0.231514 0.0349142  0.000444692 -0.000259414 -7.67461e-05  -0.00513227  -0.00392952 -7.14603e-05 1.01519       0       0
             14.5998 -2.46458 -10.6402 -6.35407 0.272975 0.684005 0.985497 -0.157141 -0.222935 0.0365292  0.000478794 -0.000253339 -3.37119e-05  -0.00499215  -0.00396013 -0.000107683 1.01519       0       0
             14.7001 -2.51933  -11.197  -9.5992 0.256797 0.658637 0.993473 -0.191625 -0.382977 0.0530469   0.00044428 -0.000278797 -5.51548e-05  -0.00504906  -0.00411792 -0.000197543 1.00606       0       0
             14.7001 -2.67483 -11.3229  -9.8256 0.256969 0.661678 0.989517 -0.194222 -0.361538 0.0294415 0.000482844 -0.00025822 -1.3944e-05  -0.00500234  -0.00424143 -5.82215e-05 1.00606       0       0
             14.7999 -3.14375 -10.9104 -13.9813 0.240186 0.615234 0.991601 -0.226587  -0.50136 0.0129483  0.000484546 -0.000262492 -3.05864e-05   -0.0051376   -0.0041693 -3.00858e-05 1.00011       0       0
             14.7999 -3.18849 -10.8089 -14.0988 0.243513 0.623615 0.986673  -0.206089  -0.445961 -0.0153845  0.000501965 -0.000285369 -1.11859e-05 -0.00517583 -0.00452338 0.000147422 1.00012       0       0
             14.8998 -3.68044 -10.6963 -18.1021 0.231549 0.581588 0.978539 -0.225133 -0.490451 -0.053015  0.000507711 -0.000280826 -2.23624e-05 -0.00545293 -0.00471063 0.000308105 0.972292        0        0
             14.8998  -3.7299  -10.591 -18.0927 0.234043 0.593257  0.98097 -0.210496 -0.413072 -0.040516  0.000526108 -0.000302171 -2.66653e-05   -0.005455 -0.00517807 0.000208166 0.972257        0        0
             15.0004 -3.25779 -10.3824 -22.6307 0.248826 0.574815 0.990984 -0.087313 -0.364444 0.0207961  0.000501578 -0.000285517 -6.14305e-05 -0.00638693  -0.0059539 2.16121e-06 0.945616        0        0
             15.0004 -3.52411 -10.0941 -22.8424 0.232424 0.569089 0.987209   -0.212429   -0.386457 -0.00984456  0.000549353 -0.000319941 -2.39752e-05 -0.00566245 -0.00559622 7.20756e-05 0.945705        0        0
             15.1002 -3.62023 -9.91916 -26.7081 0.257356 0.567789  0.97579 -0.0409158  -0.214192 -0.0307357  0.000613412 -0.000312688 -5.64752e-05 -0.00654117 -0.00669528   0.0003943 0.907607        0        0
             15.1002 -3.40812 -9.70723 -26.8647 0.231372 0.554915 0.975204  -0.22778 -0.267917 -0.048409  0.000566457 -0.000318771 -2.51789e-05   -0.005596 -0.00599236 0.000361086 0.907472        0        0
             15.2001 -3.32179 -9.22124 -30.1674 0.228939 0.559931 0.976087    -0.1423 -0.0883301 -0.0159892  0.000544702 -0.000323451 -2.18561e-05 -0.00583841 -0.00671888 0.000231348 0.85828       0       0
             15.2001 -3.74932 -9.07905 -30.0271 0.201065 0.521269 0.983125    -0.3072  -0.310792 0.00959645  0.000571729 -0.000329956 -3.95514e-05 -0.00551893 -0.00509193 0.000107675 0.858276        0        0
             15.2999 -4.00768  -9.4793 -33.0295 0.197121 0.517206 0.996496  -0.195866 -0.0897859  0.0452456  0.000654767 -0.000334176 -4.44289e-05  -0.00602044  -0.00570983 -0.000160279 0.807439        0        0
             15.2999 -3.69958 -9.41579 -33.0448 0.170729 0.483043 0.987781  -0.368641  -0.285328 -0.0174037   0.00055855 -0.000326794 -3.61615e-05 -0.00561525 -0.00423121 0.000258444 0.807502        0        0
             15.4002 -3.78643 -9.88568 -34.6067  0.16604 0.490174   1.0059  -0.205016 -0.0263861  0.0468943  0.000646656  -0.00034089 -5.36507e-05  -0.00611378  -0.00506173 -0.000226287 0.783654        0        0
             15.4002 -3.44451  -9.7667 -34.5715 0.138571 0.464848 0.989358  -0.399683  -0.161117 -0.0665205  0.000547822 -0.000338666 -5.84941e-05 -0.00543056 -0.00378883 0.000473842 0.783698        0        0
                15.5 -2.88803 -9.40994 -34.2787 0.156614 0.517266 0.985021  -0.139597   0.192676 -0.0534881  0.000564082 -0.000329031 -0.000100459 -0.00581563 -0.00563549 0.000269117 0.779705        0        0
                15.5 -2.87952 -9.23051 -34.4463 0.118954  0.47411 0.982505   -0.39885 -0.0892937 -0.0957431  0.000488772 -0.000343256 -6.64663e-05 -0.00545741 -0.00336625 0.000637558 0.779811        0        0
             15.5998 -2.03918   -9.304 -32.4892  0.12212 0.525252 0.978528  -0.202272   0.241503 -0.0598318  0.000501463 -0.000330668 -0.000100949 -0.00556603 -0.00499902 0.000343658 0.771561        0        0
             15.5998 -2.17582  -9.2602 -32.5302 0.0904486  0.481332  0.975477  -0.401798 -0.0494982 -0.0866865  0.000452597 -0.000338182 -8.51013e-05 -0.00558117 -0.00291199  0.00064465 0.771745        0        0
             15.6998 -1.82814 -9.52136 -29.0643 0.0663028  0.495099  0.946401  -0.33774  0.107839 -0.161312  0.000546344 -0.000334316 -0.000108995 -0.00560653 -0.00337612  0.00109004 0.78454       0       0
             15.6998 -1.48046  -9.5806 -29.0169 0.0460256  0.469564  0.958701   -0.46252 -0.0719354 -0.0923271  0.000437744 -0.000328053  -0.00011182  -0.0056765 -0.00208333 0.000739061 0.784536        0        0
             15.8004 -0.145594  -10.3401  -25.2182 0.0110119  0.480952  0.948763  -0.428779  0.0448502 -0.0569861  0.000482391 -0.000336885 -0.000124845 -0.00565519 -0.00256331 0.000783899 0.803816        0        0
             15.8004 0.116532 -10.5119 -25.2859 -0.00595042    0.461284    0.958684   -0.531427  -0.0842174 -0.00213676  0.000403614 -0.000309087 -0.000109374 -0.00561549 -0.00159741 0.000474003 0.803773        0        0
             15.9003 0.888996 -10.2839 -20.6328 -0.0695699   0.445962   0.957923   -0.587471  -0.0881719 -0.00676462  0.000414581 -0.000322718  -0.00010643 -0.00551504 -0.00131486  0.00049919 0.851737        0        0
             15.9003  1.00918 -10.3307 -20.4966 -0.0641869   0.452345   0.964977  -0.548324 -0.0525989  0.0375336  0.000399791 -0.000318272  -0.00013163 -0.00565801 -0.00160244 0.000246236 0.85176       0       0
             16.0001 0.942585   -9.795 -16.4859 -0.0924773   0.477115   0.964821 -0.474929 0.0320006 0.0255184  0.000404612 -0.000314189 -0.000146671 -0.00585434 -0.00250842 0.000328988 0.90112       0       0
             16.0001 0.688006 -9.74155 -16.6138 -0.093633  0.479413  0.968623 -0.483729 0.0497219 0.0468189  0.000459976  -0.00031941 -0.000122731 -0.00578873 -0.00257127 0.000186235 0.901098        0        0
             16.0999  0.26273 -9.21792 -12.9323 -0.128346  0.492589  0.964718 -0.478608 0.0243622 0.0322125  0.000458641 -0.000310265 -0.000146559 -0.00600824  -0.0029513  0.00043284 0.94812       0       0
             16.0999 0.297425 -9.21701 -13.0744 -0.134169  0.495034  0.968296 -0.525528 0.0453461 0.0485858    0.0004547 -0.000307505 -0.000119372 -0.00571527 -0.00298826 0.000277572 0.948091        0        0
             16.2001 0.0208572   -9.3078  -10.1406 -0.191754   0.48545  0.961384  -0.602088 -0.0702451  0.0144816  0.000423668  -0.00029635 -0.000130141 -0.00571673  -0.0027588 0.000552973 0.975948        0        0
             16.2001 -0.0990837   -9.32756   -10.2373 -0.190834  0.492169   0.96631  -0.598026 -0.0244939  0.0432128  0.000450527 -0.000290596 -0.000112169 -0.00569788 -0.00303917 0.000366483 0.975923        0        0
                16.3 -0.473788  -10.2699  -7.94633 -0.254407  0.476026  0.983079 -0.621086 -0.117546 0.0880884  0.000459742 -0.000308194 -0.000129537 -0.00579959 -0.00276144 7.23907e-05 0.987545        0        0
                16.3 -0.425491  -10.4399   -8.0822 -0.243662  0.494458  0.978042   -0.552194 0.000578379   0.0605187  0.000454874 -0.000272447 -0.000103753 -0.00604298 -0.00358851 0.000308211 0.987638        0        0
             16.3998 -0.894243   -11.909  -5.51495 -0.302058  0.476879  0.975878  -0.553293 -0.0406517  0.0362362  0.000464753 -0.000269462  -0.00010719 -0.00603935 -0.00309838 0.000542006 0.995162        0        0
             16.3998 -0.842002  -11.9555  -5.55526 -0.290707  0.502659  0.975226 -0.480784  0.137861  0.046803  0.000454601 -0.000256645 -9.83921e-05 -0.00632668 -0.00430155 0.000521888 0.995324        0        0
             16.5005 -1.62834  -13.482 -2.37245 -0.330912  0.524829  0.979381 -0.378968   0.23329  0.021694   0.00047791 -0.000280621 -9.79232e-05 -0.00642077 -0.00442411  0.00053339 1.00273       0       0
             16.5005 -1.41562 -13.6426 -2.41041 -0.325991   0.53911  0.978776 -0.350767  0.328022 0.0219182   0.00043469 -0.000247425 -8.88964e-05 -0.00653516  -0.0050601 0.000548139 1.00287       0       0
             16.6003  -2.16348   -12.908 -0.580797 -0.354436    0.5883  0.988845  -0.22241  0.444721 0.0182971   0.00043334 -0.000273196 -7.98504e-05 -0.00653731 -0.00541728 0.000265295 1.01522       0       0
             16.6003  -2.16257   -12.902 -0.680839 -0.354387  0.580486  0.983361  -0.220783   0.395459 -0.0113305  0.000438584 -0.000275807 -6.17994e-05 -0.00652918 -0.00510137 0.000475714 1.01524       0       0
             16.7002 -2.55723 -11.2928 0.416737 -0.375498  0.630444  0.984562   -0.142028     0.49779 -0.00864609  0.000414745 -0.000280044  -5.0749e-05 -0.00639914 -0.00527033 0.000381503 0.986783        0        0
             16.7002 -2.71855 -11.2923  0.43525 -0.374558  0.611769  0.976586  -0.129098    0.37707 -0.0538317  0.000442351 -0.000282851 -5.28934e-05 -0.00643466 -0.00449115  0.00072883 0.986519        0        0
             16.8001 -3.23871 -11.2341  1.15424 -0.382243  0.651553   0.94864 -0.0476951   0.429459  -0.140793  0.000431298 -0.000262087 -4.35662e-05 -0.00633388 -0.00449077  0.00126738 0.987611        0        0
             16.8001 -3.30672 -11.2478  1.20233 -0.385716  0.637122   0.96099 -0.0638526   0.337828 -0.0691629  0.000437483 -0.000259014 -5.00484e-05 -0.00634021 -0.00388104 0.000804785 0.987717        0        0
             16.8999 -4.05525 -11.1133 0.438938 -0.38521 0.673551 0.930844 0.00500412    0.40905   -0.14841  0.000420445 -0.000235334 -4.04503e-05 -0.00629046 -0.00387778  0.00139002 0.983705        0        0
             16.8999 -4.21151 -11.0362 0.376616 -0.387117  0.676373  0.948678 -0.00397112    0.431832  -0.0380579  0.000453678 -0.000249817  -3.0098e-05 -0.00638974 -0.00397963 0.000652396 0.98384       0       0
             17.0001  -4.30388  -11.4887 -0.589832 -0.386238  0.727729  0.943933  0.0202004   0.556039 -0.0185133  0.000428041 -0.000247119 -3.22063e-05 -0.00637872 -0.00404792 0.000701858 0.942888        0        0
             17.0001  -4.46164  -11.4956 -0.556616 -0.389461   0.72582   0.95846 0.000750408    0.545829   0.0691268  0.000456127 -0.000243881 -3.80352e-05 -0.00637458 -0.00394129 0.000110456 0.942838        0        0
                17.1 -4.51151 -12.4966 -2.47876 -0.390032  0.790901  0.965811 0.0409209  0.640155 0.0483961  0.000452755 -0.000243461 -1.81229e-05 -0.00629753 -0.00410098 6.36804e-05 0.926303        0        0
                17.1 -4.56474 -12.4831 -2.44568 -0.38849 0.793393 0.968798 0.0543478  0.656253   0.06644  0.000462526 -0.000246558 -2.48228e-05   -0.0064068  -0.00419502 -4.54258e-05 0.926306        0        0
             17.1998 -4.50315 -11.4799 -4.82698 -0.388761   0.87786  0.990584 0.0675811  0.754135  0.151182 0.000451196 -0.00026685 -5.7441e-06  -0.00625003  -0.00460264 -0.000458043 0.945952        0        0
             17.1998 -4.56742 -11.3546  -4.7326 -0.382724  0.871898  0.979501  0.112685  0.713902 0.0895805   0.00045625 -0.000293091 -2.48612e-05 -0.00645067 -0.00438244 3.08687e-05 0.945874        0        0
             17.3004 -4.05072 -11.3243 -6.25064 -0.363765   0.94078  0.966653    0.2299  0.699443 0.0416339  0.000470906 -0.000292533 -1.76485e-05 -0.00638568  -0.0043474 0.000637043 0.976922        0        0
             17.3004 -4.02721 -11.4292 -6.14059 -0.361547   0.93937  0.969236  0.248791  0.688492 0.0587099  0.000461145 -0.000272969 -3.66093e-05 -0.00653699 -0.00428008 0.000557922 0.976919        0        0
             17.4003 -4.00735 -10.5391 -7.72245 -0.327981   1.00704  0.969717  0.372129  0.647924 0.0255629  0.000466961 -0.000285465 -4.54975e-05  -0.0065793 -0.00431989 0.000688824 0.989191        0        0
             17.4003 -4.03621 -10.5073 -7.75029 -0.330991   1.00492  0.973136  0.350939   0.63521 0.0451205  0.000472082 -0.000289026 -3.98901e-05 -0.00648059 -0.00421349 0.000543442 0.989195        0        0
             17.5001 -3.44169 -10.5439 -9.16223 -0.28149  1.09001  0.96584   0.461199    0.70866 -0.0436409  0.000442363 -0.000312055 -5.36869e-05 -0.00664878 -0.00483121 0.000764671 0.993293        0        0
             17.5001 -3.64698 -10.7315 -9.19232 -0.287855   1.08225   0.97434  0.416575  0.657309 0.0051486  0.000477167 -0.000270811 -4.24743e-05 -0.00648463 -0.00443746  0.00043156 0.993261        0        0
                17.6 -3.00552 -11.7028   -10.35 -0.239825   1.15587  0.984193  0.528139  0.683686 0.0294273  0.000440389 -0.000286425 -5.46308e-05 -0.00655362 -0.00464898  0.00014822 0.968222        0        0
                17.6 -3.18669 -11.7591 -10.3652 -0.245944   1.14762  0.982506  0.481774  0.632262 0.0182595  0.000470021 -0.000271376 -4.83516e-05 -0.00630226 -0.00427388 0.000201198 0.968243        0        0
             17.6999 -2.41252 -12.3224 -11.7319 -0.18265  1.22256 0.979605  0.580087  0.699275 0.0519336  0.000495637  -0.00025403 -4.40948e-05 -0.00653886 -0.00460668  0.00041059 0.977833        0        0
             17.6999 -2.32516 -12.1457 -11.7163 -0.189117   1.21533  0.978142  0.533576  0.655848 0.0421831  0.000472431 -0.000282537 -4.67058e-05 -0.00627503 -0.00428612 0.000443344 0.977868        0        0
             17.8001 -1.59934 -12.2137 -12.6149 -0.137442    1.2825  0.990833 0.551653 0.684383 0.124072  0.000482306 -0.000285656 -3.58771e-05 -0.00621337 -0.00425118 0.000326277 0.985292        0        0
             17.8001 -1.52768 -12.1468 -12.5304 -0.141175   1.28139  0.991964 0.523501 0.678896  0.12881  0.000463932 -0.000293335 -5.13422e-05 -0.00605159 -0.00418127 0.000262482 0.985281        0        0
             17.8999 -1.11788 -11.1857 -13.2281 -0.0907941    1.36516    1.00188  0.45479 0.773768  0.12408  0.000431097 -0.000300679 -4.40847e-05 -0.00599714 -0.00453945  0.00031968 0.992988        0        0
             17.8999 -1.41995 -11.1801 -13.1472 -0.0851542    1.36144   0.998028 0.501262  0.74715 0.105905  0.000482586 -0.000310283 -5.93335e-05 -0.00628529 -0.00443359  0.00051085 0.992976        0        0
             17.9998 -1.31518 -11.6948 -13.2305 -0.0374723    1.43303    1.01108  0.51034 0.745227 0.112757  0.000462057 -0.000314938 -6.90022e-05 -0.00624386 -0.00432228  0.00045449 1.00015       0       0
             17.9998 -1.45462 -11.8132 -13.2673 -0.0344698    1.43515    1.01138 0.533974 0.760287 0.116196  0.000493419 -0.000295748 -6.20328e-05 -0.00637443 -0.00444274 0.000456351 1.00016       0       0
             18.1004 -0.991306  -12.0594   -13.819 0.0172156   1.51623   1.01645  0.529789  0.799629 0.0330735  0.000470956  -0.00029762 -5.55416e-05 -0.00624645 -0.00452559 0.000522822 0.993778        0        0
             18.1004 -1.11819 -12.0599 -13.7678 0.0194447    1.5135   1.01651  0.549634   0.77987 0.0352523  0.000490693 -0.000301049  -6.4626e-05  -0.0063989 -0.00442834  0.00054211 0.993779        0        0
             18.2003 -1.15748 -12.4257  -15.096 0.0588519   1.57841   1.02911  0.483233  0.740729 0.0159287  0.000486122 -0.000307583 -6.81543e-05 -0.00616046 -0.00397296 0.000195899 1.00468       0       0
             18.2003 -1.17688 -12.4792 -15.1996 0.0674978   1.58838   1.02172   0.544491   0.808524 -0.0240292  0.000506678 -0.000305051 -5.11363e-05 -0.00637497 -0.00448983 0.000502101 1.0047      0      0
             18.3001 -0.940441  -11.7408  -17.3459 0.125218  1.67784  1.02188     0.55424    0.841862 -0.00425958  0.000553533 -0.000318045 -3.85492e-05 -0.00642871 -0.00473138 0.000453256 0.994186        0        0
             18.3001 -0.744561  -11.6797  -17.3061 0.127554  1.68318  1.01667   0.566775   0.877045 -0.0337409  0.000521265 -0.000329729  -4.7443e-05 -0.00640364 -0.00498319 0.000643382 0.994225        0        0
             18.3999 -0.364236  -10.3274  -19.1034 0.188816  1.77071  1.03205  0.60644 0.844487 0.101039  0.000513494 -0.000348313  -7.5372e-05 -0.00659264 -0.00503207 0.000313171 0.985845        0        0
             18.3999 -0.421961  -10.3604  -19.2178 0.184915  1.77175  1.02044  0.565474  0.858778 0.0322499  0.000529762  -0.00033134 -5.38687e-05 -0.00623559 -0.00504368   0.0007004 0.985868        0        0
             18.4998 -0.81585 -10.4305 -20.0957 0.254777  1.87976  1.03747 0.667835 0.871287 0.112892  0.000509965 -0.000345456 -6.07737e-05 -0.00637718 -0.00576904 0.000449097 0.993067        0        0
             18.4998 -1.20272 -10.5399 -20.0279 0.249837  1.86633  1.03001  0.634298  0.785726 0.0698528   0.00055967 -0.000322609 -6.76953e-05  -0.0062976 -0.00518292 0.000727134 0.993158        0        0
             18.6005  -1.7207  -9.8284 -21.2836 0.327356  1.97167  1.05563  0.714061  0.841171 0.0846867  0.000566174 -0.000351074 -6.42176e-05 -0.00643459 -0.00597015 0.000245294 0.981397        0        0
             18.6005 -1.79352 -9.90455 -21.2656 0.322904  1.95197   1.0433  0.685767  0.708537 0.0130003   0.00055002 -0.000339955 -5.95874e-05 -0.00646785   -0.005138 0.000733832 0.98155       0       0
             18.7003 -0.976055   -11.529  -22.0138 0.394677   2.0246  1.03074  0.723453  0.699379 -0.135805  0.000500583 -0.000318642 -7.79249e-05 -0.00646752 -0.00523058 0.000902923 0.970329        0        0
             18.7003 -1.21776 -11.5734 -22.0649 0.383972   2.0077  1.02797 0.649618 0.589265 -0.15949  0.000521738 -0.000304045 -6.08255e-05 -0.00626739 -0.00441747  0.00103522 0.970446        0        0
             18.8002 -0.580118  -12.3496  -21.9785 0.477465  2.10156  1.01646  0.805015  0.714755 -0.119296  0.000537754 -0.000333232 -8.55523e-05 -0.00657923 -0.00547664 0.000916179 0.970477        0        0
             18.8002 -0.66386 -12.4004 -22.0279 0.462278  2.08088  1.01677  0.702187  0.582678 -0.125578  0.000535023 -0.000315246 -6.84916e-05 -0.00629605 -0.00445907 0.000921318 0.970431        0        0
                18.9 -0.265995  -12.3924  -21.3945 0.557869  2.16144 0.981668   0.78907  0.676019 -0.132197  0.000523398 -0.000299856 -7.30759e-05 -0.00655513 -0.00522138   0.0015737 0.982138        0        0
                18.9 -0.374642   -12.263  -21.3592 0.532565  2.14114 0.996794   0.620783   0.558087 -0.0577425  0.000529203 -0.000317923 -7.84611e-05 -0.00592457 -0.00405692 0.000944626 0.982091        0        0
             18.9998 0.454257 -11.2652 -21.0229 0.586867  2.19116 0.992989   0.575329   0.568478 -0.0245695  0.000517601 -0.000315986 -8.50908e-05 -0.00585159  -0.0038027 0.000941353 0.976852        0        0
             18.9998 0.467661 -11.2038 -21.0569 0.573734  2.18266  1.00487  0.48316 0.515201 0.038101  0.000504263 -0.000316711 -7.67259e-05 -0.00553646 -0.00325662 0.000442797 0.976906        0        0
             19.1005 -0.051064   -9.4774  -21.3422 0.621012  2.22791  1.00264  0.471993  0.509827 0.0183183  0.000520795 -0.000312138 -8.08271e-05 -0.00554754 -0.00305616 0.000602282 0.970329        0        0
             19.1005 -0.0580943   -9.38686   -21.3416 0.623112  2.23355  1.01603 0.494208 0.543817 0.093248  0.000528996 -0.000331883 -8.25246e-05  -0.0056869 -0.00330166 0.000129728 0.970305        0        0
             19.2003 -0.753248  -10.0875  -22.5063 0.674262  2.29605  1.02373  0.476904  0.602262 0.0559982    0.0005203 -0.000335349 -9.50966e-05 -0.00568992  -0.0034844   0.0001326 0.977869        0        0
             19.2003 -0.835228  -10.2717  -22.5927 0.680651  2.30146  1.02536   0.52432  0.634363 0.0682448  0.000544905 -0.000299859 -7.85246e-05 -0.00591979 -0.00378561    9.09e-05 0.977851        0        0
             19.3002 -0.858549  -10.6644  -24.3482 0.747742  2.38919  1.04304  0.548253  0.747286 0.0908284  0.000533016 -0.000299053 -8.52079e-05  -0.00620147  -0.00448426 -0.000181241 0.960973        0        0
             19.3002 -1.00331 -10.5731 -24.4195 0.751337  2.39376  1.03615  0.568842  0.778639 0.0533081   0.00056616 -0.000319242 -7.14934e-05 -0.00619488 -0.00472182 7.88337e-05 0.961052        0        0
                19.4 0.186967 -11.1047 -25.7194 0.809404  2.47005  1.04182  0.575573  0.775651 0.0826205  0.000541004 -0.000293003 -8.36958e-05 -0.00629794 -0.00469364 0.000120453 0.961064        0        0
                19.4 0.100566 -10.9423 -25.7485 0.81077 2.47857 1.03649  0.575127  0.834941 0.0510797  0.000559878 -0.000328239 -7.78302e-05 -0.00608327 -0.00505435 0.000301046 0.96109       0       0
             19.4998 0.310097 -9.69323 -26.9219 0.882403  2.57682  1.03226  0.681957  0.827185 0.0407218  0.000544649 -0.000335952 -8.47116e-05 -0.00604255 -0.00561935 0.000565975 0.961042        0        0
             19.4998 0.176696 -9.61952 -26.9752 0.884061  2.57434  1.03489  0.700533  0.807444 0.0577642  0.000573303 -0.000351669 -7.43708e-05 -0.00623122  -0.0055477 0.000479718 0.961041        0        0
             19.6005 -0.420333  -8.40345  -26.7276 0.953378  2.65085  1.04592  0.736089  0.722593 0.0888859   0.00057906 -0.000357396 -8.91478e-05 -0.00617018 -0.00549077 0.000361916 0.946311        0        0
             19.6005 -0.413011   -8.4113  -26.6893 0.950328  2.64465  1.04723  0.719529  0.682018 0.0966767  0.000575418 -0.000355682 -9.62216e-05 -0.00620463 -0.00519282 0.000310662 0.9463      0      0
             19.7004 -0.427592  -8.33431  -25.9264 1.04639 2.74161 1.05865  0.841361  0.778325 0.0652372  0.000573847 -0.000351383 -0.000117312 -0.00639799 -0.00616719  0.00025445 0.940117        0        0
             19.7004  -0.4377 -8.41851 -26.0393 1.03455 2.72069 1.05215  0.771111  0.650999 0.0295951   0.00057249 -0.000334274 -9.13325e-05 -0.00634016 -0.00517811  0.00049732 0.940115        0        0
             19.8002 -0.393991  -9.50108  -24.4064 1.13752 2.82164 1.07029  0.886312  0.769282 0.0424073  0.000593658  -0.00034933 -9.28811e-05 -0.00656367 -0.00629306 6.61942e-05 0.937871        0        0
             19.8002 -0.348378  -9.61524  -24.3397 1.11611 2.79383 1.05902   0.744461   0.599529 -0.0340761  0.000569074 -0.000324675 -0.000102421 -0.00616793 -0.00483154 0.000553996 0.937862        0        0
             19.9001 -0.176179  -10.9491  -22.3555 1.16548  2.8325 1.08297  0.64046 0.485104 0.072127  0.000567521 -0.000336647 -0.000122314  -0.00595018  -0.00412563 -0.000140829 0.950442        0        0
             19.9001 -0.137793  -11.0338  -22.4112 1.15998 2.82068 1.06069   0.586517   0.408906 -0.0582839  0.000554964 -0.000320542 -0.000110111 -0.00571475 -0.00351097 0.000752935 0.950434        0        0
             19.9999 -0.138649  -10.5542  -20.8667 1.21606 2.85525 1.09859 0.577401 0.341994 0.151056   0.00058028 -0.000339861 -0.000128257  -0.00592194  -0.00338936 -0.000268376 0.957255        0        0
             19.9999 0.0729522   -10.499  -20.9604 1.21071 2.84763 1.06551   0.517444   0.304113 -0.0384506  0.000533387 -0.000351012 -0.000107138 -0.00542675 -0.00301284  0.00101092 0.957407        0        0
             20.1001 0.219997 -8.96286 -20.1242 1.25408 2.88344 1.07151  0.392011  0.332381 0.0130823  0.000522773 -0.000360589  -0.00012154 -0.00533241 -0.00308852 0.000767385 0.963006        0        0
             20.1001 0.116183 -9.02433 -20.1981 1.25788 2.87862 1.05781   0.416936   0.302264 -0.0597191  0.000544145 -0.000351852 -0.000106891  -0.0054807 -0.00296006  0.00132503 0.963072        0        0
                20.2 -0.447875  -9.33015  -20.9435 1.32934 2.94066 1.02892  0.441547  0.373319 -0.150963  0.000522643 -0.000304246  -8.7378e-05 -0.00594103 -0.00417417  0.00196264 0.96786       0       0
                20.2 -0.690899  -9.29052  -20.9469 1.32727 2.94064 1.03761  0.430624  0.372399 -0.104088  0.000571796 -0.000311996  -8.6512e-05 -0.00592856 -0.00412718  0.00162337 0.967855        0        0
             20.2998 -1.39617 -9.50441 -23.4966 1.37033 2.99077 1.02107   0.31569  0.388246 -0.169261  0.000529448 -0.000288984 -9.55702e-05 -0.00592918 -0.00460218  0.00172151 0.968535        0        0
             20.2998 -1.65236 -9.40494 -23.6715 1.36932 2.99367 1.03671    0.31687   0.404404 -0.0842147  0.000589155 -0.000311302 -6.04703e-05 -0.00598905 -0.00469075  0.00112399 0.968503        0        0
             20.4004 -1.37329 -9.40753 -27.6105 1.39264 3.03394 1.02008  0.161817  0.371916 -0.111956  0.000558187 -0.000291748 -5.46785e-05 -0.00593268 -0.00471269  0.00130579 0.964814        0        0
             20.4004 -1.55533 -9.28254 -27.6472 1.39039 3.03665 1.03798   0.155885   0.386846 -0.0142236  0.000596783 -0.000318686 -4.77691e-05 -0.00595811 -0.00477431  0.00061203 0.964783        0        0
             20.5002 -1.53478 -8.68907 -32.8555 1.41111 3.09247 1.06014 0.0949042  0.379739  0.111076   0.00062444  -0.00033368 -5.60726e-05  -0.0061216 -0.00540442 0.000100576 0.948434        0        0
             20.5002 -1.54634 -8.59689 -33.0095 1.40761 3.08812 1.06358 0.0746768  0.351941  0.129013  0.000627713 -0.000352226 -2.45576e-05  -0.00609586  -0.00517209 -2.82014e-05 0.948432        0        0
             20.6001 -1.69804 -7.88789 -38.1054 1.41941 3.13348 1.07862 0.0172558  0.335103  0.141036  0.000629521 -0.000350491 -3.38096e-05  -0.00615314  -0.00559547 -6.92285e-05 0.919751        0        0
             20.6001 -1.89598 -7.76908 -38.1136 1.42171 3.13207 1.07612 0.0362301  0.323584  0.129488   0.00066747 -0.000377995 -3.32397e-05 -0.00628434 -0.00559176 3.63792e-05 0.919764        0        0
                20.7 -2.24813 -7.08287 -42.4338 1.43402 3.18505  1.0972 -0.0151375    0.34556   0.141595   0.00067033 -0.000382729 -4.59804e-05  -0.00630314  -0.00632439 -0.000207506 0.912145        0        0
                20.7 -2.37901 -7.07892 -42.4191 1.43443  3.1736 1.07854 -0.00837838    0.269482    0.040344  0.000685864 -0.000387108 -4.86557e-05 -0.00653711 -0.00595893 0.000557851 0.912179        0        0
             20.7998 -2.40028 -7.11566 -46.5595 1.44196 3.21124 1.08875 -0.0594979   0.248902  0.0597912  0.000656236 -0.000389055 -4.34195e-05  -0.0066454 -0.00645568 0.000382654 0.907779        0        0
             20.7998 -2.58132 -7.09762 -46.5378 1.43078 3.19868  1.0757 -0.131791  0.175077 -0.016785  0.000676809 -0.000387316 -4.53056e-05 -0.00653069 -0.00576288 0.000929598 0.907915        0        0
             20.9005 -2.77058 -7.66295 -49.9039 1.41092 3.20599 1.06638  -0.220578  0.0651333 -0.0462537  0.000669045 -0.000351645 -5.26949e-05 -0.00656779 -0.00561445   0.0011367 0.874589        0        0
             20.9005 -2.93842  -7.4833 -49.8333 1.40123 3.20305 1.06681   -0.28775  0.0535847 -0.0489637  0.000692629 -0.000379434 -6.61013e-05 -0.00629444 -0.00521583  0.00113532 0.874637        0        0
             21.0003 -2.75682 -7.74921 -52.5012 1.39511 3.24591 1.06577  -0.25705   0.18568 -0.057262  0.000713934 -0.000374535 -7.62868e-05 -0.00594355 -0.00645289 0.000915632 0.854475        0        0
             21.0003 -2.93042 -7.71128 -52.4815 1.38134 3.22469 1.06472  -0.341963  0.0176943 -0.0643762  0.000716991 -0.000389504 -7.84739e-05 -0.00644069 -0.00529228  0.00108006 0.854582        0        0
             21.1002 -2.01821  -8.1094 -53.8941 1.36224 3.23683  1.0671 -0.304269 0.0422076 -0.047191  0.000688082 -0.000384742 -7.48905e-05 -0.00657447 -0.00587275 0.000781279 0.819911        0        0
             21.1002 -1.77981 -7.94149 -53.8248 1.33588 3.21545 1.07471   -0.463636   -0.116242 -0.00498969  0.000600864 -0.000416581 -8.60221e-05 -0.00681178 -0.00436788 0.000581689 0.820067        0        0
                21.2 -1.44819 -8.06885 -54.4109 1.28538  3.1996 1.07417  -0.471363  -0.158896 -0.0153106  0.000595232  -0.00041709 -8.74746e-05 -0.00679574 -0.00423014   0.0005702 0.796968        0        0
                21.2 -1.64341 -8.09167 -54.3181 1.26844 3.18707 1.07067  -0.575557  -0.242849 -0.0393351  0.000605799 -0.000411772 -0.000102238 -0.00683593 -0.00332749 0.000778457 0.797183        0        0
             21.2999 -1.66428 -7.72975 -54.0389 1.22045  3.1801 1.06668  -0.527279  -0.169075 -0.0401097  0.000619498 -0.000409382 -0.000108907 -0.00650767 -0.00377608 0.000725763 0.780622        0        0
             21.2999 -1.79258 -7.74311 -53.9645 1.21218 3.17487 1.06329  -0.582798  -0.202357 -0.0641043  0.000630054 -0.000405238 -0.000121429 -0.00646512 -0.00334054 0.000899786 0.780673        0        0
             21.4001  -1.3697 -7.00761 -53.2978 1.16131  3.1666 1.05891  -0.510854   -0.12302 -0.0536857  0.000635778 -0.000391143 -0.000128265 -0.00626138 -0.00361561 0.000821313 0.770889        0        0
             21.4001 -1.31482 -6.96294 -53.2934 1.15656 3.15747 1.05863  -0.534968  -0.201262 -0.0526384  0.000612283 -0.000410464 -0.000127237 -0.00660623 -0.00319182 0.000872921 0.770927        0        0
                21.5 -0.744192  -6.34427  -53.0047 1.10762  3.1377   1.058  -0.448977  -0.161123 -0.0308683 0.000611138 -0.00040396 -0.00012677 -0.00671402 -0.00316631 0.000766447 0.776716        0        0
                21.5 -0.75952  -6.2954 -53.0077 1.11079 3.14336  1.0575  -0.432654  -0.112518 -0.0356744  0.000622539 -0.000407117 -0.000127991  -0.0065004 -0.00344096  0.00076582 0.776692        0        0
             21.5998 -0.00384457     -5.2743    -53.3222 1.07468 3.13915 1.05794  -0.343293 -0.0525872 -0.0167887  0.000613899  -0.00041232 -0.000128581 -0.00642285  -0.0035829 0.000654725 0.779017        0        0
             21.5998 -0.135852   -5.2848  -53.3628 1.07644 3.14384  1.0571  -0.336396 -0.0108866 -0.0241963  0.000647223 -0.000404327 -0.000121887 -0.00621391 -0.00377539 0.000679173 0.779024        0        0
             21.7005 0.788552 -5.10917 -54.6449 1.05481  3.1618  1.0595    -0.2803  0.0924067 -0.0105865  0.000637956 -0.000393512 -0.000129644 -0.00595097 -0.00429409 0.000507019 0.776267        0        0
             21.7005 0.701462 -5.15945 -54.7391 1.05409 3.15756  1.0566  -0.281222  0.0575624 -0.0266731  0.000656456 -0.000386449 -0.000107609 -0.00613753 -0.00414848 0.000639053 0.776245        0        0
             21.8003   1.4284 -5.59512 -57.2859 1.02618 3.16969 1.04998  -0.297949  0.0533304 -0.0226814  0.000668022 -0.000374954 -0.000115987 -0.00591105 -0.00429873 0.000753867 0.76858       0       0
             21.8003  1.38308 -5.59629  -57.401 1.02795 3.16454 1.05005  -0.277613 0.00331191  -0.018526  0.000678638 -0.000375885 -9.18423e-05 -0.00630283 -0.00422076 0.000754912 0.768586        0        0
             21.9002   1.5318 -5.20369 -59.4562 1.00884 3.18413 1.03655  -0.260111  0.0418617 -0.0543341  0.000730014 -0.000375575 -0.000103556 -0.00569829 -0.00479094  0.00109755 0.768362        0        0
             21.9002   1.6163 -5.10665 -59.4611 0.99738   3.164 1.04294   -0.312701   -0.133962 -0.00653913  0.000703216 -0.000399405 -0.000102817 -0.00659416 -0.00382475 0.000806333 0.768387        0        0
                  22 0.822301 -5.41341 -61.0183 0.974271  3.17977   1.0364   -0.34606 -0.0418345 -0.0430443  0.000723766 -0.000385152 -0.000118696 -0.00580523 -0.00456581 0.000931542 0.745704        0        0
                  22 0.825356 -5.39162 -61.0712 0.967403  3.15982  1.04433 -0.369072 -0.227247 0.0175019  0.000704286 -0.000422928 -0.000107358 -0.00681748 -0.00383112 0.000578839 0.745763        0        0
             22.0999 0.679406 -6.55641 -62.2141 0.934761  3.14362   1.0435  -0.404592  -0.283196 -0.0080665   0.00071353 -0.000413946 -0.000110773 -0.00659838 -0.00417076 0.000622813 0.734914        0        0
             22.0999 0.666004 -6.57636 -62.1889 0.918908  3.13147  1.04666 -0.506118  -0.38347 0.0126601  0.000686455 -0.000417821 -0.000112731 -0.00688418 -0.00326909 0.000481308 0.734901        0        0
             22.2001   0.9998 -6.75027 -62.8479 0.861401  3.09327  1.05021  -0.576178  -0.469042 0.00759976  0.000682414 -0.000421525 -0.000116887 -0.00665004 -0.00324771 0.000381627 0.719812        0        0
             22.2001  1.06417 -6.72479 -62.8328 0.848503  3.08652  1.04532  -0.665517   -0.51672 -0.0261736   0.00064455 -0.000426032 -0.000116035 -0.00664985 -0.00257785  0.00059558 0.719898        0        0
                22.3 0.851868 -6.88678 -63.2757 0.789089  3.04886  1.04676   -0.677342   -0.517787 -0.00151872  0.000660955 -0.000429183 -0.000119033 -0.00623837 -0.00304037 0.000471042 0.709367        0        0
                22.3 0.744243 -6.95789 -63.2544 0.785221  3.04862  1.04238  -0.707475  -0.512659 -0.0323228  0.000677885 -0.000410634 -0.000122282 -0.00610004  -0.0028631 0.000665098 0.709367        0        0
             22.3998 0.361884 -7.07552  -63.283 0.730619  3.01774   1.0425 -0.638629 -0.470204 0.0131842  0.000700512 -0.000397337 -0.000130885 -0.00559265 -0.00355809 0.000607103 0.700237        0        0
             22.3998 0.365464 -7.05302 -63.2855 0.725093  3.00798  1.03889   -0.673141   -0.558983 -0.00769223  0.000690958 -0.000406888 -0.000128927 -0.00605883  -0.0030703 0.000800154 0.700197        0        0
             22.5004 0.530546 -5.68888 -63.5213 0.682776  2.98161  1.04277  -0.53856  -0.43805 0.0178309 0.000702138 -0.00040097 -0.00013657 -0.00533946 -0.00411876 0.000655948 0.703211        0        0
             22.5004 0.528399 -5.60635 -63.5443 0.669348  2.96146  1.04047  -0.626096  -0.626604 0.00801211  0.000696412 -0.000421445 -0.000129291 -0.00631377 -0.00296813  0.00082831 0.703128        0        0
             22.6003 -0.16413 -4.83435 -64.6078 0.616913  2.90634  1.03972   -0.522645   -0.586419 -0.00174071  0.000698287 -0.000419416 -0.000130869 -0.00615529 -0.00324567 0.000839436 0.696292        0        0
             22.6003 -0.267531  -4.87795  -64.6502 0.606052  2.89725  1.04223 -0.594643 -0.669074 0.0161064   0.00071794 -0.000412411  -0.00012019 -0.00650512 -0.00251342 0.000733544 0.696271        0        0
             22.7002 -0.805893  -5.31753   -65.849 0.548671  2.83133  1.04002 -0.531035 -0.657918 0.0108105  0.000729468 -0.000404123 -0.000122422 -0.00645886 -0.00247003 0.000864922 0.697516        0        0
             22.7002 -0.796071  -5.34975  -65.8477 0.546103  2.83473  1.04073 -0.552708 -0.622405 0.0127269  0.000727485 -0.000395379 -0.000123008 -0.00616223 -0.00242685 0.000825148 0.697541        0        0
                22.8 -1.31598  -6.9747 -66.5769 0.50153 2.79851 1.04272  -0.475233  -0.517741 -0.0331407  0.000711602 -0.000385831 -0.000138365 -0.00536886 -0.00298929 0.000712235 0.684059        0        0
                22.8  -1.3906 -7.02173 -66.6179 0.499282  2.78976  1.04275  -0.483381  -0.602176 -0.0285241  0.000726877 -0.000378406 -0.000128562 -0.00592395 -0.00269944 0.000731764 0.684059        0        0
             22.8999 -1.80084 -7.65569 -67.4755 0.459918  2.74101  1.03774  -0.426695   -0.57947 -0.0826933  0.000725485  -0.00037671 -0.000132792 -0.00557257 -0.00306048 0.000671004 0.663442        0        0
             22.8999 -1.83238  -7.5617 -67.4967 0.454676  2.73209  1.03745   -0.45703  -0.663668 -0.0817728  0.000728923 -0.000402199 -0.000128423 -0.00607527 -0.00262296 0.000730828 0.663479        0        0
             23.0001 -2.05551 -7.71903 -68.5137 0.415893  2.68483   1.0258 -0.436893 -0.604218 -0.101102   0.00073412 -0.000385822 -0.000140279 -0.00538083 -0.00306799 0.000728533 0.662613        0        0
             23.0001 -2.05169 -7.62274 -68.5726 0.410755  2.67222  1.02571 -0.464481 -0.725873  -0.09633  0.000727939 -0.000417178  -0.00012791 -0.00614513 -0.00256695 0.000808884 0.662602        0        0
             23.0999 -2.40636 -7.11669 -69.7665 0.358743  2.58931   1.0162  -0.511768   -0.79739 -0.0386437  0.000743979 -0.000407946   -0.0001264 -0.00637316 -0.00233423 0.000947001 0.662743        0        0
             23.0999 -2.32689  -6.9987 -69.7612 0.355145  2.59107   1.0203  -0.538419  -0.780397 -0.0129042  0.000725044 -0.000430234 -0.000127954 -0.00621049 -0.00218663 0.000735407 0.662747        0        0
             23.1998 -2.37502 -6.10826 -70.5054 0.31184 2.53482 1.02095  -0.523039  -0.663533 -0.0172612   0.00071157 -0.000416479 -0.000134872 -0.00565126 -0.00277033 0.000592442 0.650927        0        0
             23.1998 -2.48184 -6.06063 -70.4843 0.302073  2.52991   1.0195  -0.593293  -0.704764 -0.0281459   0.00072627 -0.000427538 -0.000138428 -0.00576292 -0.00218726 0.000709333 0.650941        0        0
             23.3004 -1.88896 -5.15564 -71.1654 0.247083  2.47565  1.01386  -0.593953  -0.644848 -0.0484995  0.000716422  -0.00040532 -0.000148497 -0.00518766 -0.00252336 0.000709477 0.651373        0        0
             23.3004 -1.88302 -5.07489 -71.1923 0.242669  2.46813   1.0143  -0.621996  -0.718366 -0.0424414  0.000711125 -0.000427635 -0.000142965 -0.00564249 -0.00216877 0.000726811 0.651376        0        0
             23.4003 -0.737723   -4.4903  -70.9384 0.186501  2.41048  1.01377  -0.632197  -0.659989 -0.0524388  0.000694506 -0.000424237 -0.000148485 -0.00521942 -0.00254558 0.000538119 0.654583        0        0
             23.4003 -0.851199  -4.52737  -70.8888 0.17944 2.39762 1.01148  -0.678601  -0.783411 -0.0630095  0.000709883 -0.000426969 -0.000159136 -0.00598472 -0.00196105 0.000706366 0.654552        0        0
             23.5001 -1.06998 -4.83881 -70.1536 0.116983  2.33572  1.00543  -0.676519  -0.680661 -0.0837005   0.00071043 -0.000413661 -0.000164777 -0.00551751 -0.00230329 0.000601374 0.64899       0       0
             23.5001 -1.18933 -4.86616 -70.1468 0.106274  2.32449  1.00242 -0.753729 -0.787257 -0.101436  0.000722642 -0.000418918  -0.00016591 -0.00609905 -0.00153277 0.000796826 0.649051        0        0
             23.5999 -1.34671 -4.52055 -68.6297 0.0436784   2.26008   1.00234 -0.682128  -0.72652  0.013029  0.000723228 -0.000414093 -0.000168523 -0.00575328 -0.00201463 0.000572673 0.640525        0        0
             23.5999 -1.34349 -4.50379 -68.5956 0.0332045   2.25369  0.995373  -0.765113  -0.782877 -0.0362387  0.000707727 -0.000422889 -0.000174997 -0.00593774 -0.00132474  0.00096562 0.64062       0       0
             23.6998 -1.26081 -3.26571 -67.5209 -0.041174   2.17962  0.999444 -0.715223 -0.754031 0.0385228  0.000691091 -0.000415452 -0.000177821 -0.00577597  -0.0013697 0.000842848 0.638873        0        0
             23.6998 -1.36685 -3.19058 -67.5552 -0.0429786    2.17972    0.99879 -0.729062 -0.751916 0.0332908  0.000712213 -0.000430618 -0.000170836 -0.00572345  -0.0012742 0.000879337 0.638879        0        0
             23.8005 -1.48246 -3.12568 -67.0556 -0.110284    2.1144   1.00046  -0.630489  -0.702221 0.00767784  0.000706724 -0.000418649 -0.000176551 -0.00540358 -0.00141652 0.000888938 0.637317        0        0
             23.8005 -1.50768 -3.21023 -67.0991 -0.109797   2.11455   1.00122 -0.626544  -0.70102 0.0130671  0.000713033 -0.000401044  -0.00016694 -0.00541202 -0.00144451 0.000848834 0.63732       0       0
             23.9003 -1.63285 -2.82235 -67.0823 -0.161037   2.05384   1.00296   -0.54395  -0.679243 -0.0256846  0.000701997 -0.000387067 -0.000171325 -0.00514031 -0.00181905 0.000754901 0.64515       0       0
             23.9003 -1.77891 -2.77564 -67.1177 -0.162315   2.04988   1.00121   -0.55115   -0.71784 -0.0363992  0.000730165 -0.000402834 -0.000163475 -0.00537719 -0.00166648 0.000850545 0.645167        0        0
             24.0002 -2.05928 -3.81492  -67.216 -0.203822   1.99283   1.00586  -0.487135  -0.664725 -0.0657188  0.000678938 -0.000378998 -0.000172168 -0.00503874 -0.00224195 0.000449326 0.654899        0        0
             24.0002 -2.36061 -3.82979 -67.2574 -0.212328   1.98314  0.999434  -0.54785 -0.752643 -0.107859  0.000730486 -0.000386671 -0.000161104 -0.00547607 -0.00159005 0.000804479 0.654924        0        0
                24.1 -2.66405 -4.67038 -67.0402 -0.253899   1.92482  0.993188 -0.477165 -0.694155  -0.11383  0.000702343 -0.000365464 -0.000168834 -0.00500356  -0.0021577 0.000567559 0.662873        0        0
                24.1 -2.85227 -4.60542  -67.057 -0.266464   1.91096  0.985732   -0.5691 -0.823087  -0.16304  0.000715617 -0.000397905 -0.000164643 -0.00562579 -0.00120018  0.00100776 0.663008        0        0
             24.1999 -2.40578  -3.9804 -67.1621 -0.320882   1.83088  0.976006 -0.570917 -0.831989 -0.079572  0.000690617 -0.000380524 -0.000167245 -0.00551387 -0.00132025 0.000886201 0.666184        0        0
             24.1999 -2.53102 -3.81767 -67.1712 -0.328985   1.82805  0.972418 -0.634204 -0.853781 -0.106226  0.000703353 -0.000414352  -0.00016584  -0.00547839 -0.000839811   0.00110072 0.666159        0        0
             24.3001 -1.93019 -2.63561 -66.7726 -0.390477    1.7548  0.965189  -0.681632  -0.790533 -0.0683712  0.000697822 -0.000391001 -0.000171535 -0.00515612 -0.00114833  0.00103452 0.652504        0        0
             24.3001 -1.98065 -2.55715 -66.7807 -0.395703   1.74792  0.964441  -0.718229  -0.856244 -0.0711682  0.000696315 -0.000417354 -0.000170508  -0.00549673 -0.000738248   0.00109695 0.652555        0        0
             24.3999 -1.18307 -1.76041 -67.0777 -0.462941   1.66784  0.961892  -0.718546  -0.829472 -0.0581737  0.000678863  -0.00040522 -0.000173228  -0.00539151 -0.000977864  0.000940272 0.644494        0        0
             24.3999 -1.27289 -1.72828 -67.1073 -0.469532   1.66541   0.96548  -0.768365  -0.851669 -0.0331858  0.000686953 -0.000412699 -0.000166396  -0.00542197 -0.000576898  0.000773439 0.644465        0        0
             24.4998 -0.448368  -1.87852  -66.4664 -0.54475  1.59136 0.957965  -0.776937  -0.773752 -0.0782529  0.000685519 -0.000394913    -0.000171 -0.00511593 -0.00076392 0.000838468 0.639316        0        0
             24.4998 -0.50152 -1.89924 -66.4365 -0.545189   1.58882  0.963514  -0.776764  -0.802014 -0.0376634  0.000694922 -0.000395429 -0.000177649   -0.005318 -0.00068151 0.000549308 0.639303        0        0
             24.6004 -0.337856  -2.42707  -65.1831 -0.625082   1.51779  0.965789    -0.77128   -0.730966 -0.00459332  0.000682838  -0.00039315 -0.000182841  -0.00503359 -0.000711596  0.000354904 0.647812        0        0
             24.6004 -0.474174  -2.48957  -65.1716 -0.621778   1.51596  0.958524 -0.744512  -0.74777 -0.054901  0.000710405 -0.000382868 -0.000184944  -0.00520043 -0.000841078  0.000713201 0.647837        0        0
             24.7003 -0.659528  -2.32231  -63.4935 -0.688158   1.45226  0.957639 -0.661788 -0.704596 0.0123753  0.000713284 -0.000377295 -0.000187833 -0.00492774 -0.00108637 0.000663998 0.647941        0        0
             24.7003 -0.685539  -2.29014  -63.4716 -0.689961   1.44872  0.952144  -0.675799  -0.736692 -0.0258002  0.000715508  -0.00038786 -0.000192123  -0.0050837 -0.00091708  0.00093734 0.647947        0        0
             24.8001 -1.61425 -1.44264 -62.7965 -0.749425   1.37828  0.953563 -0.575282 -0.710083 0.0332724  0.000708762 -0.000379375  -0.00019352 -0.00503773 -0.00106971 0.000913382 0.651267        0        0
             24.8001 -1.72983 -1.35408  -62.866 -0.757902   1.37204  0.957406 -0.637025 -0.768175 0.0613176  0.000715197 -0.000406014 -0.000177779  -0.00523535 -0.000515559  0.000730593 0.651312        0        0
                24.9 -1.62089 -1.74377 -62.6038 -0.806236   1.31163  0.972018 -0.486115  -0.67906 0.0962952  0.000699412 -0.000398206 -0.000185244 -0.00490358 -0.00096799 0.000499468 0.657185        0        0
                24.9 -1.69464 -1.86941 -62.6605 -0.814218   1.30399  0.968592  -0.54365  -0.74566 0.0739415  0.000695025 -0.000382657 -0.000170384  -0.00515863 -0.000412977  0.000678654 0.657282        0        0
             24.9998 -1.99715 -2.94792 -62.6319 -0.864013   1.23355  0.973714  -0.475329  -0.730807 0.00510342   0.00069863 -0.000382184 -0.000172851  -0.00502771 -0.000489034  0.000643921 0.648698        0        0
             24.9998 -2.00852 -3.02217 -62.6557 -0.869013   1.22987  0.969517  -0.514779  -0.760556 -0.0244264  0.000690064 -0.000369674 -0.000166565  -0.00509672 -0.000155418  0.000869284 0.648758        0        0
             25.1001 -2.40416 -4.01504 -62.9364 -0.918557   1.15359  0.956947 -0.487378 -0.761696 -0.108497  0.000697869 -0.000349348 -0.000168504  -0.00509001 -0.000183342    0.0010713 0.652325        0        0
             25.1001 -2.38135 -3.89232 -62.9793 -0.919973   1.15617  0.960406 -0.499676 -0.737366 -0.086068  0.000692734  -0.00037259 -0.000160043  -0.00489486 -0.000173604  0.000900317 0.652328        0        0
             25.1999 -1.47634 -3.92126 -63.2648 -0.966072   1.10094   0.94946  -0.481631  -0.618849 -0.0768576  0.000702854 -0.000351747 -0.000171633  -0.00436966 -0.000484072  0.000961523 0.656259        0        0
             25.1999 -1.37157 -3.81689 -63.2905 -0.967722   1.09367  0.952753 -0.487038 -0.692904 -0.050669   0.00067794 -0.000374731 -0.000166988  -0.00487305 -0.000213007   0.00080662 0.656233        0        0
             25.3002 -0.290691  -3.39619  -62.5472  -1.0173  1.02188 0.951571    -0.525907    -0.691998 -0.000728264  0.000670772 -0.000376072 -0.000163627  -0.00504701 -0.000190122  0.000763676 0.648125        0        0
             25.3002 -0.393574  -3.39558  -62.4992 -1.01584  1.02286 0.952501  -0.513991  -0.683912 0.00582794  0.000693204 -0.000375877 -0.000174325  -0.00503224 -0.000290317  0.000708778 0.648127        0        0
                25.4 -0.301238  -3.16974  -62.4866 -1.06496 0.957421 0.957598 -0.550138 -0.674821 0.0297217  0.000692398 -0.000385011 -0.000173359  -0.00499299 -0.000481555  0.000589295 0.637595        0        0
                25.4 -0.386447  -3.22216  -62.5325 -1.07148  0.95748 0.955753 -0.604033 -0.666252 0.0144958  0.000711649 -0.000373164 -0.000162673  -0.00475763 -0.000132752  0.000699879 0.637574        0        0
             25.4998 0.180316 -3.91022 -61.9865 -1.14227 0.888444  0.95433  -0.743628  -0.678023 -0.0560852  0.000713841 -0.000378203 -0.000163557 -0.00477263 6.09629e-05 0.000697934 0.626422        0        0
             25.4998 0.260331 -3.99975 -61.9583 -1.14306 0.890813 0.954151  -0.752857  -0.653349 -0.0589403  0.000695244 -0.000357787 -0.000169871 -0.00457502 3.85906e-05 0.000708102 0.626413        0        0
             25.6001 0.620286 -4.54141 -61.0034 -1.21991  0.82463 0.945085  -0.815007  -0.676598 -0.0923987  0.000697564 -0.000363394 -0.000166917 -0.00462092 -6.3716e-05 0.000734661 0.620847        0        0
             25.6001 0.544325 -4.52037 -60.9719 -1.22396 0.825718  0.94527  -0.847223  -0.661978 -0.0928234  0.000713711  -0.00036826 -0.000173931 -0.00441043 0.000114958 0.000723477 0.620851        0        0
                25.7 0.0610299  -4.13827  -59.8883 -1.30872 0.756775 0.938458   -0.81892  -0.668946 -0.0181101  0.000728912  -0.00037346 -0.000172008 -0.00448809 0.000201629 0.000764194 0.631693        0        0
                25.7 0.0912909  -4.13221  -59.8709 -1.30878 0.757346 0.939528  -0.819746  -0.664015 -0.0108143  0.000721543 -0.000374946 -0.000176001 -0.00445452  0.00018794 0.000704293 0.631694        0        0
             25.7999 -1.05722 -2.54055 -58.1905 -1.38938 0.701719 0.930097   -0.77292  -0.616838 0.00175582  0.000788717 -0.000381381 -0.000184323 -0.00399065 6.37763e-05  0.00108406 0.636198        0        0
             25.7999 -0.765505  -2.54244   -58.163 -1.38638 0.694816 0.936941 -0.738964 -0.693462 0.0553805  0.000724241 -0.000385294 -0.000188678 -0.00466901 9.31247e-05 0.000700997 0.636232        0        0
             25.9001 -1.30206 -1.74939 -57.2277 -1.44582 0.642308 0.940361 -0.622274 -0.625894 0.0537579  0.000739257 -0.000379503 -0.000195017  -0.00424183 -0.000499696  0.000789115 0.630258        0        0
             25.9001 -1.28591 -1.79737 -57.2741 -1.45461 0.628977 0.947563 -0.675679 -0.751179  0.108112  0.000730951 -0.000377381 -0.000181668 -0.00489957 0.000337332 0.000397605 0.630226        0        0
                  26 -1.44293 -2.03355 -56.7773 -1.51708 0.548956 0.956588 -0.606888 -0.795265 0.0701518  0.000730535 -0.000372696 -0.000177639 -0.00505625 0.000354964 0.000413405 0.622881        0        0
                  26 -1.40066 -2.06703 -56.7852 -1.53127 0.542322 0.959311 -0.71415 -0.84597 0.088458  0.000711947 -0.000365881 -0.000173981 -0.00498212  0.00125632 0.000287801 0.622919        0        0
             26.0998 -1.69227 -3.26476 -56.9234 -1.60837 0.447034 0.956208  -0.711003  -0.922219 -0.0255228  0.000731627 -0.000354344  -0.00017225 -0.00512237  0.00162019 0.000549411 0.610077        0        0
             26.0998 -1.55168 -3.26825 -56.9659 -1.61278 0.455372  0.95527  -0.757545  -0.835377 -0.0377168   0.00070033 -0.000347362 -0.000162925  -0.0043629  0.00156837 0.000619318 0.610095        0        0
             26.2004 -1.97019 -4.17146 -57.6675 -1.68262  0.36498 0.953878   -0.71257  -0.882861 -0.0457526  0.000664345 -0.000341385 -0.000157326 -0.00465702  0.00152092 0.000467754 0.601778        0        0
             26.2004 -2.20634 -4.11216 -57.6712  -1.6808 0.377769 0.946191 -0.714847 -0.756086 -0.105812  0.000721538 -0.000348048 -0.000156534 -0.00378907  0.00103259 0.000878464 0.601774        0        0
             26.3003 -2.20468 -4.51407 -58.1503 -1.74615 0.306822 0.949292 -0.686886 -0.734006 0.0182056  0.00069532 -0.00035815 -0.00015532 -0.00376668 0.000797384 0.000528361 0.598183        0        0
             26.3003 -2.26541 -4.48839 -58.1284 -1.74255 0.308064 0.942589  -0.661491  -0.721875 -0.0285106  0.000711616 -0.000364245 -0.000160624 -0.00376407 0.000572405 0.000890555 0.598164        0        0
             26.4001 -1.54202 -3.86706 -58.1874 -1.80324 0.244884  0.94485 -0.671317 -0.690299 0.0371383  0.000707913 -0.000358883 -0.000163274 -0.00358296 0.000194239 0.000821155 0.586165        0        0
             26.4001 -1.58384 -3.81143 -58.1932  -1.8037  0.23469 0.940405 -0.664552 -0.786797 0.0108291  0.000709512  -0.00038772 -0.000163389 -0.00422418  0.00051163  0.00109195 0.586178        0        0
                26.5 -0.577049  -3.87335  -58.8453 -1.86705 0.165595 0.946196   -0.675534   -0.730926 -0.00113072   0.00068153 -0.000380539 -0.000167473 -0.00404024 0.000236539 0.000877112 0.587983        0        0
                26.5 -0.765026  -3.89491  -58.8706 -1.87074 0.157807 0.947309  -0.694898  -0.801989 0.00969789  0.000714769 -0.000383585 -0.000162265 -0.00443673 0.000643463 0.000833368 0.587984        0        0
             26.5998 0.0176064  -4.42631  -58.6391  -1.93083 0.0947334   0.94103   -0.66294  -0.729889 -0.0947637  0.000737997 -0.000373355 -0.000169379 -0.00402538 9.48517e-05 0.000888347 0.584754        0        0
             26.5998 0.158839 -4.44511 -58.6594  -1.93803 0.0856541  0.943775 -0.710079 -0.811676 -0.072628  0.000695504 -0.000374542 -0.000165053 -0.00440225 0.000705954 0.000752088 0.584809        0        0
             26.7001  0.21112 -5.21512 -58.0353   -1.9993 0.0231794  0.933351 -0.663449  -0.70977  -0.10155  0.000713909 -0.000369884 -0.000172686 -0.00396158 0.000133706 0.000754197 0.577433        0        0
             26.7001  0.12345 -5.22288 -58.0272  -2.01236 0.0107577  0.935015  -0.750382  -0.814619 -0.0864932  0.000718065 -0.000373813 -0.000174168 -0.00434363  0.00111248 0.000670047 0.577434        0        0
                26.8 0.494491 -5.42081 -56.4724  -2.08505 -0.065952  0.927884  -0.703607  -0.789837 -0.0189151  0.000751351 -0.000385231 -0.000174608 -0.00421935  0.00105386  0.00071143 0.571212        0        0
                26.8  0.68048 -5.46677  -56.417   -2.09789 -0.0766438   0.928208   -0.79258  -0.878446 -0.0144785    0.0006931 -0.000381238 -0.000186425 -0.00447102    0.001967  0.00069804 0.571206        0        0
             26.8998 0.408741 -5.15198  -55.481  -2.18195 -0.169344  0.920845   -0.753441   -0.940357 -0.00112298  0.000729005 -0.000380231 -0.000191807 -0.00434139   0.0022334 0.000986652 0.57013       0       0
             26.8998 0.555008 -5.16608 -55.5475  -2.18312 -0.173192  0.923845 -0.757172 -0.978063 0.0219453   0.00069489 -0.000382456 -0.000176508 -0.00458784   0.0023981 0.000827014 0.570153        0        0
             27.0005   1.0619 -3.83639 -55.4263  -2.25203 -0.267634  0.920835    -0.65142   -0.965446 -0.00829636  0.000728809 -0.000380607 -0.000179543 -0.00443673  0.00225863 0.000987235 0.577787        0        0
             27.0005  1.20609 -3.78374  -55.468  -2.25119 -0.263949  0.927822 -0.647414 -0.936427 0.0399256  0.000701413 -0.000386513 -0.000170857 -0.00429988  0.00210365 0.000600777 0.577763        0        0
             27.1003  1.30389 -4.16977 -55.6073  -2.29877 -0.338884  0.925558  -0.530921  -0.842178 -0.0532037  0.000737678 -0.000377247  -0.00017972 -0.00398231   0.0014457 0.000676111 0.57178       0       0
             27.1003  1.33685 -4.29583 -55.6491  -2.30358 -0.343055  0.928814  -0.564156  -0.876955 -0.0297466  0.000721242 -0.000351734  -0.00016937   -0.004085  0.00178844 0.000498777 0.571793        0        0
             27.2001 0.302245  -5.4206 -56.5149  -2.35928 -0.423037  0.914281 -0.551408 -0.842258 -0.124814  0.000770022 -0.000344473 -0.000177255 -0.00380604  0.00169128 0.000737582 0.572908        0        0
             27.2001 0.373984  -5.4505 -56.6145  -2.35794 -0.425881  0.915604 -0.536474 -0.871995 -0.113236  0.000755308 -0.000343564 -0.000155219 -0.00406022  0.00171133 0.000666572 0.572915        0        0
                27.3 -0.484034  -6.84188  -58.3617  -2.40174 -0.494482  0.901216   -0.48681  -0.779243 -0.0900339   0.00081591 -0.000337961 -0.000165684 -0.00365439  0.00114954 0.000788582 0.561593        0        0
                27.3 -0.222841  -6.83951  -58.4705  -2.40488 -0.502813  0.900496  -0.503639  -0.855817 -0.0921457  0.000750122 -0.000347693 -0.000141398 -0.00407002  0.00154155 0.000838679 0.561607        0        0
             27.3998 0.0523679  -5.99553  -59.1644  -2.45643 -0.585047  0.894132   -0.490411   -0.761827 -0.00922387   0.00077219 -0.000357113 -0.000140627 -0.00405919  0.00163086 0.000915092 0.561425        0        0
             27.3998 0.239978 -5.85027  -59.053  -2.46119 -0.588732  0.900152 -0.523102 -0.797142  0.033854  0.000718726 -0.000390849  -0.00016391 -0.00418486  0.00196001 0.000599084 0.561424        0        0
             27.5005 0.332259 -6.44749 -58.9864  -2.50489 -0.660032  0.903459  -0.43464 -0.710375  0.062861  0.000732274 -0.000379614 -0.000165996 -0.00410998  0.00170872 0.000659924 0.562751        0        0
             27.5005 0.293162 -6.50953 -58.9556  -2.51183 -0.662075  0.906171 -0.487058 -0.722998 0.0807786  0.000726071 -0.000361617 -0.000172013 -0.00401882  0.00209757  0.00051159 0.56272       0       0
             27.6003 0.192673 -7.20242 -57.6434  -2.56476 -0.737899  0.910065 -0.456631 -0.686932 0.0791668  0.000733425 -0.000363943 -0.000172558 -0.00405636  0.00242162 0.000674253 0.559413        0        0
             27.6003 0.272214 -7.21335 -57.5445  -2.56721 -0.734552  0.912019 -0.480115 -0.652957 0.0903173   0.00071265 -0.000349874  -0.00019451 -0.00377249  0.00244535  0.00055662 0.559411        0        0
             27.7002 0.734957 -9.54737 -55.4387  -2.61524 -0.792465  0.926753 -0.452443 -0.547817  0.182776  0.000712067   -0.0003541 -0.000196559 -0.00365761  0.00243638 0.000503152 0.54538       0       0
             27.7002 0.773186 -9.72261 -55.4401  -2.61402 -0.793905  0.923292 -0.443089 -0.560402  0.159103  0.000704487 -0.000320943 -0.000196499  -0.0037583   0.0024224 0.000693928 0.545393        0        0
             27.8001  0.76864 -11.8156 -52.1518  -2.65056 -0.837966  0.938621 -0.298935 -0.397212  0.191168  0.000724338 -0.000315327 -0.000201177 -0.00361349  0.00226589 0.000778944 0.537071        0        0
             27.8001  0.77974 -11.8245  -52.096 -2.65063 -0.84047 0.936081   -0.2976 -0.419101  0.174513  0.000717665 -0.000318734 -0.000212575 -0.00373426  0.00234392   0.0009246 0.537075        0        0
             27.8999 -0.279752  -11.2499  -48.0409 -2.67255 -0.87142 0.956364 -0.121586 -0.212875  0.159841  0.000705169 -0.000324466 -0.000213191 -0.00366013  0.00236843 0.000783313 0.532348        0        0
             27.8999 -0.364789  -11.1409  -48.0428 -2.67632 -0.88077  0.95353 -0.140215 -0.292573  0.143815  0.000712075 -0.000362158 -0.000208431 -0.00402608  0.00282747 0.000977807 0.53243       0       0
             28.0001 -1.64378 -12.1349 -43.4552  -2.69136 -0.903159   0.96644 -0.0610321  -0.109944  0.0847514  0.000715184 -0.000371455 -0.000209213 -0.00402499  0.00306578 0.000937525 0.53131       0       0
             28.0001 -1.50895 -12.3559 -43.4366   -2.6955 -0.905486  0.971433 -0.0907019  -0.128226   0.119033  0.000671962 -0.000319754 -0.000211466 -0.00405777  0.00331044 0.000680505 0.531294        0        0
                28.1 -1.70494 -11.9537 -38.6785  -2.71123 -0.921911  0.978172 -0.0517172 -0.0675733  0.0264151  0.000708766  -0.00033142 -0.000217761 -0.00404345  0.00377105 0.000704193 0.521797        0        0
                28.1 -1.45092 -11.9571 -38.7192  -2.70839 -0.916993  0.982664 -0.0330046 -0.0320975  0.0571501  0.000652165 -0.000331315 -0.000208358 -0.00399264  0.00345824 0.000435122 0.521807        0        0
             28.1998 -0.58777 -11.5762 -34.7896  -2.72255 -0.926173  0.990732 -0.0632896  0.0180727 0.00734165  0.000677325 -0.000349207 -0.000209151 -0.00403855  0.00399138 0.000259767 0.536484        0        0
             28.1998 -0.375532  -11.7098  -34.8343  -2.71378 -0.913807  0.985479 -0.0134016   0.111715 -0.0282809  0.000636536 -0.000315966 -0.000198996 -0.00378156  0.00314078 0.000475134 0.53651       0       0
             28.3004 0.128225  -11.545 -31.7253  -2.71784 -0.903334  0.978657 -0.0115611   0.161076 -0.0769882  0.000634463 -0.000316853 -0.000195116 -0.00378788  0.00331867 0.000534558 0.539455        0        0
             28.3004 0.0399598  -11.5838   -31.785   -2.7018 -0.883344  0.976632  0.0903409   0.301754 -0.0893675  0.000676433 -0.000299179 -0.000185505 -0.00373599  0.00199872   0.0005921 0.539411        0        0
             28.4003 -0.424887  -10.7487  -29.2569  -2.70751 -0.870709  0.967694  0.0426979   0.255827 -0.0937456   0.00068762 -0.000310364 -0.000195952 -0.00373757  0.00277223 0.000611913 0.535931        0        0
             28.4003 -0.408701  -10.7556  -29.3393  -2.69913 -0.860738  0.970799   0.107317   0.333798 -0.0722156  0.000694685 -0.000306339 -0.000178739 -0.00386009  0.00199956 0.000459522 0.536189        0        0
             28.5001 -0.965993   -9.2319  -27.6797 -2.69527 -0.83089 0.967891   0.054384   0.299508 -0.0798561  0.000726442 -0.000323721 -0.000180456 -0.00379284   0.0021938 0.000262019 0.551147        0        0
             28.5001 -0.752089  -9.29403   -27.756  -2.69086 -0.827614  0.967772   0.086112   0.317647 -0.0796283  0.000680855 -0.000309225 -0.000162527 -0.00393584  0.00193442 0.000285839 0.551168        0        0
                28.6 -1.10367 -7.67532 -26.9367  -2.69085 -0.805752  0.963415 0.00346505   0.201869 -0.0782566  0.000692467 -0.000321089 -0.000170694 -0.00389176   0.0021769 0.000128095 0.574152        0        0
                28.6 -0.903643  -7.75561  -27.0388  -2.69611 -0.811285  0.959139 -0.0374745   0.166346   -0.11013  0.000647699 -0.000303502 -0.000144921 -0.00370221  0.00256453 0.000362958 0.574151        0        0
             28.6999 -1.06426 -6.54555 -26.9651  -2.69865 -0.796267  0.947189 -0.101346 0.0731056 -0.109463  0.000633962 -0.000293683 -0.000157082 -0.00381095  0.00237446 0.000408895 0.602289        0        0
             28.6999 -1.22441   -6.542 -27.0474  -2.70076 -0.797864  0.943829 -0.118946  0.065383 -0.133106  0.000673165 -0.000294371 -0.000137871 -0.00368718  0.00250053 0.000591633 0.60228       0       0
             28.8001 -1.51666 -5.66094 -27.7784 -2.72018 -0.79867  0.93496  -0.203815 -0.0575208  -0.103481  0.000692826 -0.000310488 -0.000145194 -0.00360209  0.00261112 0.000458416 0.614897        0        0
             28.8001 -1.40508 -5.76705 -27.8371  -2.72682 -0.808524  0.932678  -0.24802  -0.12128 -0.119062  0.000665079 -0.000285569 -0.000129337 -0.00351121  0.00321355 0.000581536 0.614894        0        0
             28.8999 -1.53088 -4.50008 -29.7294  -2.76226 -0.831683  0.922453 -0.362702 -0.246792 -0.103632  0.000657626 -0.000285678 -0.000118102 -0.00340989  0.00346243 0.000534692 0.626833        0        0
             28.8999 -1.57586 -4.45084 -29.7234  -2.76253 -0.830591  0.920406 -0.367376 -0.237009 -0.118715  0.000668182 -0.000296827 -0.000119859 -0.00332638  0.00341067 0.000650088 0.626832        0        0
             28.9998  -1.8246 -3.87187 -32.7072  -2.79634 -0.848259  0.917219  -0.424249  -0.281743 -0.0709745  0.000630513  -0.00029372 -0.000111416  -0.0034242  0.00300365 0.000381557 0.627856        0        0
             28.9998 -2.08407 -3.89286 -32.7362  -2.79721 -0.850658   0.91319 -0.430957 -0.300116 -0.102384  0.000690467  -0.00029007 -0.000104368 -0.00342851  0.00316369 0.000644778 0.627892        0        0
             29.1004  -2.5584 -3.59383 -35.6507  -2.83874 -0.879133  0.892097 -0.487297 -0.317948 -0.147012  0.000684527 -0.000284718 -0.000109125 -0.00349478  0.00293614    0.001025 0.623792        0        0
             29.1004 -2.60164 -3.55841 -35.6428 -2.83814 -0.87792 0.896613  -0.48159 -0.309236 -0.110423  0.000695053 -0.000293672 -0.000111479 -0.00351422  0.00286747 0.000724267 0.623807        0        0
             29.2003 -3.35424 -2.70024 -38.3573  -2.88545 -0.906493  0.881317  -0.527729  -0.293807 -0.0950211  0.000717357 -0.000297228 -0.000109397 -0.00358926  0.00272387 0.000932934 0.616009        0        0
             29.2003  -3.3323 -2.68483 -38.3173  -2.88794 -0.906648  0.886877  -0.550465  -0.293091 -0.0379381  0.000711479   -0.0002983 -0.000118817 -0.00346249  0.00284896 0.000454064 0.616026        0        0
             29.3001 -3.70723 -2.83059 -41.1167  -2.95307 -0.943278  0.886926 -0.618061 -0.325273 0.0328733  0.000708916 -0.000300172 -0.000115416 -0.00337502  0.00325886 0.000444747 0.599097        0        0
             29.3001 -3.72394 -2.84487 -41.0557  -2.95206 -0.940753  0.891124  -0.61044 -0.307143 0.0634573  0.000715478 -0.000296332 -0.000129305 -0.00334646  0.00312457 0.000184643 0.599078        0        0
                29.4 -3.01591 -3.39698 -43.5339  -3.01018 -0.968175  0.902601 -0.589754 -0.276627  0.106033  0.000693305  -0.00030294 -0.000127945 -0.00337716  0.00300763 7.17916e-05 0.590963        0        0
                29.4 -3.06141 -3.42484 -43.5179  -3.01151 -0.969809  0.897404  -0.60232 -0.286289 0.0686839  0.000701352 -0.000295404 -0.000131147 -0.00334236  0.00311381 0.000381045 0.590961        0        0
             29.4998 -2.35541 -4.44394 -45.9342  -3.06961 -0.992238  0.902878  -0.55958 -0.222641 0.0594101  0.000714814 -0.000285991 -0.000136071 -0.00325325  0.00301876 0.000412824 0.594094        0        0
             29.4998 -2.39526 -4.38696  -45.947  -3.06804 -0.992493  0.899787 -0.546819 -0.226124 0.0379814  0.000724615 -0.000301138 -0.000133737 -0.00333342  0.00296016 0.000587967 0.594099        0        0
             29.6005 -1.77899  -5.1667 -49.0609 -3.11309 -1.01009   0.9043 -0.431394 -0.179168 0.0550054  0.000740939 -0.000302688 -0.000130338 -0.00337817  0.00273427  0.00056976 0.585378        0        0
             29.6005 -1.75903 -5.11154 -49.1047 -3.11031 -1.00871 0.902279 -0.410482 -0.170655  0.041589  0.000739359 -0.000317245 -0.000120787 -0.00343409  0.00256107 0.000673993 0.585381        0        0
             29.7004 -0.862102  -5.79172  -52.2529 -3.14694 -1.02148 0.906768   -0.33365 -0.0957079  0.0591645  0.000749792 -0.000319263 -0.000120986 -0.00341639  0.00252863 0.000697573 0.569223        0        0
             29.7004 -0.912034  -5.76535  -52.2456 -3.14851 -1.02052 0.909184  -0.346654 -0.0856941  0.0752724  0.000762027  -0.00032439 -0.000122849 -0.00329805  0.00256502 0.000556952 0.569223        0        0
             29.8002 -0.51355 -7.17208 -54.9444 -3.17944 -1.02993 0.918654   -0.23614 -0.0372279  0.0932122  0.000766545 -0.000324098 -0.000120033  -0.0034037  0.00270033 0.000524387 0.555908        0        0
             29.8002 -0.523476  -7.18593   -54.926 -3.18311 -1.03243 0.918059  -0.263211 -0.0538291  0.0885329  0.000767484 -0.000320009 -0.000124393 -0.00337188  0.00296054 0.000568362 0.555897        0        0
                29.9 -0.100298  -8.23827  -57.0596 -3.19854 -1.02573 0.925963 -0.108619 0.0444333 0.0849991  0.000811051 -0.000328132 -0.000130261  -0.0031436  0.00267569 0.000584586 0.559142        0        0
                29.9 0.216655  -8.1959 -56.9935 -3.19622 -1.02085  0.92713 -0.0962493  0.0855539  0.0923297  0.000741025 -0.000332642 -0.000146769 -0.00294031   0.0023929 0.000495245 0.559123        0        0
             29.9999  1.24964 -9.24975 -58.1766 -3.20672 -1.01333 0.934233 -0.00975442    0.127195   0.0614219  0.000742484   -0.0003388 -0.000147054 -0.00291425  0.00266536 0.000537095 0.541113        0        0
             29.9999  1.19176 -9.25136 -58.1512 -3.21288  -1.0247 0.935246 -0.0454249  0.0264461  0.0722077  0.000739406  -0.00034916 -0.000149708 -0.00343954  0.00331857 0.000530364 0.541087        0        0
             30.1001  1.81998 -9.98801 -58.4061 -3.21415  -1.0226 0.941554 0.0572658 0.0423768 0.0500807  0.000762676 -0.000359344 -0.000148159 -0.00346495  0.00342676 0.000524349 0.536959        0        0
             30.1001  1.79904 -10.0032 -58.3319 -3.22016 -1.02748 0.942062  0.0138983 0.00260891  0.0535066  0.000754121  -0.00035767 -0.000163472 -0.00356688  0.00387888 0.000508023 0.536947        0        0
                30.2  2.24546 -10.4954 -57.8301 -3.21179 -1.02817 0.952022  0.122382 0.0195348  0.049305  0.000753497 -0.000362825 -0.000160543 -0.00372126  0.00385518 0.000323401 0.523948        0        0
                30.2  2.28004  -10.477 -57.7939 -3.21555 -1.02762 0.946994 0.0872908 0.0321222 0.0106242  0.000740423 -0.000362672 -0.000168516  -0.0034471  0.00405256 0.000585175 0.523933        0        0
             30.2998  2.85267 -10.8305 -56.1229 -3.19442 -1.00418 0.947847   0.203813   0.151914 -0.0047465  0.000755683 -0.000352625 -0.000183771 -0.00297369  0.00350232 0.000508211 0.539419        0        0
             30.2998  2.87407 -10.8158 -56.1369 -3.19998 -1.01185 0.947576    0.166929   0.0850503 -0.00584406   0.00073975 -0.000363835 -0.000177331 -0.00327952  0.00402364  0.00055398 0.539383        0        0
             30.4004  2.86492  -10.785 -53.6083 -3.18474 -1.00628 0.940453   0.219716  0.0968435 -0.0435181  0.000740458 -0.000359972  -0.00018047 -0.00327618   0.0042726 0.000740366 0.543823        0        0
             30.4004  2.86851 -10.7903 -53.5684 -3.18711 -1.01086   0.9428   0.207195  0.0546128 -0.0256734  0.000730891 -0.000367196 -0.000186909 -0.00353005  0.00452682 0.000630632 0.543838        0        0
             30.5003  3.01594 -10.6018 -50.5762 -3.16273 -1.00495 0.945419    0.274492   0.0882983 -0.00416014  0.000701761 -0.000380855 -0.000177881 -0.00363351  0.00453387   0.0004761 0.54182       0       0
             30.5003    2.891 -10.6787 -50.4867 -3.16518 -1.00184 0.944707   0.249731   0.121965 -0.0122906  0.000723825 -0.000353565  -0.00019933 -0.00331834  0.00454995 0.000478093 0.541816        0        0
             30.6001  2.63353 -10.5151 -46.8463  -3.13941 -0.989753  0.942218   0.276945    0.15367 -0.0242741   0.00072206 -0.000349716 -0.000198652 -0.00335821  0.00462131 0.000511327 0.539567        0        0
             30.6001  2.60194 -10.5077 -46.8317  -3.14359 -0.989093  0.945304    0.242721    0.163549 -0.00510845  0.000722019 -0.000344913 -0.000201315  -0.0031763   0.0047712 0.000315101 0.53957       0       0
                30.7  2.19704 -10.3805 -42.8952  -3.11156 -0.968727  0.946907      0.28375     0.193977 -0.000174768  0.000734651 -0.000346752 -0.000195976 -0.00327851  0.00452913 0.000259496 0.558565        0        0
                30.7  2.12721 -10.4242 -42.8529  -3.12044 -0.972712  0.945465   0.212927   0.171916 -0.0141029   0.00073143  -0.00033247 -0.000202914 -0.00304378  0.00504784 0.000299399 0.558587        0        0
             30.7999  1.62363  -9.7509 -39.1501  -3.09946 -0.951279  0.951558  0.202746  0.195176 0.0131708  0.000756007 -0.000345734 -0.000206708 -0.00298772  0.00494552 3.94491e-05 0.56334       0       0
             30.7999   1.7555  -9.8309 -39.2014  -3.10273 -0.956039    0.9487    0.178102    0.158437 -0.00778915  0.000718349 -0.000331866 -0.000193511 -0.00302849  0.00527689 0.000200324 0.56335       0       0
             30.9001  1.19961 -9.26624  -35.759  -3.08846 -0.938107  0.948025   0.146655   0.172631 -0.0104137  0.000756869 -0.000342346  -0.00020075 -0.00291177  0.00529849 0.000175816 0.551006        0        0
             30.9001  1.49794 -9.42805 -35.8144  -3.08669 -0.943028  0.944906   0.165331   0.128633 -0.0298205  0.000681964 -0.000312175 -0.000186889 -0.00322395  0.00545402 0.000382494 0.551013        0        0
                  31  1.06913 -9.12537 -33.0464  -3.06837 -0.924289  0.946897    0.158008    0.144553 -0.00696575  0.000702381 -0.000316352 -0.000191981 -0.00317921  0.00523731  0.00021911 0.56723       0       0
                  31  1.07769 -9.20993 -33.0888  -3.06452 -0.922865  0.944372   0.187103   0.151931 -0.0231898  0.000705286  -0.00029877 -0.000183657 -0.00330931  0.00505304 0.000383065 0.567206        0        0
             31.0998 0.639629 -8.87507  -31.017  -3.05488 -0.918319  0.945265    0.127395   0.0865328 -0.00904441  0.000734859 -0.000306472 -0.000181536 -0.00332886  0.00545919 0.000268428 0.583734        0        0
             31.0998 0.807203 -8.92029  -31.054  -3.05033 -0.909445  0.944382   0.153983   0.155928 -0.0151293  0.000713421 -0.000290147 -0.000175888  -0.0031957  0.00488827 0.000308649 0.583905        0        0
             31.2004 0.551633 -8.49876 -29.9687    -3.039 -0.896925  0.945813  0.0938153  0.0895387 -0.0070035  0.000719796 -0.000295374 -0.000174583 -0.00317111  0.00492284 0.000192656 0.607177        0        0
             31.2004 0.645288 -8.53922 -30.0405  -3.03385 -0.888052  0.945336   0.123799   0.151791 -0.0112117  0.000713575 -0.000282516 -0.000160065 -0.00311074  0.00439581 0.000226148 0.607107        0        0
             31.3003 -0.0543304    -7.9563   -30.4925  -3.04085 -0.891275  0.950778 -0.0200674 -0.0048213  0.0158421  0.000786482 -0.000308074 -0.000163991   -0.0029381   0.00499836 -1.78768e-05 0.607703        0        0
             31.3003 0.354477 -8.09391  -30.605  -3.03109 -0.883527  0.945242 0.0471399  0.041845 -0.020337  0.000699108 -0.000275047 -0.000138513 -0.00317265  0.00439228 0.000319829 0.607664        0        0
             31.4001 0.217136 -7.70892 -32.2047 -3.03329 -0.88661  0.94279 -0.0653194 -0.0864618 -0.0260126  0.000715486  -0.00028158 -0.000142488 -0.00313151  0.00444957 0.000322097 0.593811        0        0
             31.4001 0.275101  -7.7352 -32.2939  -3.03041 -0.884904  0.941248 -0.0445636 -0.0772032 -0.0360586  0.000704722 -0.000274813 -0.000121178 -0.00323002  0.00429612 0.000422582 0.593803        0        0
             31.4999 0.315088 -7.22932 -34.4853  -3.04674 -0.904294  0.929963  -0.190763  -0.212462 -0.0693865   0.00070196  -0.00027306 -0.000117008 -0.00309669  0.00455675 0.000671235 0.583521        0        0
             31.4999 0.239399  -7.2174 -34.5027  -3.04636 -0.904551  0.929708  -0.186874  -0.214727 -0.0711326   0.00072128 -0.000276553 -0.000112757 -0.00313175  0.00456046  0.00069236 0.583521        0        0
             31.5998 0.271997 -7.38595 -37.3288  -3.07748 -0.937052  0.930312  -0.325264  -0.339387 -0.0332312  0.000745965 -0.000284836 -0.000121449 -0.00307608  0.00488009 0.000392691 0.570982        0        0
             31.5998 0.304136 -7.39783 -37.3844 -3.07604 -0.93475  0.92983 -0.312347  -0.31526 -0.038514  0.000741764 -0.000282114 -0.000108192 -0.00304756  0.00465091 0.000437563 0.570993        0        0
             31.7001 0.884695 -7.32402 -40.3097  -3.11591 -0.975896  0.924193  -0.421505  -0.419455 -0.0600696  0.000736194 -0.000282165 -0.000100251 -0.00305066  0.00492654 0.000480829 0.559724        0        0
             31.7001 0.866541 -7.29286 -40.2528 -3.11205 -0.96886 0.923792  -0.398822  -0.367429 -0.0637765  0.000741574 -0.000291302 -0.000113886 -0.00294261  0.00447136 0.000504988 0.55973       0       0
             31.7999 0.987495  -7.4895   -42.92 -3.15076 -1.00669 0.911472 -0.440136 -0.406874  -0.09441  0.000747245 -0.000282152 -0.000120607 -0.00301906  0.00434809  0.00071307 0.560516        0        0
             31.7999 0.914082 -7.43825 -42.9368 -3.15407 -1.00773 0.916051  -0.463371  -0.411953 -0.0641319   0.00076518 -0.000293936  -0.00011616 -0.00292614  0.00450675 0.000438527 0.560529        0        0
             31.9002 0.377517 -7.41201 -44.7605 -3.21265 -1.05772 0.910278  -0.532062  -0.466277 -0.0490675  0.000788231 -0.000297201 -0.000121449 -0.00277374  0.00492813 0.000425267 0.553701        0        0
             31.9002 0.434779 -7.39327 -44.6948 -3.20889 -1.05473 0.912803  -0.501612  -0.447108 -0.0297715  0.000773232 -0.000303069 -0.000137255 -0.00286979  0.00463369 0.000278097 0.553702        0        0
                  32 -0.012911  -7.72133  -45.4274 -3.26239 -1.10527 0.910911  -0.490115  -0.477303 0.00392203  0.000801956 -0.000300622 -0.000137604 -0.00287891  0.00487829 0.000304997 0.566016        0        0
                  32 0.0259468  -7.70069  -45.3225 -3.25651 -1.09884 0.912396  -0.44844 -0.431066 0.0154016  0.000791245 -0.000306713 -0.000163411 -0.00286414  0.00436102 0.000211775 0.566075        0        0
             32.0999 0.379443 -7.47735 -45.5367 -3.29693  -1.1393 0.915246 -0.364347 -0.411733 0.0217609  0.000833945 -0.000313808 -0.000165009 -0.00282589  0.00430901  0.00017865 0.564572        0        0
             32.0999 0.552402 -7.46443 -45.5171 -3.29847 -1.14231 0.913851 -0.374849 -0.436413 0.0121975  0.000790296 -0.000317359 -0.000169351 -0.00290174  0.00450317 0.000271212 0.564573        0        0
             32.2001 0.756994 -7.07095 -46.3028 -3.32699 -1.17867 0.919617 -0.260223 -0.402021 0.0223642  0.000793741  -0.00032805 -0.000170926 -0.00284709  0.00422062 8.25282e-05 0.56961       0       0
             32.2001 0.830869 -7.09002 -46.3715 -3.33298 -1.18651 0.915903   -0.303536   -0.461126 -0.00485044  0.000772088 -0.000324312 -0.000153185 -0.00292674  0.00481324 0.000325422 0.569654        0        0
             32.2999  1.37345 -6.37757 -47.3655 -3.35949 -1.23365 0.916731    -0.22305   -0.474687 -0.00698963  0.000771923 -0.000325113 -0.000153472 -0.00292585  0.00484051 0.000280873 0.570774        0        0
             32.2999  1.32561 -6.34514 -47.3663 -3.36838 -1.24079 0.914731  -0.290922  -0.522841 -0.0238427  0.000775003 -0.000331428 -0.000151026 -0.00281852  0.00552506 0.000405142 0.570739        0        0
             32.4002  1.68163 -6.90638 -48.1507  -3.3914 -1.29376 0.907047  -0.216913  -0.540369 -0.0682926  0.000771509 -0.000326337 -0.000145772  -0.0028886   0.0054473 0.000532386 0.570513        0        0
             32.4002  1.63329 -6.97421  -48.076 -3.39214 -1.28965  0.90748  -0.229194  -0.503008 -0.0670354  0.000783087 -0.000306916 -0.000164504 -0.00259929   0.0053218 0.000492143 0.570505        0        0
                32.5  1.57657 -7.40101 -48.8135 -3.42272 -1.35164 0.890634  -0.21984 -0.565233 -0.118106  0.000794198 -0.000287507 -0.000167066 -0.00256466  0.00585304 0.000826968 0.557653        0        0
                32.5  1.61833 -7.30976  -48.818 -3.42175 -1.34882 0.896144  -0.211868  -0.544914 -0.0791278  0.000786209 -0.000307945 -0.000165799 -0.00251525  0.00568135 0.000493215 0.557678        0        0
             32.5999  1.13559 -7.35483 -49.7493 -3.44114 -1.40249 0.891589  -0.216017   -0.54625 -0.0481237  0.000800727  -0.00031151 -0.000164035 -0.00254811  0.00561032 0.000392634 0.545754        0        0
             32.5999  1.15868 -7.30707 -49.7398 -3.43648  -1.3971 0.896299  -0.180521  -0.507698 -0.0140832  0.000800861 -0.000322429 -0.000166939 -0.00252686  0.00517032 0.000111894 0.545746        0        0
             32.7002 0.571587 -7.39319 -49.9265 -3.46076 -1.45233 0.895117   -0.258379   -0.531272 -0.00507975  0.000863305 -0.000321583 -0.000168446 -0.00254554  0.00535286 0.000152205 0.541977        0        0
             32.7002 0.826563  -7.3568 -49.8828 -3.45948 -1.44958  0.89662  -0.251688  -0.510638 0.00497764  0.000804576 -0.000328538 -0.000178864  -0.0024584   0.0051849 5.82218e-05 0.541975        0        0
                32.8  1.19726 -7.22413   -49.88 -3.47768  -1.4906 0.902914 -0.263797 -0.483921 0.0159663  0.000814763 -0.000339642 -0.000178383  -0.00242941   0.00468539 -0.000176218 0.539371        0        0
                32.8  1.20868 -7.25974 -49.8846 -3.48912 -1.50296 0.897001 -0.347355 -0.576117 -0.027807  0.000790536 -0.000333699 -0.000175568 -0.00254237  0.00569002 0.000187748 0.539447        0        0
             32.8999  1.55179 -6.62025 -49.9544 -3.52755 -1.56326  0.89564  -0.403212  -0.612745 -0.0434043  0.000812779 -0.000339432 -0.000175275 -0.0025499 0.00575483  0.0001052 0.537519        0        0
             32.8999  1.68034  -6.5869 -49.9417  -3.5353 -1.57063 0.891116  -0.462045  -0.666665 -0.0774107  0.000767699 -0.000348062  -0.00017625 -0.00255533  0.00639892 0.000377896 0.537558        0        0
             33.0001  1.60285 -6.17854 -49.6862  -3.5806 -1.63087 0.881853 -0.518477  -0.63642 -0.107888 0.000780907 -0.00034482 -0.00018133 -0.00247244  0.00612334 0.000360794 0.549597        0        0
             33.0001 1.61929 -6.1948 -49.689   -3.589 -1.63871 0.881462 -0.579427 -0.694764 -0.112981  0.000763181 -0.000342081 -0.000179146 -0.00252922  0.00681016 0.000390594 0.549624        0        0
             33.0999  1.36779 -6.01669 -48.7176 -3.64668 -1.70871 0.867497  -0.60392 -0.700857 -0.110366  0.000772979 -0.000334843 -0.000175531  -0.0025861   0.0067666 0.000496685 0.556461        0        0
             33.0999  1.40044 -6.00256 -48.6221 -3.65064 -1.71025 0.867917 -0.635758 -0.709709 -0.108985  0.000757697 -0.000336709 -0.000197553 -0.00248021  0.00701129 0.000465239 0.556446        0        0
             33.1998  1.07143 -5.04206 -47.3782 -3.70588 -1.77389 0.866711 -0.576647 -0.692694 0.0283526  0.000770794 -0.000335879 -0.000197594 -0.00244246  0.00661723 0.000311455 0.565487        0        0
             33.1998    1.045  -4.9927 -47.3499 -3.70672 -1.77167 0.866058 -0.587088 -0.671555 0.0224746  0.000777694 -0.000342409 -0.000204617 -0.00224135  0.00657362 0.000343464 0.565488        0        0
             33.3004 0.455134 -4.36957 -46.2779 -3.75819 -1.83135 0.868473 -0.509974 -0.616352 0.0499187  0.000802897 -0.000331178 -0.000215264  -0.0021061   0.0063039 0.000451644 0.554305        0        0
             33.3004 0.513354 -4.38025 -46.3463 -3.76302 -1.83913 0.872119 -0.538596 -0.680407 0.0756849 0.000772366 -0.00033941 -0.00019647 -0.00236683  0.00681973 0.000241745 0.55433       0       0
             33.4003 0.314827  -4.0187 -46.0763 -3.80857 -1.89991 0.882975 -0.475101 -0.666058 0.0772488  0.000806886 -0.000351946 -0.000197293 -0.00233919  0.00649041   9.372e-05 0.559962        0        0
             33.4003 0.458655  -4.0824 -46.0926 -3.80926 -1.89943 0.884376 -0.481754 -0.661701 0.0867638  0.000773433 -0.000335276 -0.000193631 -0.00228851  0.00649634 1.04894e-05 0.559961        0        0
             33.5001 0.457188 -4.57152 -45.9955 -3.84247 -1.95489 0.890943 -0.397257 -0.666543  0.026793  0.000813992 -0.000335112 -0.000198096   -0.0022308   0.00585283 -1.00829e-06 0.562872        0        0
             33.5001 0.481613 -4.63731 -46.0596 -3.85284 -1.96502  0.88531  -0.475981  -0.738322 -0.0154624  0.000783346 -0.000320753 -0.000179689   -0.002205  0.00669517 0.000337127 0.562876        0        0
             33.5999 0.653965  -4.9794 -46.8291 -3.89393 -2.03557 0.881271  -0.448382  -0.755232 -0.0783185  0.000785745 -0.000327033 -0.000179045 -0.00221875  0.00641684 0.000295834 0.551651        0        0
             33.5999 0.697884 -5.00896 -46.8424 -3.90281 -2.04316 0.876521 -0.516313 -0.806867 -0.113881  0.000757311 -0.000318671 -0.000173588 -0.00213151  0.00709186 0.000575263 0.551621        0        0
             33.6998 0.737829 -5.76264 -48.0945 -3.95425 -2.12229 0.864385  -0.52604 -0.834311 -0.117094  0.000747631 -0.000326738 -0.000175791 -0.00204591  0.00698905 0.000568996 0.550112        0        0
             33.6998 0.604519 -5.83545 -48.1386 -3.96174 -2.13049 0.864119 -0.578335 -0.894662 -0.120202  0.000763741  -0.00031106 -0.000163935 -0.00212244  0.00763364 0.000593824 0.550137        0        0
             33.8005 0.837777 -4.89165 -49.3463 -4.00906 -2.21197 0.858089  -0.560542   -0.87713 -0.0436337   0.00076419 -0.000317292  -0.00016285 -0.00213652  0.00710064  0.00049153 0.549438        0        0
             33.8005 0.750961 -4.77067 -49.2889 -4.01069  -2.2129 0.856969  -0.573234   -0.88288 -0.0521231  0.000782014 -0.000347602 -0.000177003 -0.00208793  0.00721665  0.00055746 0.549453        0        0
             33.9003  1.02009 -3.96264  -50.329 -4.07142 -2.29507 0.846157  -0.631003  -0.829673 -0.0852917  0.000781888 -0.000339054 -0.000187068 -0.00192466  0.00712974 0.000732646 0.546686        0        0
             33.9003  1.04828 -3.95738 -50.3562 -4.06813  -2.2912 0.852458 -0.603951 -0.802564 -0.040644  0.000779659 -0.000339889 -0.000180913 -0.00192976  0.00680122 0.000350147 0.546691        0        0
             34.0002  1.43756 -3.29254 -51.2628 -4.12443 -2.36749 0.850416  -0.600209  -0.775507 -0.0370964  0.000779591 -0.000341005 -0.000177812 -0.00198423  0.00659669 0.000274458 0.559721        0        0
             34.0002  1.40353 -3.29288 -51.2444 -4.13104  -2.3735 0.851492  -0.647847  -0.821065 -0.0302344  0.000782687 -0.000340702 -0.000181551 -0.00203711  0.00715713 0.000207061 0.559731        0        0
                34.1  1.27975 -3.86813 -50.9617 -4.19777 -2.45312 0.845571   -0.68503  -0.782099 -0.0880028  0.000788745 -0.000342525 -0.000182257 -0.00198871  0.00714327 0.000204048 0.5487      0      0
                34.1  1.23202 -3.96153 -50.8596 -4.19777 -2.44916 0.845488   -0.69027  -0.745174 -0.0902463  0.000801572 -0.000313669 -0.000206045  -0.0017406  0.00699802 0.000209913 0.548692        0        0
             34.1999  1.06644 -4.18828 -49.2042 -4.25661 -2.50271  0.83202  -0.659823  -0.629021 -0.0989035  0.000830157 -0.000295461 -0.000221547 -0.00139265  0.00629632 0.000349026 0.547644        0        0
             34.1999  1.25667 -4.11655  -49.212 -4.26282 -2.51442 0.836222  -0.696433  -0.732114 -0.0672828  0.000764881 -0.000328724 -0.000218979 -0.00186331  0.00700186 0.000105365 0.547646        0        0
             34.3001  1.11046 -3.59906 -47.8636 -4.33029 -2.58289 0.833506 -0.695741 -0.702346 0.0418729  0.000781341 -0.000325753 -0.000220925 -0.00180174  0.00684303 0.000154785 0.545022        0        0
             34.3001  1.08884  -3.5824 -47.8836 -4.33563  -2.5899 0.832144 -0.733451 -0.758966  0.032421  0.000772859 -0.000334634 -0.000215146 -0.0019574 0.00735365  0.0002305 0.544998        0        0
                34.4  1.03142 -3.40687 -46.7727 -4.40466 -2.67234 0.837489 -0.658149 -0.796286 0.0802083  0.000794931 -0.000325964 -0.000207426 -0.00218845  0.00745156 0.000278429 0.541817        0        0
                34.4  1.14699 -3.34939  -46.746 -4.41487 -2.67385 0.841373 -0.742826 -0.798373  0.103066  0.000758781  -0.00034077 -0.000213427 -0.00174601  0.00797757 5.06763e-05 0.541784        0        0
             34.4998  2.50136 -2.74077 -46.7599 -4.48628 -2.75992 0.850871 -0.677525 -0.837153 0.0847309  0.000764124 -0.000328314 -0.000208931 -0.00191216   0.0081539 8.54791e-05 0.550414        0        0
             34.4998  2.59865 -2.69388 -46.7819 -4.48242 -2.74819   0.8492 -0.661014 -0.737076 0.0703872  0.000741272 -0.000338403 -0.000203179  -0.0013532  0.00747608 0.000196201 0.550477        0        0
             34.6005   3.0911 -4.76824 -45.9895 -4.54418 -2.82111 0.853322  -0.606741  -0.756214 -0.0317499  0.000718281 -0.000344418 -0.000200499 -0.00136829  0.00731754 0.000125172 0.558375        0        0
             34.6005  2.97073 -4.94555   -45.98 -4.54385 -2.82067 0.851627   -0.6055 -0.750979 -0.043496   0.00074763 -0.000300314 -0.000204447 -0.00134784   0.0072901 0.000230186 0.558374        0        0
             34.7004  2.35887 -5.29494 -45.8439 -4.59999 -2.89766 0.846496 -0.546013 -0.775086 -0.120847  0.000747667 -0.000309467 -0.000197206 -0.00141319  0.00726397 8.34326e-05 0.545583        0        0
             34.7004  2.23661 -5.23611 -45.8612 -4.59785 -2.89802 0.839915  -0.52978 -0.778126 -0.166256    0.0007789 -0.000324377 -0.000192246 -0.00149851  0.00720675 0.000494526 0.545583        0        0
             34.8002 0.879264 -4.40074 -46.3226 -4.64938 -2.97127 0.823949 -0.528944 -0.730339 -0.174611  0.000806271 -0.000337802 -0.000192085 -0.00144217  0.00710137 0.000395661 0.541866        0        0
             34.8002 0.906567 -4.35087 -46.3476 -4.65083 -2.97505 0.821327 -0.537489 -0.760726 -0.192207  0.000799069 -0.000350826 -0.000185307 -0.00156758  0.00734059 0.000551432 0.541843        0        0
                34.9 0.188619 -3.53582 -46.5906 -4.70215 -3.04863 0.808829  -0.559412  -0.762036 -0.0701041  0.000817726 -0.000358868 -0.000183835 -0.00157069  0.00717934 0.000503839 0.538184        0        0
                34.9 0.259741 -3.58656 -46.5442 -4.70748  -3.0531 0.808522  -0.599497  -0.794209 -0.0728953  0.000797168 -0.000345863 -0.000195318 -0.00154113  0.00761564 0.000512555 0.538152        0        0
             34.9999 0.321396 -2.69319 -46.7886 -4.76897 -3.12852 0.805607   -0.658691   -0.777854 -0.00959979  0.000795467 -0.000344143 -0.000201488 -0.00147123  0.00745175 0.000506044 0.540176        0        0
             34.9999 0.405392 -2.70455 -46.8293 -4.77693 -3.13397 0.807592  -0.718783  -0.816551 0.00274489  0.000770777 -0.000340093 -0.000190638 -0.00137537  0.00804866 0.000380784 0.540139        0        0
             35.1001  1.01899 -2.57232 -47.5043 -4.84359 -3.20631  0.80466 -0.718039 -0.765603 -0.019378  0.000766657  -0.00032914 -0.000201275 -0.00127936  0.00764167 0.000495595 0.529763        0        0
             35.1001 0.944889 -2.53887 -47.5256 -4.84735 -3.20944 0.809829 -0.742254 -0.790117 0.0168475  0.000782501 -0.000337731 -0.000195732 -0.00130806  0.00793897 0.000172673 0.529773        0        0
                35.2  1.44414 -3.21388 -47.0722 -4.92374 -3.29191 0.806617   -0.75937  -0.796125 -0.0397963   0.00076913 -0.000322128 -0.000195861 -0.00139056  0.00808619 0.000254732 0.513817        0        0
                35.2  1.37959 -3.23027 -46.9902 -4.92535 -3.29076 0.808331  -0.773782  -0.784033 -0.0289309  0.000783984 -0.000316713 -0.000216133 -0.00123636  0.00811326 0.000151825 0.513805        0        0
             35.2998    1.121  -3.9322 -45.7837 -4.99789 -3.36438 0.805698  -0.744615  -0.735747 -0.0229976  0.000796824 -0.000315042 -0.000215308  -0.0012703  0.00792049 0.000131228 0.519059        0        0
             35.2998  1.14647 -3.89902 -45.7414  -5.0011 -3.36427  0.80683  -0.771668  -0.730913 -0.0167143  0.000788228  -0.00032192 -0.000225764 -0.00108487  0.00806268  6.3466e-05 0.519044        0        0
             35.4004 0.779161 -3.53043 -44.0804 -5.06396 -3.42091 0.810366 -0.648286  -0.64999 0.0774307  0.000827367 -0.000327974 -0.000235231 -0.000870955   0.00736566  3.31267e-05 0.526455        0        0
             35.4004 0.937079 -3.50755 -44.1191 -5.07047 -3.43268 0.807552 -0.688735 -0.744046 0.0597262   0.00078131 -0.000339085 -0.000225126 -0.00121811  0.00815997 0.000195091 0.52647       0       0
             35.5003 0.899585 -3.71509 -42.3797 -5.13502 -3.50349 0.815547 -0.600908 -0.696734 0.0731819  0.000794871 -0.000341033 -0.000224862 -0.00119448  0.00812584 0.000178502 0.513778        0        0
             35.5003 0.878403  -3.7943 -42.3391 -5.13856 -3.50723 0.814699 -0.627703 -0.724241 0.0667359  0.000794381 -0.000321941 -0.000234927 -0.00120519  0.00845831 0.000231628 0.51374       0       0
             35.6001   1.2378 -3.58516 -41.1044  -5.1988 -3.58287 0.820403 -0.544569 -0.746015 0.0378689  0.000829643 -0.000334792 -0.000229097 -0.00123224  0.00861921 0.000214519 0.52005       0       0
             35.6001  1.52664 -3.62495 -41.1323 -5.19791 -3.57943 0.819569 -0.543322 -0.718196 0.0312547  0.000763027 -0.000321463 -0.000222996 -0.00107325  0.00842071 0.000267297 0.520042        0        0
                35.7  1.31124 -3.78499 -40.1434 -5.24373  -3.6454 0.820633   -0.48442  -0.719047 -0.0558796  0.000746744 -0.000330926 -0.000222835 -0.00104393  0.00805118 0.000183629 0.52559       0       0
                35.7 0.969753 -3.86457 -40.1926  -5.2462 -3.64914 0.817195 -0.501876 -0.744675 -0.080134  0.000825998 -0.000312152   -0.0002101 -0.00107385  0.00833641 0.000393629 0.525582        0        0
             35.7999 0.102205 -4.59799 -39.7912 -5.28079 -3.70685 0.810518 -0.426035 -0.676817  -0.11594  0.000825748 -0.000321794 -0.000207834 -0.00107941  0.00752687 0.000215576 0.536083        0        0
             35.7999 0.0830105  -4.68495  -39.8425 -5.29022 -3.71624 0.806447 -0.499562 -0.742432  -0.14692  0.000816597 -0.000299974  -0.00019397 -0.000965047   0.00836262    0.0004603 0.53611       0       0
             35.9001 0.0476706  -4.96022  -40.0744 -5.34148 -3.79345 0.793079 -0.513972 -0.739613  -0.10423  0.000837039 -0.000297272 -0.000193564 -0.000990048    0.0084762  0.000475177 0.532656        0        0
             35.9001 0.182294 -4.94806 -40.0904 -5.34536 -3.79657 0.790904 -0.545555 -0.760558 -0.120509  0.000798978 -0.000298767 -0.000189411 -0.000891247   0.00877707  0.000606218 0.532644        0        0
                  36 0.772187  -3.2144 -39.2225 -5.40337 -3.87091 0.780433  -0.601455  -0.691733 -0.0751946   0.00081625 -0.000306374 -0.000187901 -0.000910153   0.00884582  0.000632863 0.509642        0        0
                  36 0.832517 -3.12533 -39.1443 -5.40586 -3.87128  0.78242  -0.621754  -0.692866 -0.0620278  0.000797901 -0.000326205 -0.000206649 -0.000788924   0.00895899  0.000507492 0.509649        0        0
             36.0998  1.31916 -2.74823 -38.5784 -5.46861 -3.93702 0.779327    -0.6486   -0.63767 -0.0396655  0.000802311 -0.000337597 -0.000198395 -0.000810978   0.00892661  0.000448393 0.519615        0        0
             36.0998  1.40283 -2.88087 -38.5339 -5.46733 -3.93161 0.785476  -0.641988  -0.595764 0.00340053  0.000787887 -0.000301975 -0.000210093 -0.000657055   0.00860985  6.15335e-05 0.519594        0        0
             36.2005  1.19223 -2.28472 -38.1754 -5.53201 -3.98535 0.782997  -0.679911  -0.533762 -0.0445781  0.000764736 -0.000306976 -0.000208129 -0.000605705   0.00844658  6.87324e-05 0.520124        0        0
             36.2005 0.967958 -2.31357  -38.192  -5.5334 -3.98828  0.78309  -0.687219  -0.555073 -0.0435977  0.000813686  -0.00030178 -0.000204546 -0.000673889   0.00863755  5.99678e-05 0.520137        0        0
             36.3003 -0.311727  -2.77216   -37.704 -5.60028 -4.03896 0.779095 -0.689396 -0.490028   0.03406  0.000833041  -0.00029502 -0.000203461 -0.000727701   0.00852939  0.000167999 0.523781        0        0
             36.3003 -0.385306  -2.80516  -37.6748 -5.60512 -4.04293  0.78049 -0.726378 -0.516472 0.0429293  0.000839751 -0.000284604 -0.000210786 -0.000632931   0.00889293  8.01623e-05 0.5238      0      0
             36.4001 -0.309396  -2.21577  -37.2151 -5.67521 -4.09315 0.783222 -0.670319 -0.455483 0.0904762  0.000831922 -0.000267533 -0.000216895 -0.00065741  0.00895233 0.000301484 0.520602        0        0
             36.4001 -0.165986    -2.058   -37.233 -5.67427 -4.09101 0.788517 -0.661741   -0.4418  0.128958  0.000801667 -0.000305237 -0.000212443 -0.000643586    0.0088096 -2.49482e-05 0.520595        0        0
                36.5  0.606554 -0.904298   -37.819 -5.74609 -4.13894 0.792577 -0.674497 -0.346325 0.0516908  0.000759472 -0.000288137  -0.00020101 -0.000683511   0.00923791  0.000237832 0.523337        0        0
                36.5  0.415143 -0.843891  -37.7985 -5.74121 -4.13007 0.795449  -0.63964 -0.279284 0.0721807  0.000822728 -0.000299791 -0.000207071 -0.00057333  0.00864009   5.497e-05 0.523339        0        0
             36.5998  0.180368 -0.554855   -37.723 -5.79762 -4.14632 0.798697 -0.572507 -0.158792 0.0233275  0.000776576 -0.000295528 -0.000208738 -0.000579133    0.0083373  0.000101989 0.523872        0        0
             36.5998 -0.0887017  -0.596085   -37.6695 -5.79735 -4.14779 0.800396 -0.566422 -0.170481 0.0359377  0.000841397 -0.000287627  -0.00022183 -0.000684193   0.00839814 -6.38484e-06 0.523877        0        0
             36.7001 0.495182 -1.36997 -36.8268 -5.85092 -4.16184 0.799455 -0.528097 -0.114197 0.0158924  0.000797791 -0.000266607 -0.000233881 -0.000728767   0.00837049  0.000147309 0.526382        0        0
             36.7001 0.344096  -1.3603 -36.8338 -5.85949 -4.16763 0.802156 -0.596253 -0.151229 0.0323171  0.000819526 -0.000262907 -0.000233007 -0.000467676   0.00897849  2.74931e-06 0.526421        0        0
                36.8  1.99659 -3.80575 -35.5151 -5.91352 -4.17844 0.807748 -0.559508  -0.12133 0.0634447   0.00081446 -0.000269671 -0.000224677 -0.000493812   0.00877653 -2.73878e-05 0.521503        0        0
                36.8  2.11675 -3.91083 -35.5017 -5.91473 -4.17941 0.809673 -0.569147  -0.12862 0.0772146  0.000782917 -0.000244741 -0.000229129 -0.000474775   0.00886327  -0.00014554 0.521504        0        0
             36.8998  3.84997  -5.6004 -34.6841 -5.95695 -4.17829 0.820241  -0.461501 -0.0785131  0.0895557  0.000817258  -0.00024683 -0.000239843 -0.000550294   0.00822202 -0.000236709 0.538538        0        0
             36.8998  3.93787 -5.54401 -34.8486 -5.96717  -4.1917 0.816055 -0.541143 -0.177991  0.056333  0.000766969 -0.000258252 -0.000201579 -0.000494102   0.00925359  1.25113e-05 0.538637        0        0
             37.0004  4.80897 -4.62428  -35.311 -6.01876 -4.21564 0.823557 -0.481978 -0.246079 0.0529694  0.000829702 -0.000265032 -0.000210765 -0.000544998   0.00935672 -5.76875e-05 0.54907       0       0
             37.0004  4.96341 -4.46452 -35.4107 -6.02239 -4.21991 0.818222 -0.512743 -0.276868 0.0129636  0.000784169  -0.00029902 -0.000183317 -0.000450009   0.00971266  0.000251252 0.549056        0        0
             37.1003  4.37292 -5.15518 -35.3635 -6.07956 -4.25415 0.817333 -0.534764 -0.318976 0.0116502  0.000771839 -0.000302469 -0.000182533 -0.000374109   0.00999995  0.000336593 0.538991        0        0
             37.1003  4.26951 -5.27637 -35.3257 -6.07654 -4.24955 0.820979 -0.511424 -0.285088 0.0385577  0.000806609 -0.000274373 -0.000194929 -0.000396398   0.00965815  0.000140289 0.538955        0        0
             37.2001  3.47772 -7.00756   -34.91 -6.11785 -4.27349 0.828676 -0.416226 -0.303074 0.0756494  0.000859562  -0.00028081 -0.000205441 -0.000484291   0.00934388  7.53509e-05 0.528502        0        0
             37.2001  3.71156 -7.10508 -34.9259 -6.11526 -4.26957 0.826913 -0.400061 -0.274543 0.0630748  0.000804895 -0.000254841 -0.000204838 -0.000453903   0.00907356  0.000203068 0.528498        0        0
                37.3  3.40829 -8.39007 -34.1945 -6.15198 -4.29632 0.837446 -0.340969 -0.300425 0.0878383  0.000822328   -0.0002682 -0.000210218 -0.000407147   0.00897859  7.66984e-05 0.548275        0        0
                37.3  3.37657 -8.40004 -34.2078 -6.14997 -4.29706 0.835098 -0.322893 -0.308114 0.0723196  0.000831322 -0.000265592 -0.000206749 -0.000563354   0.00895731  0.000235337 0.548286        0        0
             37.3998   2.1699 -9.50563 -32.9628 -6.17813 -4.32784 0.845232 -0.236394 -0.291386 0.0944209  0.000831616 -0.000266062 -0.000209329 -0.000589766   0.00895653  0.000156436 0.537763        0        0
             37.3998  2.09976 -9.51598 -32.9386 -6.17767 -4.32887 0.843445 -0.231699 -0.299445 0.0821214  0.000848768 -0.000263489 -0.000215453 -0.000649964    0.0090052  0.000275445 0.537765        0        0
             37.5004  1.13439 -10.2261 -31.1812 -6.20293 -4.36068 0.844971 -0.192843  -0.20912  0.044067  0.000837168 -0.000251447 -0.000216842 -0.000588852   0.00934487  0.000488296 0.550535        0        0
             37.5004  1.17484 -10.1807 -31.1601 -6.20303 -4.35626 0.844811 -0.199466 -0.173261 0.0417029  0.000825331 -0.000263094  -0.00022208 -0.000361009   0.00910651  0.000483062 0.550544        0        0
             37.6003 0.790081 -11.3218 -28.7082 -6.22452 -4.36926 0.854141  -0.127562 -0.0451659  0.0270349  0.000842801 -0.000285429 -0.000222311 -0.000274487   0.00930162  0.000188166 0.543268        0        0
             37.6003  1.02481 -11.4768 -28.6933 -6.22676 -4.37281 0.850999  -0.146329 -0.0699273 0.00506757  0.000780835 -0.000247337 -0.000227408 -0.000224894   0.00956652  0.000378801 0.543257        0        0
             37.7002 0.904326 -10.9519 -25.9878 -6.22926 -4.37007 0.849509  -0.023801  0.0540418 -0.0323028  0.000786219 -0.000245269 -0.000233914 -0.000377733   0.00930491  0.000414076 0.545924        0        0
             37.7002 0.998558 -10.8508 -26.0247 -6.23325 -4.37295 0.850361 -0.0546971  0.0363595 -0.0275947  0.000763455 -0.000272105  -0.00022427 -0.000221698   0.00956696   0.00033545 0.545939        0        0
                37.8  1.41069 -10.4531  -23.615 -6.24098 -4.36682 0.848661 -0.0287095   0.108459 -0.0419151   0.00076632 -0.000277302 -0.000216922 -0.000102999   0.00968386  0.000214911 0.563528        0        0
                37.8  1.37688 -10.5044 -23.5623 -6.24202 -4.37083 0.850462 -0.0317449  0.0789057 -0.0287968  0.000771937  -0.00026526 -0.000230227 -0.000224833   0.00993375   0.00011392 0.563532        0        0
             37.8999 1.56902 -10.047 -20.602 -6.24326   -4.359 0.853759   0.036387   0.146912 0.00885572   0.00078356 -0.000274126 -0.000229269 -0.000192975   0.00994167 -9.25911e-05 0.560059        0        0
             37.8999  1.59181 -10.0945  -20.563 -6.24332 -4.36096 0.854398 0.0383622  0.131922 0.0138326  0.000775334 -0.000263327 -0.000239202 -0.000274193    0.0100553 -0.000125048 0.560061        0        0
             38.0001 0.867283 -9.79425 -17.4867 -6.23884  -4.3459 0.852959   0.0658517    0.165758 0.000296591  0.000774202 -0.000256399 -0.000232821  -0.00019347    0.0100788 -3.98481e-05 0.590057        0        0
             38.0001 0.877951 -9.83849 -17.4622 -6.23902 -4.34676 0.852239    0.064503    0.159739 -0.00439484  0.000769798 -0.000245579 -0.000239026 -0.000196575    0.0101333  3.21431e-06 0.590059        0        0
             38.0999 0.762963 -9.82895 -14.6792  -6.2317 -4.32977 0.856379 0.0727015   0.16087 0.0103866  0.000767311 -0.000254323 -0.000241131 -0.000250318    0.0101023 -0.000162164 0.6324      0      0
             38.0999  0.63784 -9.89932 -14.6707 -6.23368 -4.33298 0.852416  0.0564545   0.141447 -0.0167676  0.000796672 -0.000235769 -0.000242929 -0.000130255    0.0103223  6.37648e-05 0.632411        0        0
             38.1998 0.514679 -10.0375 -12.1137 -6.21994 -4.31474  0.84948  0.0968712   0.113889 -0.0314534   0.00081732 -0.000229805 -0.000247134 -0.000345001    0.0100348  0.000131437 0.66023       0       0
             38.1998 0.647962 -10.0744 -12.1777  -6.2309 -4.32321 0.849586 0.00800397    0.06287 -0.0330327  0.000778588 -0.000218132 -0.000229369 0.000287759   0.0106525 2.18732e-05 0.660305        0        0
             38.3004 0.764936  -9.5023 -10.6404 -6.22778 -4.31981 0.844356   0.0105262 -0.00733221  -0.0473276   0.00079074 -0.000210493  -0.00023223 0.000196289   0.0106151 8.60653e-05 0.702053        0        0
             38.3004 0.941137 -9.47744 -10.7399  -6.2367 -4.32568 0.843419 -0.0642775 -0.0424644  -0.054555  0.000745468 -0.000213834 -0.000205399 0.000784331   0.0110374 3.97294e-05 0.702033        0        0
             38.4003 0.708761 -8.90798 -10.9837 -6.25465 -4.33378 0.834245  -0.149908  -0.124279 -0.0752017  0.000726159 -0.000201731 -0.000184709  0.00120755   0.0110698 0.000100182 0.718632        0        0
             38.4003 0.538097 -8.84391 -11.0088 -6.23851 -4.32351 0.842131 -0.0114595 -0.0647874 -0.0171626  0.000780876 -0.000233013 -0.000182093  5.95578e-06    0.0103498 -0.000219788 0.71854       0       0
             38.5001 -0.219671  -8.51646  -12.4373 -6.23294 -4.32885 0.834082 -0.0100278  -0.130129 -0.0305347  0.000772542 -0.000216247 -0.000186622 -0.000248962    0.0100979  9.47253e-05 0.750895        0        0
             38.5001 -0.293269  -8.47702   -12.512 -6.22476 -4.32318 0.838309  0.0610013 -0.0958409  0.0012434  0.000800766 -0.000238492 -0.000170181 -0.000856656   0.00969864 -9.13133e-05 0.750971        0        0
             38.5999 -0.630989   -8.4884  -15.0188 -6.22103 -4.33694 0.831299    0.02685  -0.163031 -0.0154437  0.000787391 -0.000216274 -0.000165928 -0.000776083   0.00972833  0.000201625 0.757261        0        0
             38.5999 -0.79445 -8.37668 -15.0301 -6.21345 -4.32537 0.838768  0.0878312 -0.0865163  0.0387832     0.000843 -0.000254654 -0.000166097  -0.00124778    0.0089793 -0.000213029 0.757276        0        0
             38.6999 -0.990331  -8.36035  -18.1645 -6.20298 -4.33042 0.827294  0.0741821 -0.0988962 -0.0263702  0.000811941 -0.000223472 -0.000154041 -0.00121428  0.00875548 0.000366509 0.746725        0        0
             38.6999 -1.21464 -8.19159 -18.1361 -6.20421 -4.32702 0.837392  0.0658367 -0.0741347  0.0434178  0.000871502 -0.000266541 -0.000162335  -0.00117872   0.00857995 -0.000276608 0.746792        0        0
             38.8001 -1.57101 -8.18242 -21.8991 -6.18788 -4.33002 0.838136  0.0911995 -0.0777197  0.0293272  0.000873768 -0.000268177 -0.000172219  -0.00152771   0.00830445 -9.66987e-05 0.704806        0        0
             38.8001 -1.53937 -8.11578 -21.9828 -6.19348 -4.32686 0.840803 0.0387429 -0.049678 0.0450132  0.000872418 -0.000277953  -0.00015165  -0.00103729   0.00820178 -0.000315648 0.704839        0        0
             38.8999 -1.69678 -8.13696 -26.0996 -6.18661 -4.33097 0.841644  0.0194459 -0.0545716  0.0315936 0.000860194  -0.0002732 -0.00015612  -0.00120197   0.00809858 -0.000149992 0.66986       0       0
             38.8999 -1.75132 -8.06733 -26.1602 -6.20055 -4.34094 0.841009 -0.0952852    -0.1149  0.0222276   0.00086983  -0.00027885 -0.000138749 -0.000405554   0.00895442  -0.00016111 0.669869        0        0
             38.9998 -1.71373 -8.24409 -30.1444 -6.21712 -4.35659  0.84701 -0.133295 -0.112989 0.0363017  0.000875362 -0.000279749 -0.000135195 -0.000244398   0.00921431 -0.000308036 0.610213        0        0
             38.9998 -1.71298 -8.21882 -30.1035 -6.21993 -4.36435 0.841899   -0.153273   -0.168947 0.000811561  0.000867698 -0.000282954 -0.000144998 -0.000232795   0.00973673  3.99622e-05 0.610252        0        0
             39.1004   -1.194 -8.19406 -33.9453 -6.23823 -4.38206 0.844244  -0.175515  -0.145989 0.00868612  0.000884982 -0.000281733 -0.000141776 -0.000200222   0.00985019 -4.97833e-05 0.565328        0        0
             39.1004 -1.24729 -8.11225 -33.9214 -6.23855 -4.38779 0.840584  -0.173387   -0.18976 -0.0159987   0.00088999 -0.000304427 -0.000147439 -0.000356504    0.0101724  0.000213033 0.565322        0        0
             39.2003 -0.548695  -8.33607  -37.2952 -6.26341 -4.40709 0.840823  -0.212391  -0.174003 -0.0138986  0.000847392 -0.000308149 -0.000132414 -0.000129204    0.0103493   0.00010448 0.538399        0        0
             39.2003 -0.724505  -8.38529  -37.1722 -6.25412 -4.40722  0.83634   -0.12978  -0.184763 -0.0406366  0.000891137 -0.000315682 -0.000163592 -0.000733579    0.0100333  0.000429115 0.538386        0        0
             39.3001  0.13926 -8.56221 -40.1029  -6.2673 -4.42731 0.828651  -0.121349  -0.177142 -0.0540479  0.000919137 -0.000319434 -0.000172285 -0.000740756    0.0101249  0.000571427 0.525002        0        0
             39.3001 0.260182 -8.50636 -40.0956 -6.26331 -4.42172 0.831466  -0.089448   -0.13773 -0.0327574  0.000899827 -0.000335231 -0.000175616 -0.000784396   0.00968642  0.000380504 0.525031        0        0
             39.3999 0.748866 -8.34273 -42.2667 -6.26797 -4.43214 0.822795 -0.0449289 -0.0830799 -0.0627651   0.00089313 -0.000324012 -0.000180702 -0.000820446   0.00958048  0.000566513 0.513674        0        0
             39.3999 0.610007 -8.25468 -42.2267 -6.26696 -4.42324 0.827604 -0.0436222 -0.0120456 -0.0308258  0.000939003 -0.000339319  -0.00019204 -0.000479938    0.0091199  0.000226157 0.513661        0        0
             39.4998 0.413918  -8.3537 -43.8716 -6.27318 -4.42896 0.822431 -0.00546131   0.0137265  -0.0393845  0.000996663 -0.000331734 -0.000192771 -0.000516909   0.00945466  0.000313711 0.493632        0        0
             39.4998 0.698318  -8.2927 -43.8348 -6.27755 -4.42896 0.827818  -0.0418571   0.0161976 -0.00388691  0.000920515 -0.000339176 -0.000201498 -0.000314384   0.00963156 -3.66817e-05 0.493644        0        0
             39.6004 0.838005 -8.01378 -44.7117  -6.2731 -4.41635 0.830925 0.0282777 0.0964766 0.0120618  0.000922379 -0.000350546  -0.00019966 -0.000290137   0.00923204 -0.000168489 0.478742        0        0
             39.6004 0.740376 -8.01403 -44.6449  -6.2844  -4.4278 0.829851 -0.0545963  0.0163955 0.00220068  0.000915577 -0.000347369 -0.000211632 -0.000246634    0.0102282 -9.59994e-05 0.478824        0        0
             39.7003 0.861645 -7.82576 -44.2799 -6.27773 -4.41191 0.830435    0.03682   0.115782 0.00696349  0.000924387 -0.000351842 -0.000218645  -0.00020071   0.00967696 -0.000110166 0.487423        0        0
             39.7003  0.80267 -7.82106 -44.2218  -6.2862 -4.42155 0.831239 -0.0241066  0.0432572  0.0102974  0.000910787 -0.000354488  -0.00022843 -0.000277828    0.0104724 -0.000138921 0.487421        0        0
             39.8002 0.921586 -7.50761 -43.1233 -6.27657 -4.40422 0.835224 0.0762149  0.146238 0.0209435  0.000934751 -0.000357982 -0.000235296 -0.000258691   0.00999055 -0.000254851 0.486241        0        0
             39.8002  1.05383 -7.53273 -43.0843 -6.28392  -4.4163 0.829448  0.0218909  0.0520979 -0.0209407  0.000873656 -0.000360563  -0.00023968 -0.000450576    0.0108628  0.000126575 0.48634       0       0
                39.9  1.02776 -7.16195 -41.1867  -6.2795 -4.40679 0.829424  0.0636061   0.102974 -0.0118532  0.000897661 -0.000357994 -0.000247398 -0.000415403     0.010813  4.32923e-05 0.495472        0        0
                39.9  1.05086  -7.1877 -41.1559 -6.28315 -4.41112 0.826216  0.0345936   0.071393 -0.0352222  0.000880109 -0.000352931 -0.000253239 -0.000402586    0.0111732  0.000240785 0.495471        0        0
             39.9999 0.863438 -7.05575 -38.9453 -6.27416 -4.39853 0.822023 0.0875055  0.117248 -0.027089  0.000898842 -0.000352844  -0.00025684 -0.000379903    0.0109799  0.000285735 0.503464        0        0
             39.9999 0.932835 -7.09856 -38.9284 -6.28189 -4.40366  0.82491   0.0270595   0.0824379 -0.00927732  0.000863535 -0.000338719 -0.000258749 -0.000230086    0.0115302  0.000101635 0.503481        0        0
             40.1005 0.889995 -6.90145 -36.3501 -6.27591  -4.3879 0.832049 0.0650982  0.133054  0.026054  0.000877869 -0.000359493 -0.000258844 -0.000140818    0.0113192 -0.000190746 0.50315       0       0
             40.1005 0.948899 -7.03004 -36.3233 -6.28115  -4.3941 0.828672  0.0235109  0.0895936 0.00108476  0.000847868 -0.000326927 -0.000264339 -9.34166e-05    0.0118301  1.79642e-05 0.503206        0        0
             40.2003 0.848582 -6.76476 -33.7667 -6.28088 -4.38339 0.831134  0.0137924   0.119497 0.00339614   0.00086136 -0.000334938 -0.000263627 -2.61221e-05    0.0118753  -9.0053e-05 0.516612        0        0
             40.2003 0.835347 -6.83018 -33.7604 -6.27751 -4.38222 0.827914  0.0409368   0.126196 -0.0178599  0.000867053 -0.000317921 -0.000265809 -0.000163831    0.0116857   0.00012634 0.516618        0        0
             40.3001 0.581403 -6.71829 -31.4566 -6.28257 -4.37579 0.828632  0.00734718    0.100197 -0.00531372  0.000872847 -0.000327974 -0.000256205  -1.577e-05   0.0120905 1.35275e-05 0.535007        0        0
             40.3001 0.610572 -6.78468 -31.4521 -6.26862 -4.36286 0.827773    0.117811    0.188021 -0.00656067  0.000868482 -0.000306258 -0.000258183 -0.000379135    0.0108614  8.77803e-05 0.535057        0        0
                40.4 0.375894 -6.54781 -29.2831  -6.2565 -4.34353 0.830456  0.126569  0.190192 0.0117304  0.000886943 -0.000316871 -0.000259734  -0.00036739    0.0108449 -2.72295e-05 0.550238        0        0
                40.4 0.493748 -6.62082 -29.3132 -6.25083 -4.33819  0.82677   0.168305   0.226499 -0.0130873  0.000856098 -0.000296425  -0.00025195 -0.000486356    0.0103548  0.000229555 0.550237        0        0
             40.4998  0.42268 -6.48526  -27.321 -6.23287  -4.3145  0.82732    0.171277    0.232355 -0.00880587  0.000875546 -0.000300755 -0.000253731 -0.000523989    0.0103034  0.000149805 0.555676        0        0
             40.4998 0.500214 -6.56659 -27.3145 -6.23276 -4.31352 0.823747   0.168359   0.240953 -0.0343624  0.000854144 -0.000279598 -0.000255527 -0.000440414     0.010243  0.000383522 0.555689        0        0
             40.6005 0.281934 -6.47949   -25.76 -6.21524 -4.29102 0.819055   0.164518   0.216499 -0.0411066  0.000875868 -0.000282942 -0.000260319 -0.00049176    0.010259  0.00043063 0.552719        0        0
             40.6005 0.355833 -6.52221 -25.8394 -6.22396 -4.29431 0.820626   0.089543   0.200403 -0.0330625  0.000859127 -0.000274595 -0.000239615 2.91815e-05   0.0106962 0.000289859 0.55271       0       0
             40.7003 -0.00917782    -6.23258    -24.6843  -6.2177 -4.27682 0.826928 0.0634897  0.158315 0.0119827  0.000891429 -0.000301189 -0.000249284  3.03334e-05    0.0107526 -7.29088e-05 0.577362        0        0
             40.7003 0.255091 -6.35856 -24.7771 -6.22451 -4.28166 0.822814 0.00444875   0.129679 -0.0189582  0.000820029 -0.000265452 -0.000223682 0.000431827   0.0112099 0.000176498 0.577418        0        0
             40.8002 -0.0360713   -6.21891   -24.2391 -6.22883 -4.27042 0.829419  -0.03518 0.0844013 0.0279216  0.000830351 -0.000282559 -0.000220888  0.000543073    0.0112418 -0.000149061 0.565908        0        0
             40.8002 -0.126096  -6.27082  -24.2192 -6.22489 -4.27325 0.825155  0.00201291   0.0594819 -1.9704e-05  0.000852629  -0.00027469 -0.000226374 0.000164168   0.0113174 0.000162003 0.565932        0        0
                40.9 -0.187947  -6.32892  -24.1541 -6.23132 -4.26902 0.826991 -0.0456539  0.0115755 0.00804657  0.000872847 -0.000274579  -0.00020659 0.000409168   0.0113714 9.08789e-05 0.575701        0        0
                40.9 -0.0548301   -6.35904   -24.1091 -6.22466 -4.27093 0.825787  0.0163414  -0.011083 0.00286114  0.000837275 -0.000271802 -0.000218874 -0.000182336    0.0113234  0.000205534 0.575703        0        0
             40.9999 0.00421851   -6.55009    -24.132 -6.23023 -4.27702 0.830587 -0.0423163 -0.0745214 0.00225322   0.00085432 -0.000287331 -0.000215793  -3.479e-05   0.0114859 -3.0023e-05 0.588874        0        0
             40.9999 0.0974605  -6.63453  -24.1193 -6.22533 -4.27304 0.826432 -0.0052158 -0.0488402 -0.0258834  0.000831807 -0.000266419 -0.000219509 -0.000228327    0.0111283  0.000257767 0.588904        0        0
             41.1001 0.137189  -6.5943  -23.928 -6.23087  -4.2792 0.826363 -0.0470863  -0.110575 -0.0273473  0.000828259 -0.000278356 -0.000205968 -5.46105e-05    0.0111023  9.96917e-05 0.600158        0        0
             41.1001 0.0857721  -6.60694  -23.8552 -6.22929 -4.27759  0.82314 -0.0361663   -0.09895 -0.0498586   0.00084011 -0.000275325  -0.00022506 -8.08292e-05    0.0109679  0.000316724 0.600164        0        0
             41.1999 0.262272 -6.11667  -23.468 -6.23427 -4.29299 0.822738 -0.0624479  -0.184873 -0.0133464  0.000867752 -0.000284214 -0.000228981 -0.000122844    0.0110299  0.000171273 0.605004        0        0
             41.1999 0.305265 -6.13339 -23.4737 -6.23444 -4.28963 0.820387 -0.0691962  -0.158055 -0.0308178  0.000857413 -0.000278904 -0.000227467  4.6744e-05   0.0108253 0.000318054 0.605019        0        0
             41.2998 0.808248 -6.46309 -23.0106 -6.24349 -4.30772 0.821447   -0.120864   -0.213111 -0.00569406  0.000864166 -0.000287064 -0.000231411 2.29159e-05   0.0107922 0.000187623 0.600427        0        0
             41.2998 0.869389 -6.58831   -23.04 -6.25063 -4.31187 0.818344  -0.183169  -0.236149 -0.0301406  0.000845756 -0.000250939 -0.000223103 0.000478503   0.0112035 0.000366004 0.600423        0        0
             41.4004 0.673492 -7.10275 -22.3865 -6.27652 -4.34173  0.81781  -0.240355  -0.298306 -0.0172474  0.000861795  -0.00026223 -0.000217817 0.000632221    0.011409 0.000256859 0.604571        0        0
             41.4004 0.734399 -7.13547 -22.3409 -6.27269 -4.34178 0.819202   -0.205651   -0.303795 -0.00582264  0.000845669 -0.000258228 -0.000230287 0.000310808     0.01133 0.000186412 0.604579        0        0
             41.5002 0.0424757  -7.42277  -21.5288 -6.29497 -4.37361 0.823561 -0.237346 -0.328624  0.023737  0.000862315 -0.000271656  -0.00023529 0.000297241     0.01134 1.85146e-05 0.591137        0        0
             41.5002 -0.00289182    -7.45831    -21.5267 -6.28748 -4.36768 0.821428 -0.176759 -0.290156 0.0106559   0.00088213 -0.000268288 -0.000236635 -6.40528e-05    0.0108202  0.000195211 0.591147        0        0
             41.6001 -0.477056  -8.00734  -20.9431 -6.30294 -4.39277 0.825812 -0.175386 -0.277165 0.0164727  0.000901914 -0.000274673 -0.000236253 -0.000133634    0.0106235  6.48232e-05 0.601995        0        0
             41.6001 -0.365714  -8.05703  -20.9901 -6.30936 -4.39807 0.823307   -0.229324   -0.310183 -0.00304116  0.000866597 -0.000256657 -0.000223638 0.000227509   0.0110667 0.000195296 0.601986        0        0
                41.7 -0.848355   -8.0108  -20.7239 -6.32595 -4.42664 0.817041  -0.181064  -0.266747 -0.0397806  0.000869143 -0.000244787 -0.000228391 5.74494e-05   0.0109723 0.000408071 0.607874        0        0
                41.7 -0.909558  -7.92837  -20.7391 -6.33296 -4.43142 0.817042  -0.238139  -0.294661 -0.0419435   0.00087908 -0.000260962 -0.000224318 0.000458706   0.0113913 0.000371967 0.607891        0        0
             41.7998 -1.29232 -7.43017 -20.8654 -6.35288 -4.45515 0.808667   -0.21159  -0.215989 -0.0711733  0.000869122 -0.000250712 -0.000222337 0.000389319   0.0112797  0.00052034 0.609594        0        0
             41.7998 -1.27533 -7.37969 -20.9121 -6.35926 -4.45605 0.812957  -0.265622  -0.217411 -0.0438148  0.000863619  -0.00025875 -0.000210289 0.000815188   0.0114617 0.000201443 0.609594        0        0
             41.9005 -1.58404 -6.72947 -21.9429 -6.38057 -4.47296 0.809157  -0.243276  -0.149208 -0.0373695  0.000889981 -0.000254044 -0.000217352 0.000604088   0.0113339 0.000188143 0.607565        0        0
             41.9005 -1.55056 -6.64748 -22.0002 -6.38131 -4.47348 0.813446   -0.246905   -0.153779 -0.00714606  0.000881929 -0.000275066  -0.00020323  0.000588571    0.0113874 -9.77903e-05 0.60757       0       0
             42.0003 -0.794396  -6.43128  -23.2528  -6.4076 -4.48448 0.812015   -0.258169  -0.0807794 -0.00562546  0.000878032  -0.00027155 -0.000197255  0.000667855    0.0113737 -5.32533e-05 0.575214        0        0
             42.0003 -0.713064  -6.43438  -23.2289 -6.41003 -4.49115  0.81616 -0.270525 -0.129412 0.0244458  0.000846529 -0.000271662 -0.000202028  0.000586834    0.0118209 -0.000311771 0.575228        0        0
             42.1001 0.0714959  -6.31232  -24.8984 -6.43897 -4.49896 0.826536  -0.275572 -0.0753644   0.064915  0.000852975 -0.000286279 -0.000197297  0.000662896    0.0117629 -0.000625644 0.566388        0        0
             42.1001 0.0601474  -6.38022  -24.9033 -6.43581 -4.50078 0.818639  -0.249045 -0.0907181  0.0102525  0.000855471 -0.000275149 -0.000195994  0.000447962    0.0117906 -9.54865e-05 0.566416        0        0
                42.2 0.103314  -6.1454 -26.6084 -6.45887 -4.50873 0.828954  -0.211867 -0.0866062  0.0722252  0.000898729 -0.000289668 -0.000197363 0.000417121   0.0117826 -0.00039733 0.57442       0       0
                42.2 0.151241 -6.14325 -26.6021 -6.45406 -4.50467 0.819487  -0.177196 -0.0591997 0.00550416  0.000894607 -0.000295065 -0.000199877 0.000298547   0.0114296 0.000226864 0.574433        0        0
             42.2998 0.0643985  -5.61615  -28.0193 -6.47563 -4.51385  0.82264  -0.197631 -0.0766068  0.0113644  0.000905909 -0.000308925 -0.000196343 0.000406658   0.0115834 0.000131903 0.556407        0        0
             42.2998 0.0634376  -5.63891  -27.9682  -6.4753 -4.51201 0.819712   -0.198349  -0.0619814 -0.00994386  0.000907552 -0.000302121 -0.000209844 0.000487107   0.0114702 0.000320612 0.556413        0        0
             42.4005 0.269595 -5.91491 -29.4956 -6.50092 -4.52306 0.819746  -0.240655  -0.092448 -0.0216879  0.000930895 -0.000300306 -0.000205084 0.000574815   0.0116862 0.000228105 0.567168        0        0
             42.4005 0.212485 -5.95949 -29.4758 -6.49437 -4.51506 0.820994  -0.190094 -0.0379045 -0.0109245  0.000960311 -0.000294934 -0.000212031 0.000377522   0.0110401 0.000147931 0.56711       0       0
             42.5003 0.0540765  -6.51677  -29.8549 -6.51114 -4.51595 0.822417   -0.197697    -0.07438 -0.00554181   0.00095356   -0.0003002 -0.000210074 0.000332996   0.0108049 4.44398e-05 0.574984        0        0
             42.5003 0.0657492  -6.53689  -29.7796 -6.51681 -4.52178 0.820799  -0.243599  -0.113069 -0.0189079  0.000933047 -0.000287474 -0.000227134 0.000534403   0.0113037 0.000143731 0.57501       0       0
             42.6002 0.188529 -6.37627 -29.5878 -6.54289 -4.53756 0.817977  -0.281486  -0.209238 -0.0369523  0.000944422 -0.000287249 -0.000225403 0.000548019   0.0112965 0.000150216 0.555783        0        0
             42.6002 0.165102 -6.30942 -29.5437 -6.54959 -4.54342 0.819051  -0.334603  -0.247279 -0.0316554  0.000932688 -0.000295999 -0.000234003 0.000783282    0.011815 7.14866e-05 0.55579       0       0
             42.7001 0.602006  -6.3265 -29.3813 -6.57934 -4.56703 0.817309  -0.360174  -0.322024 -0.0444915  0.000948836 -0.000304576 -0.000235561 0.000668118   0.0115202 -1.9345e-05 0.555019        0        0
             42.7001  0.70345 -6.37321 -29.3686 -6.58001  -4.5702 0.813933  -0.364774  -0.345314 -0.0682373  0.000916459 -0.000294958  -0.00023836  0.00062344   0.0117084 0.000197421 0.55504       0       0
             42.7999  1.09961 -6.43734 -29.4303 -6.62375 -4.60667 0.813286  -0.469762  -0.430954 -0.0526691  0.000938835 -0.000309093 -0.000228388  0.000730337    0.0116461 -9.21139e-05 0.554382        0        0
             42.7999  1.21548 -6.50478 -29.4339 -6.63159 -4.61544  0.80952   -0.53473  -0.490444 -0.0825753  0.000888318 -0.000285764 -0.000224407 0.000991725   0.0123665 0.000137697 0.55448       0       0
             42.9001  1.36631 -7.05445 -29.2425 -6.68697  -4.6717 0.798613  -0.542553  -0.575433 -0.0694508  0.000873331 -0.000277898 -0.000227918 0.000986697   0.0124824 0.000290702 0.560573        0        0
             42.9001  1.25485 -7.03482 -29.2195 -6.6825 -4.6684 0.80106  -0.504005  -0.555117 -0.0503622  0.000910055 -0.000288791 -0.000235112 0.000763047   0.0121688 0.000149901 0.560564        0        0
                  43  0.54339 -6.54249 -28.7258  -6.7339  -4.7264 0.800521    -0.4725  -0.566948 0.00280941  0.000910706  -0.00029615 -0.000234347 0.000816343   0.0122721 4.85836e-05 0.580889        0        0
                  43 0.449704 -6.49994 -28.6908 -6.73205 -4.72443 0.801679 -0.456413 -0.553135 0.0119657  0.000938567 -0.000308785 -0.000243713  0.000745728    0.0121031 -2.25361e-05 0.580886        0        0
             43.0998 0.102787 -6.14321 -28.6372 -6.77524 -4.77726 0.806131 -0.400592 -0.525332  0.035664  0.000949562 -0.000319856 -0.000243725  0.000782883    0.0120694 -0.000115814 0.556266        0        0
             43.0998  0.19624 -6.20636 -28.6642 -6.77019 -4.77307 0.805124 -0.360039 -0.498446 0.0300861  0.000940863  -0.00031169 -0.000238922  0.000594328    0.0116952 -3.64308e-05 0.556229        0        0
             43.2005  1.04281 -6.19178 -28.9569 -6.80179 -4.82138 0.813264 -0.285984 -0.495837 0.0343338  0.000943674 -0.000326024 -0.000242677  0.000559914    0.0116135 -0.000231536 0.543558        0        0
             43.2005  1.11209 -6.27002 -29.0109 -6.80201 -4.81771 0.809509  -0.294734  -0.466421 0.00644652  0.000932541 -0.000301078 -0.000229744 0.000766231   0.0114259  -3.106e-06 0.543567        0        0
             43.3003   1.7563 -5.72313 -29.9564 -6.83413  -4.8658 0.817176  -0.282772  -0.481459 -0.0128671   0.00095928 -0.000312472 -0.000222919  0.000880241    0.0115276 -0.000380515 0.549942        0        0
             43.3003  1.79819 -5.74435 -29.9621 -6.83117 -4.86567 0.807972  -0.261194  -0.482143 -0.0771837  0.000949645 -0.000308228 -0.000221735 0.000768579    0.011446 0.000232798 0.549959        0        0
             43.4002  1.92394 -7.04914  -31.209   -6.849 -4.90708 0.803702   -0.15366  -0.457498 -0.0597748   0.00093592 -0.000316488 -0.000221321 0.000718793   0.0111392 9.42323e-05 0.560499        0        0
             43.4002  1.89318 -7.19179  -31.268 -6.85681  -4.9161  0.79741 -0.220199 -0.519302 -0.108779  0.000947963 -0.000277873 -0.000206811  0.00101915   0.0119649 0.000520042 0.560579        0        0
                43.5  2.76849  -7.3498 -31.7953 -6.85969 -4.95596 0.787644 -0.0985124  -0.475659  -0.111418  0.000942148 -0.000278132  -0.00022272 0.000639213   0.0112132 0.000490478 0.561794        0        0
                43.5  2.82659 -7.25665 -31.8251 -6.86947 -4.96438 0.785249 -0.179351 -0.530873 -0.132454  0.000931262 -0.000303036 -0.000214707  0.00105969   0.0120555 0.000618658 0.561792        0        0
             43.5998  2.12268 -7.56199  -32.505 -6.88667 -5.01895 0.773364 -0.153299 -0.533433  -0.12445  0.000965883 -0.000309067 -0.000217743  0.00103212   0.0121463 0.000527291 0.561047        0        0
             43.5998  2.15727 -7.59895 -32.5202 -6.88994 -5.02251 0.772761 -0.179759  -0.55792 -0.129819  0.000958003 -0.000298576 -0.000214371  0.00112722   0.0124746 0.000553219 0.561053        0        0
             43.7001 0.780764 -7.39226 -33.4781 -6.90786 -5.08139 0.760405  -0.194677   -0.59367 -0.0808866  0.000964722 -0.000295289 -0.000220544  0.00110074   0.0125275 0.000654487 0.559885        0        0
             43.7001 0.774425 -7.31977 -33.4821  -6.9121 -5.08476 0.766452  -0.224802  -0.617182 -0.0399052  0.000966155 -0.000314201 -0.000219016  0.00117537   0.0128481 0.000227684 0.559881        0        0
                43.8  -0.2738 -6.18765 -34.9133 -6.93816 -5.14903 0.762094   -0.28574   -0.61766 -0.0458256  0.000988849 -0.000318548 -0.000217027  0.00118594   0.0129499 0.000229611 0.556754        0        0
                43.8 -0.289082  -6.12843  -34.8895 -6.93331 -5.14463  0.76898  -0.242044  -0.589799 0.00388931  0.000993315 -0.000336154 -0.000223355   0.00093274    0.0124943 -0.000210029 0.556759        0        0
             43.8998 0.281851 -5.22683 -35.2947 -6.97061 -5.20874 0.773429 -0.374193 -0.586426 0.0616898   0.00101499 -0.000336848 -0.000223679   0.00102836    0.0129109 -0.000309254 0.542413        0        0
             43.8998 0.426901  -5.2271 -35.1909 -6.96796 -5.20456 0.775673  -0.35395 -0.556629 0.0778446  0.000974425 -0.000337265 -0.000251861   0.00101312    0.0125601 -0.000462952 0.542405        0        0
             44.0005  1.46016 -5.98617 -34.9524 -7.01066  -5.2646 0.783861 -0.422675 -0.581676 0.0710055  0.000978619 -0.000336042 -0.000244569    0.0011027    0.0127808 -0.000465411 0.528322        0        0
             44.0005  1.61584 -6.08507 -34.9024 -7.01732 -5.26916 0.781968 -0.478546  -0.61045 0.0553133  0.000933813 -0.000308685 -0.000257957   0.00137968    0.0132938 -0.000342372 0.528374        0        0
             44.1003   1.3623 -6.68944 -33.7105 -7.07972 -5.34256 0.785513 -0.577561 -0.668918 0.0178982  0.000957273 -0.000304532  -0.00025216   0.00150804    0.0139534 -0.000345915 0.531074        0        0
             44.1003  1.36502 -6.64972 -33.5976 -7.07275 -5.33699  0.77997  -0.523391  -0.629552 -0.0182957  0.000955343  -0.00031678 -0.000282967  0.00134347   0.0133577 3.64824e-05 0.531072        0        0
             44.2001 0.878098 -7.06365 -32.3713 -7.12852 -5.40439 0.778087   -0.545284   -0.662395 -0.00666957  0.000952982 -0.000315143 -0.000293463  0.00138485   0.0135252 4.24354e-05 0.537926        0        0
             44.2001 0.775459 -7.06813 -32.4185  -7.1208  -5.3985 0.777324   -0.481839   -0.622552 -0.00901854  0.000986929 -0.000315238 -0.000280843  0.00110418   0.0128808 0.000115264 0.537938        0        0
                44.3  1.61484  -6.0148 -30.5719 -7.17306 -5.46188 0.781575 -0.480925 -0.592267 0.0255348  0.000990118 -0.000318666 -0.000273116   0.00119979    0.0130811 -3.08355e-05 0.543781        0        0
                44.3  1.71801 -5.95474 -30.5087 -7.16728 -5.45524 0.780895 -0.436527  -0.54604 0.0218439  0.000967896 -0.000335814 -0.000290043  0.00109896   0.0124838 3.21308e-05 0.543737        0        0
             44.3998  2.35378 -5.02231 -30.0918 -7.20598 -5.50515 0.782447  -0.365502  -0.485687 -0.0314932   0.00099975 -0.000347482 -0.000297944   0.00105516    0.0123827 -6.73609e-05 0.545759        0        0
             44.3998  2.41218 -5.10838 -30.2371 -7.20202  -5.4995 0.777462  -0.339222  -0.443283 -0.0661352  0.000993485 -0.000322221 -0.000260967  0.00108409   0.0119203 0.000278315 0.545785        0        0
             44.5004  1.82223 -4.09634 -30.6708 -7.22952 -5.54024 0.773969  -0.255617  -0.444028 -0.0429862   0.00101577 -0.000333342 -0.000263662  0.00103961    0.011725 0.000151263 0.558198        0        0
             44.5004  1.78495 -4.14186 -30.7114 -7.22107 -5.52649 0.775626  -0.192371  -0.343027 -0.0290093   0.00103901 -0.000320596 -0.000256401 0.000989535   0.0106081 5.85098e-05 0.558133        0        0
             44.6003  1.63626 -4.50264 -31.2891 -7.24065 -5.56412 0.779308 -0.164287 -0.392994  0.001366   0.00105327 -0.000334142 -0.000259968     0.001043    0.0106772 -0.000175246 0.548478        0        0
             44.6003  1.71944 -4.65837 -31.3259 -7.24175 -5.56613 0.773575  -0.177096  -0.407614 -0.0403589    0.0010298 -0.000292053 -0.000251059  0.00109665   0.0108644 0.000217434 0.548478        0        0
             44.7002  2.37572 -6.11953 -31.5724 -7.25351 -5.60278 0.771906  -0.107511  -0.414951 -0.0574477   0.00105564 -0.000293998 -0.000245016  0.00105941   0.0106033 6.40313e-05 0.537886        0        0
             44.7002  2.53448 -6.16864  -31.525 -7.26978 -5.62363 0.766971  -0.240751  -0.569903 -0.0990395  0.000984626 -0.000275226 -0.000255164  0.00141082    0.012486 0.000374011 0.538041        0        0
                44.8  2.06137 -6.64533 -31.7083 -7.29828 -5.68935 0.754854 -0.242566   -0.6413 -0.107482   0.00100359 -0.000273413   -0.0002515 0.00151767  0.0128425 0.00040757 0.543754        0        0
                44.8  2.13225 -6.57161 -31.7199 -7.30631 -5.69874 0.754871 -0.306598 -0.710576 -0.109772  0.000969435  -0.00028867 -0.000246052  0.00169625   0.0136938 0.000376536 0.543828        0        0
             44.8999  1.70144 -6.41787 -32.1032 -7.33892 -5.76913 0.745303  -0.358583  -0.694569 -0.0289868  0.000989425 -0.000293471 -0.000247451 0.00168953  0.0137151 0.00049957 0.545749        0        0
             44.8999  1.68819 -6.41194 -32.1093 -7.33827 -5.76921 0.750658  -0.349113  -0.697076 0.00905747  0.000993816 -0.000296405 -0.000245788  0.00156729   0.0136763 0.000151627 0.54572       0       0
             45.0001  1.53936 -5.76197 -32.7375 -7.36681 -5.83044 0.750559   -0.38035  -0.633699 0.00986218   0.00103239 -0.000303238 -0.000249422  0.00136255   0.0132219 0.000260937 0.546135        0        0
             45.0001  1.72509 -5.71806 -32.7367 -7.37389 -5.83726 0.756265 -0.436081 -0.685653 0.0476054  0.000969992 -0.000310493 -0.000248153   0.00150585    0.0138693 -0.000141514 0.546204        0        0
                45.1  1.21169 -5.70881 -33.5865 -7.42239  -5.9088 0.756722 -0.492109 -0.667929 0.0352693  0.000983858 -0.000303167 -0.000247105  0.00149339   0.0140926 1.83682e-05 0.547703        0        0
                45.1  1.17384 -5.72289 -33.5711 -7.41844 -5.89793 0.760718 -0.464832  -0.58189 0.0633828   0.00101013 -0.000296591 -0.000251987  0.00167936   0.0132884 -0.00024505 0.547619        0        0
             45.1998  1.56527 -6.02783 -33.3336 -7.46879 -5.95614 0.772856 -0.523472 -0.554887 0.0626715   0.00104964 -0.000305876 -0.000251844   0.00167357    0.0133748 -0.000504663 0.541804        0        0
             45.1998  1.81619 -6.04234   -33.27 -7.46636 -5.94885 0.769607 -0.512371 -0.497614 0.0393652  0.000991225 -0.000298887 -0.000269256   0.00189786    0.0128672 -0.000291409 0.541813        0        0
             45.3005  1.64967 -6.59607  -33.065 -7.52081 -5.99529 0.770788  -0.584505  -0.442003 -0.0128999  0.000981003 -0.000296812 -0.000262865   0.00188922    0.0127989 -0.000293041 0.545665        0        0
             45.3005   1.5302 -6.63211 -33.0332 -7.51812  -5.9968 0.765928  -0.561316  -0.455547 -0.0454568   0.00101099 -0.000292403 -0.000271152  0.00166777   0.0128015 4.47604e-05 0.545653        0        0
             45.4003  0.56877 -6.76457 -32.4528 -7.57292 -6.03803 0.760968  -0.566326  -0.430803 -0.0262749   0.00103531  -0.00029818 -0.000269252 0.00164053  0.0126326 0.00010028 0.542413        0        0
             45.4003 0.600329 -6.74273 -32.4364 -7.57883 -6.04481 0.760638  -0.613877   -0.48144 -0.0296167   0.00100967 -0.000300734 -0.000273568   0.0017507   0.0132509 0.000100006 0.542446        0        0
             45.5002 -0.0352166   -5.88006   -32.5045 -7.63342 -6.09427 0.753743   -0.52911  -0.515438 -0.0296923   0.00100319 -0.000295544  -0.00028461   0.0016581   0.0131482 0.000332417 0.5356      0      0
             45.5002 -0.0778157   -5.78523   -32.5706 -7.63551 -6.09624 0.757139   -0.543664   -0.530643 -0.00605147   0.00101054 -0.000318842 -0.000267205  0.00167545   0.0133307 0.000105363 0.535611        0        0
                45.6 -0.749952  -4.17382  -32.6723 -7.68976 -6.14989 0.754216   -0.521786   -0.478133 -0.00236575   0.00100934 -0.000304104 -0.000272103  0.00164605   0.0134913 0.000221261 0.523737        0        0
                45.6 -0.645852   -4.0974   -32.664 -7.68827 -6.14683 0.760238 -0.507772 -0.456882 0.0406732  0.000988742  -0.00032334 -0.000275382 0.00160529  0.0132546 -0.0001743 0.523711        0        0
             45.6999 -0.305031  -4.92606  -32.5937 -7.72077 -6.17876 0.762641 -0.366052 -0.410886 0.0342794   0.00096626 -0.000325993 -0.000287976   0.00137881    0.0125214 -8.63944e-05 0.516159        0        0
             45.6999 -0.546147  -5.07392  -32.5991 -7.73036 -6.18333 0.765118 -0.447185 -0.437333 0.0476953   0.00101264 -0.000274761 -0.000283902   0.00184324    0.0131323 -0.000240728 0.516184        0        0
             45.8001 -1.12252 -5.02999  -31.806 -7.76101  -6.2215 0.772944 -0.301091 -0.450574 0.0436127  0.00103373 -0.00028503 -0.00029739   0.00170719    0.0126841 -0.000388546 0.511239        0        0
             45.8001 -1.12649 -4.97469 -31.8197 -7.77388 -6.23313 0.768196  -0.406556  -0.529548 0.00628265   0.00100655 -0.000289388  -0.00028921   0.00215788    0.0137994 -5.84264e-05 0.511316        0        0
                45.9 -1.34879 -5.29556 -31.8426 -7.81286 -6.28619 0.765285  -0.387226  -0.532174 -0.0571802   0.00100228 -0.000285725 -0.000285679   0.00216617    0.0137986 -4.29939e-05 0.511496        0        0
                45.9 -1.35006 -5.30109 -31.8591 -7.81525 -6.29423 0.764768  -0.401422  -0.596714 -0.0605537  0.000987115 -0.000290916  -0.00027889  0.00196436   0.0143651 1.54451e-05 0.511489        0        0
             45.9998  -1.6944 -5.65791 -32.9848 -7.85734 -6.35666 0.755325  -0.428143  -0.643034 -0.0849072  0.000993273  -0.00029091 -0.000276955  0.00198561   0.0144252 8.10962e-05 0.512715        0        0
             45.9998  -1.7255 -5.66185 -33.0492 -7.85277 -6.35279 0.754998  -0.389996  -0.615364 -0.0859129   0.00101489 -0.000295717 -0.000262232  0.00182966   0.0140362 9.63407e-05 0.512696        0        0
             46.1004 -2.43619 -4.72515 -34.2193 -7.88694 -6.40958 0.753605 -0.418788 -0.602652 0.0186786   0.00101242 -0.000299135 -0.000268825    0.0017033    0.0136629 -4.88936e-06 0.509207        0        0
             46.1004 -2.42447 -4.63184 -34.2427 -7.88657  -6.4087 0.749392  -0.418169  -0.595019 -0.0115157   0.00101085 -0.000324615  -0.00026349  0.00176681   0.0135935 0.000265651 0.509223        0        0
             46.2003 -1.88681  -3.9182  -35.179 -7.92725 -6.46632 0.751018 -0.472245 -0.569619 0.0174896   0.00105684 -0.000314767   -0.0002697  0.00156701   0.0134828 0.000240473 0.487598        0        0
             46.2003 -1.80026 -3.88475 -35.1762 -7.93198 -6.46697 0.752859 -0.513911 -0.570653 0.0283238   0.00103258 -0.000319543 -0.000270248   0.0018809   0.0137066 0.000119487 0.487567        0        0
             46.3001 -1.33974 -4.48243 -37.0441 -7.98048 -6.51751 0.761372 -0.540842 -0.516994 0.0591144   0.00106253 -0.000331191  -0.00027629   0.00177695    0.0134303 -9.02465e-05 0.483134        0        0
             46.3001 -1.20865 -4.55761 -37.1111 -7.99032 -6.51959 0.763584 -0.628406 -0.524227 0.0724215   0.00102026 -0.000293391 -0.000257304   0.00235503    0.0139379 -0.000239812 0.483117        0        0
                46.4 -0.139503   -5.6584  -38.6849 -8.05062 -6.56445 0.770658 -0.673593 -0.484704 0.0333807   0.00102771 -0.000303529 -0.000270847   0.00232437    0.0136148 -0.000304453 0.475407        0        0
                46.4 -0.210821  -5.71125  -38.7219 -8.05826  -6.5734 0.769597 -0.729255 -0.547313 0.0257433   0.00103179   -0.0002855 -0.000259869   0.00238892    0.0143589 -0.000216806 0.475411        0        0
             46.4998 0.529893 -6.72929 -40.0993 -8.13208 -6.62361 0.769351    -0.817402    -0.496237 -0.000650494   0.00102711 -0.000282038  -0.00026893  0.00233361   0.0141559 -0.00016702 0.461782        0        0
             46.4998 0.345158 -6.63265 -40.1054 -8.13472 -6.63282 0.768977    -0.825857    -0.567489 -0.000750675   0.00107294 -0.000306579 -0.000268297   0.00196937    0.0147404 -0.000123983 0.461763        0        0
             46.6005 0.534477 -7.21341 -40.5422 -8.21562 -6.68464 0.766584  -0.814753  -0.520084 -0.0263569   0.00106901 -0.000306127  -0.00026961    0.0019504    0.0145652 -9.55284e-05 0.457756        0        0
             46.6005 0.642341 -7.14459 -40.5207 -8.22168 -6.69053 0.763602  -0.859994  -0.559306 -0.0476503   0.00103844 -0.000323964 -0.000276328  0.00206749   0.0151311 0.000102483 0.457751        0        0
             46.7004 0.581024 -6.10073  -41.629 -8.30433 -6.74386 0.763217 -0.811532 -0.561545 0.0183231     0.001005 -0.000328613   -0.0002778 0.00210316  0.0149858 2.5724e-05 0.464088        0        0
             46.7004 0.390611 -5.98055 -41.6248  -8.3067 -6.74699 0.762686 -0.826485 -0.583467 0.0145182   0.00105661   -0.0003618 -0.000279279  0.00208711   0.0152573 6.24887e-05 0.464097        0        0
             46.8002 0.430987 -5.61715 -41.6898 -8.37968 -6.79609 0.768638 -0.724385 -0.539686 0.0389614   0.00104341 -0.000371692 -0.000289905   0.00214838    0.0148363 -4.66374e-05 0.464203        0        0
             46.8002 0.310104 -5.80079 -41.6485 -8.37558  -6.7939 0.765967 -0.693102   -0.5247  0.021525   0.00107648 -0.000322116 -0.000301876  0.00202814   0.0145377 0.000145599 0.464197        0        0
                46.9  1.08337 -5.95491 -42.8238 -8.44435 -6.84848 0.764912  -0.630682  -0.531562 -0.0243342   0.00106564 -0.000322106 -0.000303956  0.00207364   0.0147275 0.000192545 0.467466        0        0
                46.9  1.14442 -5.91386 -42.9054 -8.44422 -6.84649 0.766752 -0.631188 -0.515968 -0.011967   0.00105134 -0.000332725  -0.00028159  0.00216915   0.0146136 6.02263e-05 0.467467        0        0
             46.9999  1.70553 -5.67509 -43.8969 -8.50253 -6.89861  0.75956  -0.559813  -0.558309 -0.0804977   0.00106935 -0.000342194 -0.000285525  0.00221254   0.0145325 0.000206359 0.470791        0        0
             46.9999  1.68795 -5.65923 -43.9132 -8.50414 -6.89718 0.763565  -0.573619  -0.545419 -0.0536287   0.00107467 -0.000345959 -0.000280894    0.0023697    0.0145309 -7.89893e-05 0.470795        0        0
             47.1001  0.97794 -5.85211 -45.6758 -8.56013 -6.95519 0.754289  -0.529401  -0.598345 -0.0952261   0.00107599 -0.000349927 -0.000283845   0.00240443    0.0145956 -3.40444e-06 0.465179        0        0
             47.1001 0.876828  -5.8891 -45.7043 -8.55655 -6.95195 0.755926 -0.501285 -0.576294 -0.083013   0.00110603 -0.000340892 -0.000276671   0.00234522    0.0142545 -0.000111643 0.465173        0        0
                47.2 -0.0613217   -7.00848   -47.4059 -8.60126 -7.00802 0.746264 -0.482999 -0.596133 -0.109204   0.00110697 -0.000338517  -0.00028051   0.00226973    0.0140107 -0.000103332 0.457203        0        0
                47.2 -0.0934354   -7.01903   -47.4184 -8.60809 -7.01166 0.746726 -0.537422 -0.617167 -0.108404   0.00111251 -0.000332534 -0.000276716   0.00248489    0.0145362 -0.000145299 0.457221        0        0
             47.2998 -0.421903  -7.29475  -48.9476 -8.65525 -7.06954 0.735354  -0.525645  -0.634317 -0.0806547    0.0011248 -0.000322113 -0.000287399   0.00243433    0.0141663 -8.55383e-05 0.447754        0        0
             47.2998 -0.392375  -7.16143  -48.9592 -8.66185 -7.07384  0.73495  -0.576927  -0.662005 -0.0857203   0.00111198 -0.000356197 -0.000284112   0.00258315    0.0147129 -5.95178e-05 0.447741        0        0
             47.4005 0.666949 -6.75059 -50.2567 -8.71373 -7.12874 0.731225  -0.606048  -0.579141 -0.0121344   0.00112037 -0.000348964  -0.00030057    0.0025566    0.0141468 -0.000117329 0.441538        0        0
             47.4005  0.70094 -6.63351 -50.2899 -8.72933 -7.14317 0.731765  -0.717625   -0.68157 -0.0107611   0.00109769 -0.000377963 -0.000290402   0.00250812    0.0156026 -0.000127032 0.441515        0        0
             47.5003 0.425744 -6.74767 -51.6478 -8.79442 -7.20036 0.734677 -0.693475 -0.603384 0.0645443   0.00109113 -0.000375023 -0.000301708   0.00263081    0.0151502 -0.000141725 0.417733        0        0
             47.5003 0.358269 -6.74158 -51.6879 -8.80292 -7.20995 0.735486  -0.75186 -0.676873 0.0695843   0.00109978 -0.000377695 -0.000290077   0.00242707    0.0160296 -0.000171068 0.417785        0        0
             47.6001 0.627202 -7.53256 -51.4138 -8.88123 -7.28159 0.738361 -0.782672 -0.676382 0.0585123    0.0011388 -0.000358765 -0.000291853  0.00233741   0.0162646 7.70097e-05 0.405601        0        0
             47.6001 0.745108 -7.51772 -51.2801 -8.88104 -7.28191 0.741579 -0.779433 -0.681578 0.0807843   0.00110063 -0.000365058 -0.000329961   0.00225159    0.0162593 -0.000140478 0.405601        0        0
                47.7 0.462586 -8.72053 -50.9027 -8.96106 -7.34704 0.747214  -0.817654  -0.670874 0.00720816   0.00112599 -0.000380833 -0.000331633   0.00237047    0.0161825 -0.000215669 0.397396        0        0
                47.7 0.488641 -8.77974 -50.8879 -8.95619 -7.33717  0.74837 -0.789912 -0.588542 0.0130188   0.00113526 -0.000352969 -0.000336115   0.00283633    0.0154799 -0.000329675 0.397371        0        0
             47.7999 0.281021 -8.11478 -49.8232 -9.04616 -7.40273 0.749525 -0.820899 -0.592631 0.0199126   0.00118847 -0.000377661 -0.000332347   0.00285775    0.0160887 -0.000365119 0.395836        0        0
             47.7999  0.56872 -8.13156 -49.7759 -9.03999 -7.40106 0.742658  -0.776648  -0.582955 -0.0259341   0.00111684 -0.000376895 -0.000345241 0.00273976  0.0156731 0.00011668 0.395841        0        0
             47.9001 0.876604 -7.83775 -49.1626 -9.11992 -7.45874 0.745143 -0.769273 -0.574824  0.051055   0.00113045 -0.000386582 -0.000345133   0.0028179   0.0157514 7.28392e-05 0.400763        0        0
             47.9001 0.922939 -7.91153 -49.1949 -9.11299 -7.45433 0.748377 -0.715058 -0.545346 0.0759163   0.00112938 -0.000367723 -0.000338225    0.0026823    0.0151656 -0.000148443 0.400747        0        0
                  48 0.430204 -7.53606 -48.7746 -9.18487 -7.51055 0.758629 -0.646692  -0.56006  0.083226   0.00117886 -0.000386671 -0.000338085   0.00274483    0.0153442 -0.000242314 0.408412        0        0
                  48 0.546269 -7.66049 -48.8049 -9.18325  -7.5132  0.75369 -0.633127 -0.583801 0.0504758   0.00114819 -0.000357969 -0.000330015  0.00252858   0.0153814 0.000112793 0.40841       0       0
             48.0998  1.14803 -7.47867 -48.7914 -9.23765 -7.56872 0.760251 -0.529663 -0.592597 0.0133627   0.00116065 -0.000362472 -0.000329987  0.00250657   0.0151569 -3.6693e-05 0.398268        0        0
             48.0998  1.29735 -7.48498 -48.8199 -9.24522  -7.5733 0.758914 -0.589818 -0.624315 0.0016394   0.00111133 -0.000359866 -0.000319766  0.00265373   0.0157827 5.37679e-05 0.398278        0        0
             48.2004  1.25552 -7.55641 -48.6507 -9.29902 -7.62991 0.758898  -0.537117  -0.629058 -0.0739572   0.00112531  -0.00037581 -0.000326431  0.00283483   0.0154499 -0.00014921 0.396696        0        0
             48.2004  1.20053  -7.6148 -48.6506 -9.30678 -7.63516 0.755738  -0.596488  -0.663428 -0.0975489   0.00113493 -0.000360003 -0.000325545  0.00298257   0.0161364 6.52545e-05 0.396686        0        0
             48.3003 0.419474 -7.71294 -49.1611 -9.36987 -7.70428  0.74071 -0.600757 -0.683023 -0.162011   0.00116849 -0.000366224 -0.000328886  0.00305797   0.0163441 0.000121504 0.389879        0        0
             48.3003 0.536845  -7.7712 -49.2189 -9.37463 -7.71033 0.740486 -0.634011 -0.732061 -0.163323   0.00112966 -0.000354651 -0.000312041  0.00290341    0.016887 0.000143994 0.38987       0       0
             48.4001 0.0539945  -7.77979  -50.6814 -9.44113 -7.78619 0.723722 -0.660401 -0.753742  -0.10884   0.00115319 -0.000356366 -0.000313761  0.00294419   0.0170306 0.000243072 0.381177        0        0
             48.4001 0.261626 -7.73601 -50.7615 -9.44358  -7.7872 0.729024  -0.677754  -0.763398 -0.0723689   0.00109721 -0.000365712 -0.000291921   0.00293442    0.0171925 -0.000114225 0.381171        0        0
             48.4999 0.409064 -6.50397 -51.7157 -9.51625 -7.86097 0.725209  -0.726123  -0.755052 0.00516364   0.00112302 -0.000373349 -0.000296625   0.00311536    0.0172114 -9.07364e-05 0.365875        0        0
             48.4999 0.450606  -6.4776 -51.6696 -9.51476 -7.86374  0.72877 -0.708101 -0.784403 0.0319422   0.00110897 -0.000388794 -0.000308735   0.00277082    0.0172418 -0.000302937 0.365871        0        0
             48.5998 0.953602 -5.74623  -52.727 -9.58735 -7.94426  0.73329 -0.705197 -0.771672 0.0520113   0.00112815 -0.000393846 -0.000305207   0.00271914    0.0174016 -0.000291169 0.357979        0        0
             48.5998   1.0259  -5.7571 -52.7097 -9.59093 -7.94537  0.73505  -0.73327 -0.778229 0.0631214   0.00110235 -0.000387575 -0.000308704   0.00281347     0.017641 -0.000411544 0.357977        0        0
             48.7001 0.970619 -6.57993 -53.1789 -9.65773 -8.01811 0.739697 -0.693217 -0.747971 0.0116059   0.00110202 -0.000381761 -0.000310989   0.00281144    0.0173428 -0.000448997 0.360114        0        0
             48.7001 0.972347 -6.64069 -53.1499 -9.66272  -8.0134 0.739641  -0.740508  -0.697756 0.00686331   0.00109956 -0.000350253 -0.000318866   0.00345672    0.0174309 -0.000469519 0.360123        0        0
             48.7999 0.888856 -7.40808 -53.5561 -9.73884 -8.08639 0.740281 -0.744462 -0.725895 0.0474988   0.00110928 -0.000349236 -0.000318468   0.00342145    0.0175689 -0.000434362 0.36436       0       0
             48.7999 0.914358   -7.365 -53.5436 -9.74502 -8.09126   0.7369 -0.790976 -0.761804 0.0234984   0.00108709 -0.000360273 -0.000320117   0.00342475    0.0181156 -0.000213573 0.364384        0        0
             48.8998 0.324155 -7.76872 -52.8663 -9.82453 -8.16866 0.738488 -0.745381 -0.747051 0.0209525   0.00108318 -0.000361762 -0.000319018   0.00340694    0.0182519 -0.000189801 0.361333        0        0
             48.8998 0.217535 -7.71229 -52.7583 -9.82608 -8.17074 0.737601  -0.75528 -0.763716 0.0150251   0.00110201 -0.000378643   -0.0003461  0.00334368   0.0184218 -0.00012867 0.361334        0        0
             49.0004 -0.574694  -7.02765  -51.9567  -9.8984 -8.25013 0.734914  -0.636902  -0.782586 -0.0123399   0.00112065 -0.000374846 -0.000348461  0.00335861   0.0185743 2.20259e-05 0.356733        0        0
             49.0004 -0.482061  -6.99936  -51.9512 -9.88431 -8.23825 0.736056    -0.53555   -0.691523 -0.00413241   0.00113498 -0.000377365 -0.000356595 0.00350136  0.0173285  -6.45e-05 0.356765        0        0
             49.1003 -0.531658  -5.81486  -51.5106 -9.93141 -8.30623 0.734496  -0.435711  -0.700345 -0.0198185   0.00113308 -0.000371314 -0.000358867   0.00353858    0.0172512 -4.80092e-05 0.357834        0        0
             49.1003 -0.395435  -5.74477  -51.5563 -9.92255 -8.29979 0.738994 -0.369138 -0.655386 0.0125912   0.00112215 -0.000389109 -0.000352454   0.00348284    0.0165139 -0.000350819 0.357823        0        0
             49.2001 -0.116519  -6.24652  -51.0974 -9.95311 -8.36256 0.737922 -0.301215 -0.667989 -0.061069   0.00109662 -0.000380475 -0.000355641   0.00354614    0.0163106 -0.000406304 0.363883        0        0
             49.2001 -0.327276  -6.31992  -51.1016 -9.95959 -8.36542 0.735334  -0.352016   -0.68377 -0.0806766   0.00113703 -0.000357395 -0.000350891   0.00372033    0.0167772 -0.000234698 0.363862        0        0
             49.2999 -0.182778  -6.53153  -51.7398   -9.992 -8.43549 0.726448  -0.321159  -0.680775 -0.0728154   0.00111081 -0.000353138 -0.000347402   0.00362682    0.0167806 -0.000233722 0.364776        0        0
             49.2999 -0.231652  -6.49168  -51.8113 -9.99636 -8.43645 0.725502  -0.356629  -0.683655 -0.0810115    0.0011212 -0.000362156 -0.000325172   0.00381517    0.0170613 -0.000173195 0.364778        0        0
             49.4002  0.45432 -6.28283 -51.8548 -10.0289 -8.49883 0.721119  -0.354172  -0.635616 -0.0106021   0.00112175 -0.000357413 -0.000329298    0.0038776    0.0168563 -0.000185418 0.357719        0        0
             49.4002 0.463557 -6.21928 -51.8246 -10.0426 -8.50894 0.723398  -0.453017  -0.711724 0.00424504    0.0011105 -0.000374422 -0.000336714   0.00384871    0.0180773 -0.000325906 0.357692        0        0
                49.5 0.216555 -6.32365 -51.9273 -10.0904 -8.58191 0.727237 -0.485133 -0.729605 0.0333374   0.00109101 -0.000374369 -0.000336393  0.00382377   0.0181461 -0.00041793 0.357575        0        0
                49.5 0.00150981   -6.32782   -51.9149 -10.0946 -8.58464 0.724622 -0.517006 -0.747235 0.0143594   0.00115102 -0.000373411 -0.000339922   0.00389098     0.018524 -0.000230599 0.357586        0        0
             49.5998 0.698941 -6.26627 -51.2211 -10.1426 -8.65239 0.726577   -0.52181  -0.715919 -0.0175772   0.00113709 -0.000364148  -0.00034448   0.00400144    0.0181792 -0.000311964 0.356235        0        0
             49.5998 0.689583 -6.22331 -51.1722 -10.1445 -8.65468 0.724526   -0.53516  -0.733844 -0.0316347   0.00113874 -0.000376278 -0.000358158   0.00395568    0.0183941 -0.000163098 0.356238        0        0
             49.7002 -0.072646  -6.40699  -50.0622 -10.1928 -8.71885 0.721234  -0.480979   -0.65158 -0.0808604   0.00111047 -0.000376748 -0.000361461   0.00410278    0.0180518 -0.000327065 0.349447        0        0
             49.7002 -0.173187  -6.38995  -50.0585 -10.1986 -8.72848 0.722183  -0.515564  -0.734061 -0.0723216   0.00114126  -0.00038114 -0.000362815   0.00364315    0.0188332 -0.000372491 0.349439        0        0
                49.8 -1.08101 -5.86449  -49.467 -10.2433  -8.7982 0.718177   -0.418832   -0.703341 -0.00296797   0.00112767 -0.000373912 -0.000364608  0.00364623   0.0186742 -0.00038464 0.349803        0        0
                49.8  -1.1667 -5.84175 -49.4881 -10.2455 -8.80169  0.71091  -0.435724  -0.728604 -0.0533095   0.00115413 -0.000380593 -0.000358948  0.00360716   0.0189723 0.000136634 0.349823        0        0
             49.8998 -1.71347  -4.7213 -48.2615 -10.2803 -8.87688 0.711544  -0.313664  -0.724835 0.00640672   0.00112166 -0.000368365 -0.000349798 0.00336794  0.0189178 2.8422e-05 0.353984        0        0
             49.8998 -1.72314  -4.6317 -48.1788 -10.2866 -8.87468 0.712443  -0.368782  -0.696439 0.00893626   0.00112264 -0.000396608 -0.000374937   0.00395714    0.0191741 -5.22127e-05 0.354008        0        0
             50.0001 -1.35509 -4.86369 -46.8482 -10.3191 -8.95003 0.713143  -0.271088  -0.700774 -0.0123054   0.00107234 -0.000373254 -0.000368042    0.0036812    0.0193881 -3.79014e-05 0.343993        0        0
             50.0001 -1.44957 -4.88329 -46.8186 -10.3176 -8.93815 0.716016  -0.275097  -0.596805 0.00238623   0.00109886  -0.00035857 -0.000377687   0.00449135    0.0187478 -0.000279062 0.344001        0        0
             50.0999  -1.0407 -5.98868 -45.6694  -10.341 -8.99722 0.710937  -0.195865  -0.564011 -0.0798161   0.00108143 -0.000349341   -0.0003779   0.00444263    0.0187743 -0.000231124 0.329268        0        0
             50.0999 -1.14571 -6.02955 -45.7223 -10.3399 -8.99657 0.710064  -0.188035  -0.558679 -0.0858509   0.00111276 -0.000337959 -0.000362776   0.00443328    0.0186861 -0.000171304 0.329268        0        0
             50.1998 -0.944375  -6.77741  -44.9839  -10.355 -9.05165 0.699822  -0.132055  -0.509573 -0.0885414   0.00108955  -0.00032476 -0.000360455   0.00431351    0.0187299 -0.000117755 0.342935        0        0
             50.1998  -1.0835 -6.67033 -45.0338 -10.3558  -9.0533 0.700544  -0.134778  -0.523457 -0.0830981   0.00112944 -0.000355344 -0.000346943   0.00423394    0.0188565 -0.000162247 0.342929        0        0
             50.3004 -1.18634 -6.39845 -42.9551 -10.3676 -9.10133 0.694768  -0.139509  -0.460662 -0.0440737   0.00111803 -0.000353633  -0.00034716   0.00421472    0.0187462 -0.000196933 0.34045       0       0
             50.3004 -1.23761 -6.37854 -42.8754 -10.3677 -9.10381 0.694865  -0.136597  -0.482384 -0.0423776   0.00112926 -0.000359835 -0.000369253   0.00403991    0.0188786 -0.000190544 0.340445        0        0
             50.4003 -0.694904  -5.87172  -40.0203 -10.3817 -9.15354 0.693872  -0.138736  -0.452494 0.00503181    0.0010943 -0.000351099 -0.000363305   0.00393767     0.019007 -0.000210936 0.346636        0        0
             50.4003 -0.754398  -5.81137  -39.9327 -10.3885 -9.15442 0.692764   -0.196144   -0.449797 -0.00570938   0.00110381  -0.00036367 -0.000387606   0.00436879    0.0193833 -0.000143216 0.346626        0        0
             50.5001 -0.436042  -5.76316  -35.8745 -10.4104 -9.19612 0.692311 -0.227402 -0.364198 -0.013539   0.00113599 -0.000376138 -0.000383531   0.00439477    0.0194543 -0.000142956 0.355815        0        0
             50.5001 -0.330025  -5.91782  -35.7252 -10.3976 -9.17781 0.691975  -0.143505  -0.224376 -0.0171331   0.00111771 -0.000324526 -0.000424736   0.00469392    0.0178643 -0.000167686 0.355752        0        0
             50.5999 -1.09215 -5.37143 -31.5804 -10.4159 -9.20005 0.692547   -0.168373   -0.188996 -0.00562908   0.00114936 -0.000341787 -0.000418126   0.00469661    0.0180414 -0.000304419 0.376023        0        0
             50.5999 -0.868696  -5.48235  -31.6213 -10.4176 -9.20683 0.692099   -0.175833   -0.245255 -0.00757735   0.00108283 -0.000320004 -0.000405903   0.00441384    0.0185085 -0.000249262 0.376012        0        0
             50.6999 -1.16438 -4.50094 -28.6351 -10.4327 -9.22984 0.689969  -0.151365  -0.212925 0.00212648   0.00108962 -0.000309742 -0.000411884   0.00435769    0.0184586 -0.000127109 0.404717        0        0
             50.6999 -1.23124  -4.4566 -28.7257 -10.4397 -9.23964 0.688983   -0.203493   -0.285271 -0.00526752   0.00109739 -0.000326046 -0.000386238   0.00440254    0.0193307 -4.31244e-05 0.404736        0        0
             50.8001 -1.58112 -4.39689 -27.3891 -10.4573 -9.26506 0.688473    -0.15673   -0.236212 -0.00243658   0.00110984 -0.000324538 -0.000388652 0.00437324  0.0192854 -3.019e-05 0.426364        0        0
             50.8001 -1.50222 -4.50308 -27.5034 -10.4643 -9.26875 0.685565  -0.218897  -0.257883 -0.0247031   0.00108218 -0.000292099 -0.000355979  0.00480605   0.0197497 0.000171834 0.426379        0        0
                50.9  -1.7596 -4.41341  -27.993 -10.4832 -9.29196 0.686452   -0.155038   -0.211039 -0.00544721    0.0010782 -0.000299656 -0.000350881  0.00486445   0.0197493 6.50254e-05 0.443184        0        0
                50.9 -1.74339 -4.43857 -28.1156 -10.4901 -9.29691 0.689728 -0.213482 -0.246381 0.0160443   0.00106744 -0.000289301 -0.000316106   0.00519538      0.02032 -0.000160125 0.443194        0        0
             50.9998 -0.966394  -4.80327  -29.5245 -10.5162 -9.32282 0.686967  -0.255621  -0.208186 -0.0198585   0.00105358 -0.000276251 -0.000304087   0.00529073    0.0205688 -9.88395e-06 0.447004        0        0
             50.9998 -0.994695  -4.74385  -29.5137 -10.5135  -9.3204 0.695466 -0.228341 -0.193755 0.0411126    0.0010634 -0.000295029  -0.00030774   0.00507741    0.0203385 -0.000619658 0.447003        0        0
             51.1004 -0.392422  -5.35049  -31.5644 -10.5461 -9.34372 0.700403 -0.316601 -0.220405 0.0278059   0.00106366 -0.000309052 -0.000301449   0.00526647    0.0206261 -0.000710024 0.423422        0        0
             51.1004 -0.338648  -5.42613  -31.5802 -10.5325 -9.33142 0.699929 -0.203802 -0.133764 0.0273104   0.00106929 -0.000300912 -0.000297625   0.00468884    0.0193396 -0.000690071 0.423343        0        0
             51.2003 -0.339503  -5.09557  -33.6326 -10.5553 -9.34597 0.707717 -0.262137  -0.19398 0.0560376   0.00108665 -0.000322722 -0.000301686   0.00473315    0.0192518 -0.000874068 0.4117      0      0
             51.2003 -0.410332  -5.07673  -33.6493 -10.5441 -9.33409 0.702749 -0.174481 -0.106702 0.0229424   0.00113012 -0.000337828 -0.000298511   0.00445988    0.0180993 -0.000530406 0.411697        0        0
             51.3001 -0.336256  -4.91619  -35.7738 -10.5631 -9.34124  0.70799 -0.234345 -0.118446 0.0333834   0.00112975 -0.000356211 -0.000307664   0.00450312    0.0178669 -0.000668223 0.394036        0        0
             51.3001 -0.289764  -4.97398  -35.8318 -10.5663 -9.34268  0.70426  -0.265045  -0.125289 0.00545204   0.00111367 -0.000334523 -0.000291051   0.00473002    0.0180768 -0.000412608 0.394035        0        0
                51.4 -0.047595  -5.09101  -37.7411 -10.5922 -9.34983 0.708448 -0.304509 -0.105628 0.0233731   0.00112551 -0.000345989 -0.000294965   0.00472069    0.0178112 -0.000554439 0.367217        0        0
                51.4 -0.0211011   -5.12495   -37.7555 -10.6008 -9.36027 0.704061   -0.371071    -0.17956 -0.00878781   0.00109621 -0.000330921 -0.000289838   0.00485955    0.0187482 -0.000247752 0.367219        0        0
             51.4998 -0.482691  -5.38298  -39.9249  -10.639 -9.37683 0.705435 -0.399935 -0.196778 0.0169279   0.00111733 -0.000344124 -0.000287331   0.00489944     0.018653 -0.000315311 0.366412        0        0
             51.4998 -0.554465  -5.41249  -39.9549 -10.6576 -9.40067 0.704013  -0.532412  -0.370076 0.00643636   0.00109078  -0.00033034 -0.000277309   0.00491113    0.0207444 -0.000211643 0.36639       0       0
             51.6005 -1.50325 -6.20954 -42.3923 -10.7096  -9.4354  0.70814 -0.527775 -0.359615 0.0272743   0.00109351 -0.000341683 -0.000273836   0.00491111    0.0205867 -0.000311895 0.345213        0        0
             51.6005 -1.55148 -6.23178 -42.3928 -10.7199 -9.44882 0.707366 -0.601672 -0.458237 0.0217672   0.00107963  -0.00033369 -0.000272166   0.00485622    0.0217819 -0.000245516 0.345172        0        0
             51.7004 -1.54496 -6.73028 -44.3156 -10.7825 -9.49456 0.709876   -0.588213   -0.438507 0.000273531   0.00105338 -0.000335388 -0.000274362   0.00493547    0.0219243 -0.000322154 0.339447        0        0
             51.7004 -1.62735 -6.71302 -44.2203 -10.7783 -9.48618    0.708  -0.564036  -0.371146 -0.0134335   0.00109038 -0.000333025  -0.00030034   0.00520453    0.0213009 -0.000226457 0.339442        0        0
             51.8002 -1.29132 -6.47669 -46.3886 -10.8252  -9.5164 0.707528  -0.480499  -0.329771 -0.0149789   0.00106657 -0.000331799 -0.000301517   0.00515415    0.0209169 -0.000302326 0.345791        0        0
             51.8002 -1.47304 -6.40115 -46.3866 -10.8179 -9.50539 0.704872 -0.431716 -0.241595  -0.03368    0.0011416 -0.000347728 -0.000305761   0.00542697    0.0200213 -0.000177615 0.345823        0        0
                51.9 -1.17573 -5.96602 -48.1481 -10.8541 -9.52533 0.702268  -0.302666  -0.183259 -0.0118617   0.00114445 -0.000346231 -0.000307508   0.00543705    0.0199268 -0.000169189 0.338498        0        0
                51.9 -1.19472 -5.92098 -48.0876 -10.8457  -9.5133 0.707185   -0.24262 -0.0901958  0.0223627   0.00117762 -0.000353052 -0.000328606   0.00564877    0.0189411 -0.000555161 0.338501        0        0
             51.9999  -1.4436 -5.58985 -49.6574 -10.8623  -9.5165 0.706639    -0.121261  -0.00893329 -0.000447031   0.00117044 -0.000343781 -0.000332885   0.00567774     0.018834 -0.000464622 0.335413        0        0
             51.9999 -1.46775 -5.55866 -49.6913 -10.8588 -9.51866 0.706662 -0.0877596 -0.0334181 0.00229206   0.00117922 -0.000363402 -0.000323129   0.00530012    0.0187454 -0.000455483 0.335412        0        0
             52.1001 -1.86208 -5.41588 -51.2195 -10.8584 -9.51675 0.707907 0.0258428 0.0279423  0.008406   0.00117708 -0.000360407 -0.000322212  0.00524647   0.0185422 -0.00050484 0.329196        0        0
             52.1001 -1.93304 -5.39202  -51.173 -10.8668 -9.52147 0.709749  -0.0386404 -0.00335011   0.0193031   0.00117604 -0.000360313  -0.00033234   0.00539504    0.0192071 -0.000604439 0.329187        0        0
                52.2 -1.01692 -5.50756  -51.795 -10.8606 -9.51021 0.713091 0.0496669 0.0908041 0.0198948    0.0011637 -0.000351438 -0.000338298    0.0054858    0.0187783 -0.000683994 0.314921        0        0
                52.2 -1.12144 -5.48465 -51.7684 -10.8717 -9.52181 0.709785  -0.0294579    0.002169 -0.00385168   0.00116713 -0.000360449 -0.000341753   0.00530603    0.0198824 -0.000396028 0.314877        0        0
             52.2998 -1.29131 -6.06232 -52.0956 -10.8712 -9.52354 0.707269    0.039465  -0.0202716 -0.00625242   0.00116843 -0.000348166 -0.000341599   0.00524098     0.019921 -0.000308332 0.314204        0        0
             52.2998  -1.3184 -6.00613 -52.0501 -10.8786 -9.52571 0.711109 -0.0167451 -0.0309095  0.0179537   0.00116679 -0.000359409 -0.000352946   0.00547534    0.0204382 -0.000559812 0.314213        0        0
             52.4004 -1.20377 -5.84241  -51.634  -10.878 -9.52891 0.713472  0.0425532 -0.0051115  0.0115838   0.00117474 -0.000358964 -0.000353643   0.00547792    0.0204872 -0.000563865 0.315738        0        0
             52.4004 -1.19895 -5.83279 -51.5875 -10.8846 -9.53378 0.709773 -0.00821579  -0.0394314  -0.0160848   0.00116165  -0.00036089 -0.000364818   0.00552498    0.0210651 -0.000280317 0.315752        0        0
             52.5003 -0.518861  -6.06205   -50.524 -10.8782 -9.53251 0.706747   0.0837609 -0.00425686  -0.0385123   0.00116657 -0.000358912 -0.000365379   0.00554895    0.0208557 -0.000308311 0.315949        0        0
             52.5003 -0.441974  -6.05548   -50.477 -10.8824 -9.53465 0.710606  0.0539615 -0.0202029 -0.0123328   0.00114079 -0.000360393 -0.000378307    0.0055706    0.0211852 -0.000567558 0.315957        0        0
             52.6001 -0.184903  -5.48743  -49.2008  -10.868 -9.53208 0.710465    0.164204    0.012474 -0.00731217   0.00113472   -0.0003608 -0.000381408  0.00566095   0.0209489 -0.00060055 0.321427        0        0
             52.6001 -0.256616  -5.45468  -49.1936 -10.8688  -9.5309 0.709112   0.154714   0.026716 -0.0189491   0.00114718 -0.000366052 -0.000382676     0.005807    0.0209417 -0.000515325 0.321427        0        0
                52.7 -0.145608  -4.82974  -47.6381 -10.8483 -9.52196 0.706698  0.202429  0.075983 -0.026196    0.0011408 -0.000362598 -0.000384811   0.00587134    0.0207336 -0.000542363 0.332049        0        0
                52.7 -0.155776  -4.82335  -47.6418 -10.8488 -9.52596 0.706585   0.203335  0.0401592 -0.0257965   0.00114664 -0.000359416 -0.000383703   0.00564864    0.0209108 -0.000522544 0.332047        0        0
             52.7999 -0.0125864   -4.62156   -46.0819 -10.8226 -9.51852 0.704518   0.248466   0.051824 -0.0231107   0.00112564 -0.000352363  -0.00038369    0.0056397    0.0207216 -0.000527681 0.328749        0        0
             52.7999 -0.153198  -4.63571  -46.0775 -10.8297 -9.52392 0.702709   0.196213   0.015031 -0.0371121   0.00117081 -0.000349229 -0.000384798   0.00571161    0.0213137 -0.000397106 0.328742        0        0
             52.9001 -0.00222775    -4.03972    -44.9359 -10.8033 -9.51648  0.69764   0.222624  0.0293042 -0.0347818   0.00115372 -0.000338503 -0.000388895   0.00576031    0.0209536 -0.000337419 0.336337        0        0
             52.9001 7.33927e-05    -3.99159    -44.9918 -10.8072 -9.51721 0.701269   0.191667  0.0267694 -0.0111252   0.00115428 -0.000352082 -0.000372984   0.00593664    0.0211984 -0.000589703 0.336332        0        0
                  53 -0.0256252   -3.54328   -44.3509 -10.7911 -9.51995 0.696965    0.180594 -0.00887114  -0.0161085   0.00117211 -0.000343043 -0.000372795   0.00587865    0.0214304 -0.000418775 0.332892        0        0
                  53 -0.0561362   -3.54342   -44.3657 -10.7905 -9.51777 0.696816   0.182056  0.0100673 -0.0176716   0.00118153 -0.000341982 -0.000368662    0.0060085    0.0212877 -0.000411344 0.332894        0        0
             53.0998 0.0810483  -3.48047  -44.9253 -10.7682 -9.51258 0.697364   0.162569 0.00969825 -0.0144902   0.00116595 -0.000331138 -0.000373585   0.00600035    0.0209649 -0.000516035 0.324971        0        0
             53.0998 0.110648 -3.45689 -45.0266  -10.771 -9.51101 0.698849    0.136412   0.0268157 -0.00588414   0.00115882 -0.000336501 -0.000344534   0.00630528    0.0210308 -0.000625857 0.324978        0        0
             53.2004 0.0222042  -3.56624  -45.5362 -10.7653  -9.5152 0.695663  0.0324388 -0.0214856 -0.0209413   0.00113772 -0.000323903 -0.000341862   0.00622528    0.0213027 -0.000510074 0.325798        0        0
             53.2004 -0.128216  -3.54628  -45.5128 -10.7676 -9.51857 0.694279  0.0172719 -0.0468384 -0.0303606   0.00117822 -0.000330001 -0.000348385   0.00615568    0.0216056 -0.000406707 0.325801        0        0
             53.3003 -0.201731  -3.44514   -46.262 -10.7724 -9.52769 0.689598 -0.0764103 -0.0917178 -0.0535001   0.00116991 -0.000323889  -0.00034836   0.00611003    0.0217744 -0.000399376 0.327131        0        0
             53.3003 -0.238342  -3.37846  -46.2589 -10.7698 -9.52343 0.691855 -0.0580863 -0.0585883  -0.038106    0.0011819 -0.000343859  -0.00034931  0.00622243     0.02141 -0.00056598 0.327121        0        0
             53.4001 -0.426634  -3.22612  -47.1299 -10.7806 -9.53584 0.688948  -0.156944  -0.149398 -0.0125542   0.00116434 -0.000329026 -0.000348471   0.00613803    0.0215027 -0.000549734 0.328599        0        0
             53.4001 -0.482565   -3.1777  -47.1251 -10.7821 -9.53571  0.68913  -0.169618  -0.146071 -0.0119909   0.00117986  -0.00034237 -0.000349885  0.00625872   0.0215814 -0.00056172 0.328598        0        0
             53.4999 -0.464519  -3.95701  -47.8057 -10.8052 -9.56088 0.686822 -0.284062 -0.275019 0.0121122   0.00117435 -0.000324348 -0.000343473   0.00604045    0.0217653 -0.000435206 0.321533        0        0
             53.4999 -0.54478 -3.92796 -47.7646 -10.8015 -9.54885 0.690393 -0.267164 -0.173241 0.0343387   0.00120472 -0.000324769 -0.000353267   0.00667563    0.0209551 -0.000704552 0.321543        0        0
             53.5998 -0.201441  -4.06064  -48.6162 -10.8332 -9.56998  0.69473 -0.363017 -0.228961 0.0361826   0.00120182 -0.000317404 -0.000354977   0.00668156     0.020971 -0.000729874 0.321667        0        0
             53.5998 -0.217696  -3.96935  -48.6428 -10.8333 -9.56955 0.693496 -0.364758 -0.224731 0.0272039   0.00120673 -0.000342641 -0.000347463   0.00673663    0.0209564 -0.000639686 0.321669        0        0
             53.7005 -0.0116125   -4.52992   -49.3226 -10.8719 -9.59174 0.696282 -0.452603 -0.242055 0.0109744   0.00116945 -0.000334497 -0.000347036   0.00668835     0.020814 -0.000695995 0.320028        0        0
             53.7005 -0.134436  -4.50672  -49.3242 -10.8776 -9.60228 0.694817  -0.486618  -0.329144 0.00197126    0.0011925 -0.000345454 -0.000347576   0.00624751    0.0216475 -0.000570118 0.320018        0        0
             53.8003 -0.702594  -5.10645  -49.7418   -10.93 -9.63569 0.696463 -0.540352 -0.354119 0.0505969   0.00121152 -0.000347455 -0.000348915   0.00629394    0.0216309 -0.000548985 0.322525        0        0
             53.8003 -0.593195   -5.1185  -49.7028 -10.9334 -9.63639 0.695253   -0.5697 -0.355375 0.0406172   0.00117658 -0.000340818 -0.000359738   0.00647646    0.0218567 -0.000460867 0.322519        0        0
             53.9002 -0.687221   -5.6231  -50.1325 -10.9895 -9.67069 0.700284 -0.524286  -0.36106 0.0749282    0.0011987 -0.000341857 -0.000364571   0.00659163    0.0218327 -0.000411178 0.314653        0        0
             53.9002 -0.652666  -5.60453  -50.1456 -10.9898 -9.67198 0.700274 -0.525369 -0.372596 0.0752021     0.001188 -0.000348353 -0.000360963   0.00650998    0.0219108 -0.000406589 0.31465       0       0
                  54 -2.10208 -5.84027  -50.652 -11.0298 -9.70774  0.70746 -0.370948  -0.34894 0.0756885   0.00120986 -0.000346224 -0.000356069   0.00641543    0.0217322 -0.000325009 0.318263        0        0
                  54  -2.1515 -5.82344 -50.6755 -11.0316 -9.71089 0.708632 -0.380712 -0.375582 0.0842351   0.00121947  -0.00035381 -0.000348827   0.00626169    0.0219789 -0.000395882 0.318267        0        0
             54.0998 -2.19789 -6.59396 -51.0666  -11.068 -9.74417 0.713787 -0.336706 -0.351484 0.0233389   0.00120131 -0.000348353 -0.000355422   0.00639671    0.0219279 -0.000396878 0.310555        0        0
             54.0998  -2.1608 -6.59409 -51.0694 -11.0724   -9.746 0.714435 -0.371879 -0.362422 0.0262991   0.00118454 -0.000345612  -0.00035418   0.00652291    0.0222696 -0.000429729 0.310567        0        0
             54.2005 -1.10924 -6.77649  -51.635 -11.1038 -9.78213 0.712274  -0.309825  -0.408037 -0.0352128   0.00118898 -0.000332478 -0.000357481   0.00653738     0.022071 -0.000347139 0.305375        0        0
             54.2005 -1.08085 -6.66521 -51.6327 -11.1079 -9.78059 0.715278  -0.344965  -0.389946 -0.0169487   0.00117785 -0.000355676 -0.000358163   0.00688045    0.0222466 -0.000568237 0.305376        0        0
             54.3003 -1.17351 -6.16519  -52.503 -11.138 -9.8172 0.70855  -0.288199  -0.424126 -0.0789014     0.001209 -0.000354218 -0.000366579   0.00708007     0.022044 -0.000500499 0.313412        0        0
             54.3003 -1.18898 -6.09519 -52.5305 -11.1367 -9.81573 0.713532  -0.276577  -0.414844 -0.0437876   0.00121697 -0.000372898 -0.000360147   0.00704854    0.0219095 -0.000860206 0.313424        0        0
             54.4002 -0.906664  -6.69134  -54.1252 -11.1574 -9.85434 0.710007 -0.219107 -0.432975 -0.043965   0.00122225 -0.000374148 -0.000361508   0.00708153    0.0216374 -0.000924231 0.307312        0        0
             54.4002 -0.849032  -6.77166   -54.177 -11.1614 -9.86221 0.706837  -0.243773  -0.498674 -0.0651716   0.00119546 -0.000359947 -0.000344579   0.00672112    0.0222029 -0.000655423 0.307335        0        0
                54.5 -0.678601  -6.61986  -55.2102 -11.1816 -9.90774 0.699851  -0.216038  -0.511646 -0.0401158   0.00122721 -0.000362993 -0.000350963   0.00691089    0.0219249 -0.000603751 0.304007        0        0
                54.5 -0.692532  -6.57383   -55.169 -11.1896 -9.91635 0.698102  -0.271743  -0.579128 -0.0524119   0.00121039 -0.000379701 -0.000359187   0.00669353    0.0227582 -0.000437845 0.304024        0        0
             54.5998 -0.776154  -6.64892  -56.6382 -11.2101 -9.96252 0.693453  -0.256503  -0.533167 -0.0382466   0.00121882 -0.000371563  -0.00036997   0.00701029    0.0222397 -0.000469362 0.291598        0        0
             54.5998 -0.747099  -6.59994  -56.6769 -11.2204 -9.97066 0.694978   -0.32977  -0.596234 -0.0283353   0.00118647 -0.000386303 -0.000355803   0.00688152    0.0231818 -0.000543154 0.291595        0        0
             54.7001 -0.472993  -5.64315  -57.9684 -11.2602 -10.0336 0.691233  -0.410193  -0.576983 -0.0308453   0.00119709 -0.000391715  -0.00035191   0.00676668    0.0234172 -0.000497445 0.286386        0        0
             54.7001 -0.568279   -5.6102  -57.9237 -11.2603 -10.0342 0.689707  -0.41081 -0.581698 -0.041244   0.00122035 -0.000401575 -0.000364044  0.00674521   0.0234517 -0.00038853 0.286385        0        0
                54.8 0.716229 -5.68907 -58.8777 -11.2956  -10.084 0.689783  -0.435218  -0.555172 -0.0189846   0.00120645 -0.000398838 -0.000364987   0.00684186    0.0229598 -0.000562829 0.268454        0        0
                54.8 0.742161 -5.74207 -58.8449 -11.2973 -10.0808 0.686395 -0.454835  -0.52054  -0.04539   0.00119918 -0.000373575 -0.000372675   0.00724718    0.0229531 -0.000340317 0.268461        0        0
             54.8999  1.65256 -5.92803 -59.2973 -11.3431   -10.13 0.678888 -0.479358 -0.518308   -0.0835    0.0012086 -0.000365246 -0.000376783   0.00737434    0.0228285 -0.000273956 0.276232        0        0
             54.8999  1.58489 -5.94047  -59.296 -11.3481 -10.1356 0.678055   -0.5128 -0.564252 -0.088524   0.00121312 -0.000366918   -0.0003768   0.00714736    0.0233335 -0.000204209 0.276253        0        0
             55.0001 0.293983 -5.85868 -59.4856  -11.397 -10.1888 0.665208  -0.49441 -0.555691 -0.104028      0.00124 -0.000368356 -0.000378258   0.00728235    0.0231972 -0.000102367 0.274943        0        0
             55.0001 0.259213 -5.80053 -59.4635 -11.3987   -10.19 0.672508  -0.503276  -0.569325 -0.0518033   0.00124581 -0.000385884 -0.000383561   0.00715937    0.0233306 -0.000618741 0.274945        0        0
             55.0999 -0.955041  -5.23505  -59.4729 -11.4503 -10.2486 0.668882 -0.513935 -0.580956 0.0113986   0.00126422  -0.00037995 -0.000384935   0.00713831    0.0234002 -0.000524382 0.26527       0       0
             55.0999 -0.976694  -5.23143   -59.442 -11.4468 -10.2455 0.667897  -0.489348  -0.554778 0.00406372   0.00128036 -0.000376957 -0.000394896   0.00726031     0.023065 -0.000455905 0.265277        0        0
             55.1998 -1.81542 -4.72414 -59.0986 -11.4869 -10.2933 0.672788 -0.395499 -0.520738 0.0546648   0.00127185 -0.000364879 -0.000400349   0.00746959    0.0226771 -0.000535727 0.254114        0        0
             55.1998 -1.79053 -4.67509 -59.0963 -11.4926 -10.2996 0.671999 -0.434243 -0.573626  0.050399   0.00124247 -0.000388741 -0.000398353   0.00720724    0.0232486 -0.000465293 0.254096        0        0
             55.3004 -1.65131 -3.63717 -58.6301 -11.5279 -10.3488 0.680958 -0.329938 -0.504529 0.0391178   0.00121979 -0.000375463 -0.000403039   0.00734616    0.0229869 -0.000686825 0.260722        0        0
             55.3004 -1.71783 -3.59026 -58.5733 -11.5427 -10.3565 0.679153 -0.441628 -0.559531 0.0254312   0.00120206 -0.000387714 -0.000414216   0.0074036   0.0241784 -0.00052387 0.260696        0        0
             55.4003 -0.586409  -3.45814   -58.421 -11.5809 -10.4086 0.684283   -0.388838   -0.559813 -0.00542689   0.00117635 -0.000380866 -0.000417282   0.00747732    0.0239661 -0.000728634 0.250215        0        0
             55.4003 -0.566151  -3.46357  -58.4845 -11.5811 -10.4111  0.68321   -0.38837  -0.583968 -0.0117649   0.00117104 -0.000379311 -0.000398722   0.00725893     0.024076 -0.000647568 0.250217        0        0
             55.5001 0.293282 -3.36715 -58.0648 -11.6087 -10.4612 0.681657   -0.29172  -0.579648 -0.0563967   0.00115503 -0.000374933  -0.00040292   0.00749374    0.0235356 -0.000787075 0.248045        0        0
             55.5001 0.151189 -3.36754 -58.0536 -11.6185 -10.4688 0.676924  -0.363239  -0.637236 -0.0890119   0.00119905 -0.000375048 -0.000406211   0.00735128    0.0244847 -0.000410901 0.248059        0        0
             55.5999 0.177753 -2.61951  -58.316 -11.6469 -10.5272 0.675124  -0.283058  -0.610229 -0.0526328      0.00114 -0.000380275 -0.000409316   0.00750699     0.024199 -0.000743096 0.250075        0        0
             55.5999 -0.067189  -2.60253  -58.3757 -11.6474 -10.5285  0.66753 -0.286086 -0.617119 -0.106366   0.00121256 -0.000384978 -0.000392489   0.00749015    0.0242812 -0.000166513 0.250064        0        0
             55.6998 -0.095957  -2.79268  -58.1604  -11.672  -10.583 0.662509  -0.278994  -0.551191 -0.0298935   0.00118232 -0.000377553  -0.00039552   0.00757419     0.024028 -0.000294985 0.25472       0       0
             55.6998 -0.221499  -2.82209  -58.1319 -11.6819 -10.5906 0.660944  -0.350402  -0.610893 -0.0402505   0.00122299 -0.000369023 -0.000403979   0.00739983     0.025005 -0.000175506 0.254686        0        0
             55.8005 0.211952 -3.04598 -58.0361 -11.7154 -10.6443  0.66084 -0.396432 -0.570364 0.0074487   0.00120775 -0.000367793 -0.000407601   0.00760448    0.0246562 -0.000232303 0.254786        0        0
             55.8005 0.185552  -3.0548 -58.0453 -11.7156 -10.6408 0.661047  -0.401659  -0.536355 0.00709089   0.00121523 -0.000364337 -0.000404711   0.00793731    0.0245304 -0.000243705 0.25479       0       0
             55.9003 0.575001 -3.54907 -58.2624 -11.7572 -10.6915 0.663493 -0.462692 -0.522164 0.0189083   0.00120191 -0.000357371 -0.000407596  0.00802202   0.0243842 -0.00028916 0.244788        0        0
             55.9003 0.504493 -3.52135 -58.2935 -11.7625 -10.6969 0.665231 -0.497374 -0.568054 0.0326696   0.00122051 -0.000367019 -0.000399223   0.00778325     0.024939 -0.000424908 0.244779        0        0
             56.0002  1.70325 -4.00626 -58.3416 -11.8112 -10.7481 0.668013  -0.539311  -0.535722 -0.0184793  0.00120885 -0.00036879 -0.00040038   0.00790539    0.0246845 -0.000514149 0.24397       0       0
             56.0002  1.78247 -4.02249 -58.3694 -11.8104 -10.7514 0.666921  -0.529389  -0.567887 -0.0241891   0.00118626 -0.000365557   -0.0003931   0.00756416    0.0247537 -0.000434524 0.243972        0        0
                56.1  1.11318  -4.1099 -58.6701 -11.8605 -10.8013 0.666308  -0.552673  -0.528049 -0.0293072    0.0011626 -0.000362149 -0.000395255   0.00771332       0.0244 -0.000586623 0.253914        0        0
                56.1  0.84856 -4.03117 -58.6946 -11.8645 -10.8043  0.66419  -0.580878  -0.550532 -0.0442589   0.00123796 -0.000385204 -0.000387949   0.00766827     0.024798 -0.000432621 0.253905        0        0
             56.1999 -0.752586   -3.9907   -58.671  -11.923 -10.8552 0.659801   -0.575926   -0.511961 -0.00220026   0.00124579 -0.000385598 -0.000391056    0.0078106    0.0247777 -0.000330151 0.248164        0        0
             56.1999 -0.736356  -4.00406   -58.615 -11.9266 -10.8538 0.663295 -0.606352 -0.496063 0.0207355   0.00123932 -0.000380862 -0.000407595   0.00809466    0.0249679 -0.000599746 0.24817       0       0
             56.3001 -0.941746  -3.17106  -57.5466 -11.9844 -10.9041 0.675306 -0.533157 -0.481295 0.0995811   0.00119087 -0.000374814  -0.00040742   0.00799693    0.0249951 -0.000893338 0.243445        0        0
             56.3001 -1.08466  -3.0949  -57.509 -11.9856 -10.9085 0.669781 -0.537703  -0.51874 0.0622671   0.00122975 -0.000398715 -0.000418364   0.00771112    0.0252419 -0.000476633 0.243458        0        0
             56.3999 -1.15715 -3.06375 -56.9925  -12.036 -10.9594 0.680818 -0.461247 -0.476866 0.0478314   0.00118766 -0.000400307 -0.000417565   0.00763547    0.0253128 -0.000760867 0.247201        0        0
             56.3999 -1.29594 -3.10758 -56.9619 -12.0425 -10.9531 0.679236 -0.522584 -0.406118 0.0313704   0.00122391 -0.000377006 -0.000426981   0.00858562    0.0255023 -0.000634534 0.2472      0      0
             56.4998 -0.585144   -2.8644  -57.2032 -12.0868 -10.9857 0.690211 -0.441701 -0.396213 0.0408018   0.00115781 -0.000380433 -0.000432144  0.00881807   0.0251229 -0.00107956 0.246678        0        0
             56.4998 -0.713808  -2.86089  -57.3231 -12.0862 -10.9938 0.680177  -0.428563  -0.468986 -0.0263121   0.00119487 -0.000389125  -0.00039719   0.00813265    0.0253887 -0.000327912 0.246696        0        0
             56.6004 -0.365663  -2.85765  -57.4967 -12.1259  -11.045 0.681441  -0.360287  -0.534015 -0.0249146   0.00115311 -0.000386059 -0.000397252  0.00806401   0.0253973 -0.00054772 0.24588       0       0
             56.6004  -0.6161 -2.89715 -57.4923 -12.1282 -11.0516 0.673824   -0.37269  -0.589106 -0.0765568   0.00122057 -0.000379342 -0.000397863  0.00765842   0.0258109 2.69372e-05 0.245873        0        0
             56.7003 -0.271071   -3.5851  -57.9954 -12.1595 -11.1065  0.66987   -0.32641  -0.589273 -0.0830184   0.00118012 -0.000363343 -0.000403681   0.00778137    0.0255279 -0.000201572 0.245927        0        0
             56.7003 -0.373746  -3.56639  -58.0211 -12.1622 -11.1037 0.665627 -0.352601 -0.556406 -0.115345    0.0012094 -0.000363881 -0.000396075   0.0082268   0.0255948 0.000122267 0.245934        0        0
             56.8002 0.0618421  -3.73673  -58.8753 -12.1891  -11.151 0.657671 -0.298995 -0.524924 -0.104951   0.00117429 -0.000351726 -0.000401052   0.00840481    0.0251439 -7.11224e-05 0.240814        0        0
             56.8002 -0.120404  -3.66225  -58.9184 -12.1962 -11.1536 0.657972 -0.352695 -0.540929 -0.103678   0.00122106  -0.00037165 -0.000387802   0.00854698    0.0257292 -8.77381e-05 0.240817        0        0
                56.9 -0.527009  -2.02427  -59.5083 -12.2304 -11.2062 0.650284  -0.378785  -0.535029 -0.0845377   0.00120987 -0.000379088  -0.00038731   0.00859368    0.0256182 -0.000145661 0.244077        0        0
                56.9 -0.587167  -1.90351  -59.4486 -12.2369 -11.2088 0.654784 -0.426917 -0.554406  -0.05284   0.00121642 -0.000411005 -0.000403837   0.00865452    0.0261611 -0.000485578 0.244077        0        0
             56.9998 -0.691463 -0.388883   -59.839 -12.2762 -11.2537 0.652527  -0.439982  -0.496597 -0.0196127   0.00120216 -0.000399362 -0.000410392    0.0089169    0.0257485 -0.000585705 0.244814        0        0
             56.9998 -0.754655 -0.402402  -59.8491 -12.2761 -11.2592 0.653446  -0.432403  -0.549445 -0.0100814   0.00121604 -0.000404847 -0.000407771   0.00840291     0.025943 -0.000666682 0.244815        0        0
             57.1005  0.657448 -0.026232  -59.5799 -12.3139 -11.3095 0.654607 -0.422421 -0.534129 0.0215595   0.00121461 -0.000400167 -0.000409052   0.00847939     0.025594 -0.000670161 0.243311        0        0
             57.1005  0.717061 -0.107903  -59.5453 -12.3189 -11.3181 0.652532  -0.453868  -0.609461 0.00975781   0.00118528 -0.000386801 -0.000418793    0.0079468    0.0262317 -0.000538423 0.243262        0        0
             57.2003   1.16793 -0.932709   -59.389 -12.3638 -11.3778 0.657803 -0.478476  -0.62242 0.0207657   0.00116186 -0.000392822 -0.000421269   0.00803891     0.026111 -0.000704446 0.232828        0        0
             57.2003  0.94198 -1.04422 -59.4061 -12.3706 -11.3778  0.65206  -0.534382  -0.609783 -0.0221266   0.00121542  -0.00035332 -0.000415594   0.00840213    0.0265678 -0.000253548 0.232857        0        0
             57.3002 0.126504 -1.80465 -58.7635 -12.4265 -11.4355 0.650869  -0.578882  -0.507059 -0.0269914   0.00119711 -0.000354409 -0.000415179   0.00829788    0.0266158 -0.000348686 0.242939        0        0
             57.3002 0.00805261   -1.78243   -58.7385 -12.4258 -11.4278 0.652236  -0.581823  -0.434687 -0.0209952  0.00123654 -0.00034747 -0.00042117   0.00896275    0.0263035 -0.000412613 0.242904        0        0
                57.4 -0.471901  -2.81027  -57.8223 -12.4808 -11.4678 0.652484 -0.555441 -0.426719 0.0219729   0.00122952 -0.000335759 -0.000424125    0.0090413    0.0261448 -0.000425524 0.241564        0        0
                57.4 -0.500932  -2.80616  -57.8058 -12.4827 -11.4691 0.649664  -0.570837  -0.436155 0.00183382   0.00123339 -0.000336785 -0.000429217   0.00903385    0.0263328 -0.000216813 0.24156       0       0
             57.4998 -0.602155   -2.6452  -57.0787 -12.5396  -11.514 0.649146 -0.539386 -0.438323 0.0135006   0.00124286 -0.000328357 -0.000430333   0.00900616    0.0264125 -0.000123615 0.245022        0        0
             57.4998 -0.54994 -2.53484    -57.1 -12.5368 -11.5121 0.652216 -0.516749 -0.426071 0.0357191   0.00123558 -0.000358908 -0.000424709   0.00900385     0.026151 -0.000354638 0.245019        0        0
             57.6005 -0.0749657   -3.08807   -56.8806  -12.583 -11.5546 0.655357 -0.422237 -0.454799 0.0146919   0.00123379 -0.000347998 -0.000426447   0.00902168    0.0260342 -0.000373134 0.241061        0        0
             57.6005 -0.0439243   -3.13332   -56.9389 -12.5871  -11.562  0.65612 -0.447399 -0.521492 0.0221017   0.00121165 -0.000347476 -0.000409462   0.00856973    0.0265892 -0.000423474 0.241045        0        0
             57.7004 -0.114559  -3.09364  -57.4307 -12.6224 -11.6076 0.658728  -0.368916  -0.498799 -0.0309607   0.00120677  -0.00034939 -0.000411848    0.0087671    0.0262221 -0.000571112 0.243274        0        0
             57.7004 -0.250231  -3.06069   -57.494 -12.6288 -11.6141 0.658604  -0.413955  -0.553919 -0.0311162   0.00122659 -0.000364728 -0.000392147   0.00853189    0.0268946 -0.000552284 0.24324       0       0
             57.8002 0.191518 -4.14924 -58.3634 -12.6679 -11.6632 0.656131  -0.396498  -0.550871 -0.0632067   0.00121355 -0.000360998 -0.000397818   0.00878879    0.0266642 -0.000695725 0.243172        0        0
             57.8002 0.223583 -4.18018 -58.3756 -12.6742 -11.6635 0.657195  -0.448633  -0.547247 -0.0576296   0.00119459 -0.000344675 -0.000393577   0.00907904    0.0270888 -0.000764357 0.243188        0        0
             57.9001  1.47273 -5.02373 -59.9609 -12.7157 -11.7163 0.650175  -0.387655   -0.58093 -0.0759965   0.00119751 -0.000342499 -0.000397082   0.00924118    0.0269509 -0.000782887 0.242755        0        0
             57.9001  1.52317 -4.97058 -60.0665 -12.7172 -11.7232  0.64993  -0.392465  -0.645242 -0.0746718   0.00117614 -0.000368677 -0.000367771    0.0087127    0.0273028 -0.000763154 0.242745        0        0
             57.9999  1.74349 -5.14744 -62.2171 -12.7511 -11.7856 0.644767  -0.315813  -0.641495 -0.0391969   0.00117463 -0.000367244 -0.000369815  0.00881812   0.0271876 -0.00080099 0.239075        0        0
             57.9999  1.64916 -5.09617 -62.2765 -12.7492 -11.7865 0.638284  -0.301057  -0.648565 -0.0839983   0.00120384 -0.000385968 -0.000353417  0.00872412   0.0271057 -0.00033198 0.239076        0        0
             58.1002  2.27235 -3.91302 -63.2116 -12.7763 -11.8405 0.632968  -0.310373  -0.547433 -0.0470993    0.0012116 -0.000390958 -0.000356267   0.00897651    0.0267827 -0.000396573 0.242395        0        0
             58.1002  2.28632 -3.87233 -63.0673 -12.7822 -11.8386 0.629092  -0.361817  -0.520103 -0.0773703    0.0011957 -0.000386003 -0.000394248  0.00946292   0.0271324 -0.00014071 0.242398        0        0
                58.2   2.5401 -3.60302 -63.0169 -12.8152 -11.8813 0.621364  -0.334821  -0.471803 -0.0384994   0.00123525 -0.000380941 -0.000400157   0.00977509    0.0268989 -4.43732e-05 0.240681        0        0
                58.2  2.59999 -3.65904 -62.9771  -12.822 -11.8884 0.625051  -0.380339  -0.533637 -0.0103782   0.00119605 -0.000376924 -0.000409462   0.00939547    0.0275328 -0.000323247 0.240704        0        0
             58.2999  2.61005 -3.18194 -62.9847 -12.8554 -11.9264 0.623407   -0.38531  -0.438143 -0.0236574   0.00123269 -0.000379218 -0.000415254   0.0099205   0.0270939 -0.00030774 0.236146        0        0
             58.2999  2.71179 -3.27715 -63.0114 -12.8515  -11.934 0.625159   -0.345767   -0.517116 -0.00625969    0.0012062 -0.000379985 -0.000408493   0.00904908     0.027046 -0.000431206 0.236135        0        0
             58.4001  2.17548 -4.53151 -61.8039 -12.8856 -11.9838 0.622055  -0.343604  -0.491992 -0.0177954   0.00123261 -0.000375807 -0.000409081   0.00907683    0.0269874 -0.000339515 0.230713        0        0
             58.4001  2.16655 -4.62612  -61.719 -12.8977 -11.9921  0.62388   -0.431971   -0.559675 -0.00406762   0.00120081 -0.000358594 -0.000431917   0.00881455    0.0280389 -0.000513558 0.230689        0        0
             58.4999  1.71091  -5.3615 -59.0668 -12.9388 -12.0395 0.622753 -0.428825 -0.497262 0.0116092   0.00123142  -0.00036294 -0.000433689   0.00906528    0.0278784 -0.000449743 0.234588        0        0
             58.4999  1.85156 -5.42108 -59.0314  -12.944 -12.0466 0.623101 -0.463446 -0.559774 0.0163166   0.00117584 -0.000354474 -0.000444408   0.00864922    0.0284363 -0.000491544 0.234592        0        0
             58.5998  0.49907 -5.91122 -57.2547 -12.9885 -12.0982 0.623247  -0.44459 -0.559079 0.0292754   0.00121804 -0.000363416 -0.000446834  0.00886225   0.0282884 -0.00038373 0.234269        0        0
             58.5998 0.526063  -5.9559 -57.2869 -12.9909 -12.0918 0.625582 -0.472045 -0.496446 0.0411516   0.00120834 -0.000355668 -0.000438047   0.00959323    0.0282194 -0.000568581 0.23427       0       0
             58.7001 -0.513428  -4.86132   -56.042 -13.0386 -12.1455 0.627505 -0.427639 -0.509807 0.0317531   0.00123045 -0.000353586  -0.00043818    0.0095162     0.028424 -0.000452789 0.233396        0        0
             58.7001 -0.366504  -4.80026  -56.1005  -13.035 -12.1425 0.629874 -0.402167 -0.488904 0.0482872   0.00118782 -0.000371041 -0.000420644   0.00956547    0.0280593 -0.000631982 0.233386        0        0
             58.7999 -0.566834  -5.07431  -55.4227 -13.0685 -12.1904 0.633757 -0.300017 -0.491342 0.0236025   0.00118356 -0.000367055 -0.000418858   0.00950666    0.0279337 -0.000643534 0.228349        0        0
             58.7999 -0.528595  -5.11394  -55.4278 -13.0709 -12.1878 0.638232 -0.322131 -0.465595  0.053039   0.00117187 -0.000355651 -0.000417586    0.0098291    0.0279844 -0.000995901 0.228347        0        0
             58.8998 -0.884437  -4.73515  -55.1697 -13.0964 -12.2332  0.64212 -0.230169 -0.483086 0.0165769   0.00116675 -0.000346231 -0.000423243    0.0099506    0.0278511 -0.000986099 0.228603        0        0
             58.8998 -0.978488  -4.67793  -55.2384 -13.0956 -12.2339 0.639344   -0.223355   -0.489345 -0.00237892   0.00119636 -0.000363193 -0.000403291   0.00987827    0.0278319 -0.000772502 0.228605        0        0
             59.0004 -1.71676 -5.39514 -55.5089 -13.1161 -12.2801 0.636984  -0.192415  -0.463625 -0.0449399   0.00118121 -0.000361675 -0.000406309   0.00996172    0.0277596 -0.000809318 0.232045        0        0
             59.0004 -1.77249 -5.46905 -55.5333 -13.1175 -12.2829 0.632716  -0.201149  -0.485425 -0.0737841   0.00119856 -0.000340344 -0.000398511   0.00983735    0.0279644 -0.000479242 0.232049        0        0
             59.1003 -1.45733 -6.46472  -55.499 -13.1355 -12.3325 0.625784   -0.17268  -0.501024 -0.0490723   0.00119997  -0.00032969 -0.000399356   0.00979777     0.027955 -0.000415782 0.225908        0        0
             59.1003 -1.31003 -6.42024 -55.5008 -13.1399 -12.3366 0.627694 -0.203777 -0.534088 -0.035419   0.00115434 -0.000343577 -0.000399625     0.009671    0.0284217 -0.000542967 0.225925        0        0
             59.2001 -1.28637 -5.48929 -56.6233 -13.1588 -12.3883 0.625299   -0.213536   -0.509153 -0.00685846    0.0011613 -0.000333317 -0.000402191   0.00965282    0.0283349 -0.000543206 0.226477        0        0
             59.2001 -1.33638 -5.36364 -56.7183 -13.1622 -12.3898  0.62256   -0.24124  -0.516352 -0.0270306   0.00117603 -0.000368936 -0.000375504   0.00978121    0.0286283 -0.000323111 0.226495        0        0
             59.2999 -1.23595 -6.16174 -57.7272 -13.1876 -12.4401 0.621734 -0.274966 -0.498701 0.0106897   0.00118127 -0.000358876  -0.00037756    0.0097691    0.0286047 -0.000306193 0.234336        0        0
             59.2999 -1.16287 -6.21757 -57.6871 -13.1874 -12.4331 0.624388 -0.281639 -0.434859 0.0260851   0.00116294 -0.000336444 -0.000388888    0.0103519    0.0283102 -0.000546255 0.234318        0        0
             59.3998 0.157482 -6.39552 -57.8191 -13.2164 -12.4763 0.627076  -0.301985  -0.426146 0.00740733   0.00116486 -0.000333225 -0.000389311    0.0103284    0.0283085 -0.000559952 0.222044        0        0
             59.3998 0.246295 -6.30939 -57.7931 -13.2201 -12.4793  0.62825   -0.3281 -0.450688 0.0158113   0.00113478  -0.00035851 -0.000397052    0.0102459    0.0286727 -0.000634991 0.222045        0        0
             59.5004 0.757624  -6.6884 -57.7585 -13.2521 -12.5161 0.626056  -0.364603  -0.412449 -0.0484292   0.00114261 -0.000367828 -0.000401523   0.0105526   0.0283636 -0.00063343 0.227172        0        0
             59.5004 0.678485 -6.77173 -57.7823 -13.2521 -12.5231 0.625094   -0.35574  -0.476762 -0.0513929   0.00116423 -0.000347998 -0.000395931    0.0099133    0.0286284 -0.000526538 0.227174        0        0
             59.6003 0.710578 -6.91918 -57.0033 -13.2884 -12.5686 0.619479   -0.38699  -0.471147 -0.0699909   0.00116694 -0.000358894 -0.000394592   0.00998885    0.0285302 -0.000558314 0.22575       0       0
             59.6003 0.731113 -6.91014 -56.9677 -13.2949 -12.5766 0.620417  -0.430059  -0.538352 -0.0617034   0.00115346   -0.0003657 -0.000404971   0.00959602    0.0292799 -0.000609062 0.225723        0        0
             59.7002 0.260142 -6.67502  -55.988 -13.3368 -12.6247 0.611727  -0.452369  -0.516274 -0.0682356   0.00118255 -0.000374667 -0.000407923   0.00979067    0.0290687 -0.000522703 0.227724        0        0
             59.7002 0.282362 -6.69806 -55.9443 -13.3397 -12.6222 0.614787  -0.478918  -0.490175 -0.0493476   0.00117337 -0.000363841 -0.000420177    0.0101447    0.0291633 -0.000773316 0.227724        0        0
                59.8 -0.581645  -5.58905     -55.4 -13.3898 -12.6736 0.609996 -0.484809 -0.531211 0.0217637   0.00121454 -0.000363778 -0.000423766    0.0102078     0.029249 -0.000653311 0.223845        0        0
                59.8 -0.534944  -5.60315  -55.4765 -13.3953 -12.6822 0.606145   -0.521791   -0.601984 -0.00350604   0.00119248 -0.000368035 -0.000400202   0.00981497    0.0299674 -0.000341005 0.223852        0        0
             59.8998   -1.331 -4.93751 -55.1454 -13.4476 -12.7484 0.606698   -0.471649   -0.624496 -0.00492674   0.00119941 -0.000373837 -0.000393653   0.00960173    0.0302416 -0.000333936 0.220395        0        0
             59.8998 -1.25197 -4.99262 -55.0666 -13.4462 -12.7409 0.609934 -0.468576 -0.557429 0.0148636   0.00118149 -0.000347468 -0.000417808    0.0101404    0.0298326 -0.000601826 0.220389        0        0
             60.0001 -1.04924 -4.16237 -55.7897 -13.4869 -12.7947 0.610544  -0.386968  -0.545756 -0.0150399   0.00116241 -0.000341298 -0.000419359    0.0101265    0.0296803 -0.000661375 0.222705        0        0
             60.0001 -1.11233 -4.09697 -55.8502 -13.4849 -12.7819 0.612183   -0.385451     -0.4302 -0.00883216   0.00119237 -0.000345701 -0.000405984    0.0111276    0.0290172 -0.000824266 0.222678        0        0
             60.0999 -0.549377  -3.77889  -56.5081 -13.5145 -12.8191 0.612981  -0.294329  -0.428726 -0.0233018   0.00117645 -0.000346169 -0.000409876   0.0112497   0.0286353 -0.00097738 0.220605        0        0
             60.0999 -0.59975  -3.8134 -56.5292 -13.5141 -12.8238 0.611555  -0.285945  -0.472022 -0.0309834   0.00118844 -0.000342903 -0.000403121    0.0108267    0.0288057 -0.000861261 0.220603        0        0
             60.2002 -1.13979 -4.03388 -57.4318 -13.5367 -12.8704 0.607647  -0.223888  -0.477481 -0.0560381   0.00117773 -0.000329369 -0.000406187    0.0108338    0.0286369 -0.000868893 0.218776        0        0
             60.2002 -1.24078 -4.03536 -57.4487  -13.541 -12.8793  0.60315    -0.2503  -0.553193 -0.0847735   0.00119697 -0.000336818 -0.000399519    0.0103284    0.0292906 -0.000516522 0.218794        0        0
                60.3 -1.38467 -4.68142 -58.8089 -13.5629 -12.9342 0.595367  -0.215385  -0.544092 -0.0780738   0.00118458 -0.000320116 -0.000401185    0.0102325    0.0292489 -0.000583175 0.219116        0        0
                60.3 -1.43262 -4.65573 -58.8658 -13.5673 -12.9382 0.592181  -0.247728  -0.575043 -0.0996527   0.00118979 -0.000330038 -0.000383679   0.0101432   0.0297141 -0.00033205 0.21912       0       0
             60.3999 -1.58071 -4.45696 -60.4632 -13.5903 -12.9968 0.587332   -0.250285    -0.59403 -0.00618083   0.00118434 -0.000320339  -0.00038549    0.010116   0.0296265 -0.00037334 0.218214        0        0
             60.3999 -1.64148 -4.37391 -60.4336 -13.5984 -12.9981 0.586972  -0.316754   -0.59758 -0.0108889   0.00118329 -0.000332151 -0.000393051    0.0104313    0.0302546 -0.000332734 0.218232        0        0
             60.5001 -1.58719 -4.29204 -61.1355  -13.625 -13.0482 0.589007   -0.326036   -0.509971 -0.00239578   0.00118495 -0.000310871 -0.000398694    0.0105515    0.0298076 -0.000454838 0.207698        0        0
             60.5001 -1.57231  -4.2325 -61.1001  -13.627 -13.0461 0.589347   -0.344614   -0.487736 -0.00177995   0.00117903 -0.000319795 -0.000408519    0.0108432    0.0298709 -0.000482799 0.207698        0        0
             60.5999 -1.32266 -5.16048 -61.8801 -13.6612 -13.0892  0.58831   -0.374802   -0.455257 -0.00816929   0.00118025 -0.000313098  -0.00041153    0.0109944    0.0296899 -0.000489482 0.206968        0        0
             60.5999 -1.44518 -5.18778 -61.8774  -13.666 -13.0925 0.592542 -0.409711 -0.484871 0.0224054    0.0012038 -0.000307482 -0.000411868    0.0108608    0.0301622 -0.000786388 0.206977        0        0
             60.6998 -0.018251  -5.37833  -61.4506 -13.7049 -13.1329 0.594765   -0.45043  -0.448322 -0.0171449   0.00119658 -0.000302323 -0.000416369    0.0111503    0.0298019 -0.000884829 0.211358        0        0
             60.6998 0.122077 -5.29962 -61.4119 -13.7065 -13.1402 0.594092 -0.456565 -0.517266 -0.018296   0.00114773 -0.000336884 -0.000429177     0.010548    0.0301543 -0.000811297 0.211371        0        0
             60.8005 0.227567 -5.86009 -60.3568 -13.7491 -13.1801 0.590279 -0.490403 -0.456628 -0.051738   0.00115392 -0.000333257  -0.00043246    0.0108927    0.0296587 -0.000857408 0.2111      0      0
             60.8005  0.10664  -5.9008 -60.3511 -13.7535 -13.1896 0.588821  -0.517387  -0.542245 -0.0576635   0.00118177   -0.0003284 -0.000435391    0.0102173    0.0303091 -0.000725605 0.211113        0        0
             60.9003 -0.328272  -5.74531  -59.5951  -13.806 -13.2441 0.581875  -0.520213  -0.538403 -0.0321283   0.00119681  -0.00033209 -0.000434568    0.0102219    0.0303384 -0.000628764 0.211461        0        0
             60.9003 -0.369303  -5.75212  -59.6022 -13.8131 -13.2448 0.577435  -0.578877  -0.534556 -0.0643405   0.00120419 -0.000330089  -0.00043316    0.0105826     0.030884 -0.000310576 0.21148       0       0
             61.0001 -0.434277  -4.91765  -58.9409 -13.8706 -13.3018 0.570039  -0.537059  -0.563683 -0.0326335   0.00123894 -0.000339078 -0.000431514    0.0105299    0.0310133 -0.000123101 0.212347        0        0
             61.0001 -0.265794  -4.91061  -58.9388 -13.8714  -13.299 0.576279 -0.545485 -0.539927 0.0097079   0.00119403 -0.000334569 -0.000431842    0.0107367    0.0309639 -0.000595174 0.212341        0        0
                61.1 -0.34304 -4.02775 -58.6903 -13.9229 -13.3515  0.57644  -0.484836  -0.512395 -0.0144691   0.00119403 -0.000334569 -0.000431842    0.0107367    0.0309639 -0.000595174 0.212341        0        0
                61.1 -0.429902  -4.04779   -58.689 -13.9209 -13.3441 0.579625  -0.474084  -0.444274 0.00504041   0.00122964 -0.000312203 -0.000434804    0.0112518    0.0305517 -0.000845343 0.212347        0        0
             61.1998 0.0158444   -3.1506  -58.9024 -13.9593 -13.3816 0.578286  -0.38295 -0.424897 -0.026534   0.00123869 -0.000303223 -0.000439628     0.011426    0.0302018 -0.000851629 0.207436        0        0
             61.1998 0.163997 -3.09399 -58.9587 -13.9577 -13.3833 0.580204  -0.367893  -0.444762 -0.0116299   0.00119967 -0.000325117 -0.000423643    0.0111731    0.0301573 -0.000988198 0.207439        0        0
             61.3004 0.377182 -2.57027 -59.4726 -13.9903 -13.4254 0.575893 -0.319754 -0.459254 -0.056722   0.00121634 -0.000324117 -0.000426653    0.0113362    0.0299671 -0.000944444 0.205085        0        0
             61.3004 0.330012 -2.60352 -59.4915 -13.9929 -13.4324  0.57745  -0.333995  -0.524054 -0.0431692   0.00121641 -0.000328472 -0.000419579   0.0108259     0.03041 -0.00105685 0.205056        0        0
             61.4003 0.287751  -2.3532 -59.8846 -14.0215 -13.4811  0.57058  -0.277028  -0.534701 -0.0607447    0.0012371 -0.000333405  -0.00042124    0.0110137    0.0302096 -0.000991479 0.210906        0        0
             61.4003 0.251221 -2.44644 -59.8661 -14.0269 -13.4869 0.566233  -0.317342  -0.582151 -0.0892933   0.00123413 -0.000310919 -0.000424768    0.0107973    0.0307919 -0.000691736 0.210911        0        0
             61.5001 0.118394 -2.69862 -60.3145  -14.054 -13.5425 0.564698  -0.291527  -0.554418 -0.0321382   0.00119461 -0.000305638 -0.000426455    0.0107766    0.0306006 -0.000958753 0.207814        0        0
             61.5001 0.0476067  -2.64623   -60.324 -14.0614 -13.5443 0.565014  -0.350512  -0.563917 -0.0307353   0.00121173  -0.00032078 -0.000423164    0.0109899     0.031202 -0.000982197 0.207821        0        0
                61.6 -0.0612651   -3.08967    -60.845 -14.0938 -13.5948 0.567518 -0.359759 -0.536953 0.0501171   0.00119596 -0.000322759  -0.00042671   0.0111883   0.0309491 -0.00105383 0.208781        0        0
                61.6  -0.1639 -3.10973 -60.8462 -14.1006  -13.598 0.563186 -0.412112 -0.558967 0.0205864   0.00122707 -0.000317073 -0.000426847    0.0112488    0.0315704 -0.000733044 0.20877       0       0
             61.6998 -0.723535  -3.73101  -61.0717 -14.1427 -13.6475 0.568151 -0.466099 -0.514029  0.045537   0.00121405 -0.000318708 -0.000430241    0.0114451    0.0313416 -0.000790844 0.193079        0        0
             61.6998 -0.80741 -3.75838 -61.0563 -14.1407 -13.6468 0.564372 -0.450308 -0.506842 0.0190873   0.00123813 -0.000310419 -0.000434299    0.0114451    0.0311608 -0.000496647 0.193083        0        0
             61.8001 -0.00570361    -3.95125    -60.8512  -14.186 -13.6968 0.564869  -0.466071  -0.529691 0.00774475   0.00124948 -0.000314055 -0.000433734    0.0115087    0.0310757 -0.000438333 0.201806        0        0
             61.8001 0.148918 -3.89678 -60.8178 -14.1886 -13.7011 0.567357 -0.483941 -0.571203 0.0272396   0.00120456 -0.000329452 -0.000444211    0.0111887    0.0314406 -0.000634002 0.201823        0        0
             61.8999  1.06696 -3.77984  -60.315 -14.2359 -13.7521 0.565253  -0.508939  -0.550485 -0.0493449   0.00120952 -0.000332513 -0.000448318    0.0115086    0.0311779 -0.000569073 0.200373        0        0
             61.8999  1.12545 -3.78436 -60.3297 -14.2384 -13.7584 0.567694   -0.52299   -0.61188 -0.0290142   0.00119415 -0.000330275 -0.000444992    0.0109673    0.0316132 -0.000758497 0.200369        0        0
             61.9998 0.788604 -3.93731 -59.1216 -14.2922 -13.8189 0.566107  -0.545008  -0.580199 -0.0240624   0.00118075 -0.000332513 -0.000444132    0.0109021    0.0316446 -0.000859039 0.207868        0        0
             61.9998 0.583951 -3.93834  -59.074 -14.2951 -13.8168 0.564587  -0.570132  -0.555716 -0.0363736   0.00124325 -0.000332292 -0.000458599    0.0112829    0.0317862 -0.000744247 0.207858        0        0
             62.1004 0.426376 -4.39321 -57.9692 -14.3488 -13.8698 0.565432 -0.539971 -0.557938 0.0304446   0.00122273 -0.000322878 -0.000460646    0.0113471    0.0315822 -0.000817066 0.200154        0        0
             62.1004 0.429184 -4.41484 -57.9764 -14.3508 -13.8659   0.5628  -0.561117  -0.517339 0.00976501    0.0012212 -0.000311841  -0.00045887    0.0118647     0.031574 -0.000615426 0.200147        0        0
             62.2003 0.490738 -3.19673 -57.2044 -14.4031 -13.9199  0.56475 -0.488911 -0.557391 0.0322925   0.00122529 -0.000313895 -0.000458252    0.0118822    0.0315329 -0.000576867 0.197834        0        0
             62.2003 0.414034 -3.12216 -57.2249 -14.3993 -13.9154 0.560654  -0.462513  -0.516169 0.00222758   0.00125228  -0.00033249 -0.000452928   0.0121527   0.0310725 -0.00025543 0.197844        0        0
             62.3001 0.486825 -2.36184 -57.1795 -14.4404 -13.9633 0.556029  -0.395107  -0.485391 -0.0382787   0.00127447 -0.000330359 -0.000454137     0.012264     0.030937 -8.74105e-05 0.199354        0        0
             62.3001 0.609762  -2.3767 -57.2116 -14.4442   -13.97 0.565935 -0.416713 -0.552259 0.0343242   0.00123372 -0.000329779 -0.000443089     0.011719    0.0314857 -0.000864737 0.199347        0        0
             62.3999  1.02812 -2.88359 -57.4486 -14.4854 -14.0268  0.56562  -0.388054  -0.582694 -0.0158297   0.00126248 -0.000338612 -0.000440842    0.0117333    0.0315637 -0.000777802 0.193707        0        0
             62.3999  1.19456   -3.007 -57.4609 -14.4883 -14.0323 0.570887 -0.406049 -0.635254 0.0242488   0.00121018 -0.000304256 -0.000437594   0.0113183    0.032002 -0.00120759 0.193702        0        0
             62.4998  1.43516 -4.19419 -57.8014 -14.5303 -14.1049 0.573317  -0.367561  -0.726913 -0.0221211   0.00121243 -0.000313772 -0.000432783   0.0111345   0.0323093 -0.00135283 0.196694        0        0
             62.4998  1.44389 -4.24267 -57.8081 -14.5316 -14.0987 0.568132  -0.386424  -0.663369 -0.0620061   0.00121126 -0.000296526 -0.000430921    0.0118458    0.0321404 -0.000939024 0.196688        0        0
             62.6005  0.48201 -4.39701 -59.0943 -14.5652 -14.1577 0.551486 -0.341642 -0.615346 -0.110474   0.00125973 -0.000303017 -0.000433835    0.0121886    0.0318259 -0.000533069 0.195766        0        0
             62.6005 0.625162 -4.33121 -59.1916 -14.5699 -14.1652 0.556687  -0.370844  -0.685246 -0.0709958   0.00121352 -0.000325975 -0.000404497    0.0116662    0.0324667 -0.000955345 0.195778        0        0
             62.7003 0.308768 -3.97743 -59.8932 -14.6048 -14.2303 0.552189 -0.372917 -0.666983 0.0115277   0.00122495 -0.000315874 -0.000407375    0.0117624    0.0323064 -0.000864253 0.187291        0        0
             62.7003 0.343534 -3.87006 -59.8109 -14.6093 -14.2314 0.553684 -0.408296 -0.674692  0.021567   0.00120687  -0.00034407 -0.000430739     0.011878    0.0326728 -0.000989774 0.187285        0        0
             62.8002 -0.302551  -4.43034  -60.1364 -14.6533 -14.2993 0.557997 -0.462573 -0.663292 0.0463963   0.00120001 -0.000347816 -0.000429285    0.0118223    0.0327281 -0.000994725 0.180314        0        0
             62.8002 -0.384176  -4.54793  -60.0952 -14.6518 -14.2955 0.552694  -0.455138  -0.623886 0.00723634   0.00122785 -0.000308314 -0.000441213    0.0121662     0.032474 -0.000588968 0.180349        0        0
                62.9 -0.0452413   -4.88822   -59.7642  -14.702 -14.3629 0.553192   -0.488537   -0.641415 0.000420351   0.00123029 -0.000313727 -0.000438767    0.0119835    0.0327495 -0.000568356 0.182043        0        0
                62.9 -0.00709714    -4.84046    -59.6933  -14.703 -14.3619 0.553946 -0.497283 -0.631505 0.0049623   0.00121709 -0.000325539 -0.000459408    0.0121205    0.0327795 -0.000628118 0.182043        0        0
             62.9998 0.152578 -5.07879 -58.8278 -14.7516 -14.4194 0.550354  -0.509482  -0.606276 -0.0451607   0.00123379  -0.00032467 -0.000462584    0.0123907    0.0325541 -0.000541721 0.179143        0        0
             62.9998 0.189231 -5.10637 -58.8138 -14.7436 -14.4125  0.55138  -0.452944  -0.549269 -0.0412543   0.00123357 -0.000313288 -0.000466789    0.0126417    0.0317331 -0.000607198 0.179163        0        0
             63.1005 -1.47582 -5.55577 -57.5816 -14.7906 -14.4649 0.545449  -0.449096  -0.492018 -0.0567868   0.00123292 -0.000318527  -0.00046621    0.0126323     0.031818 -0.000584282 0.180248        0        0
             63.1005 -1.59574 -5.58373  -57.591 -14.7923 -14.4722 0.547928  -0.452921  -0.561159 -0.0349602   0.00126356 -0.000318775 -0.000462789    0.0119805    0.0322261 -0.000766222 0.180284        0        0
             63.2003 -1.97314 -4.95233 -56.8806  -14.828 -14.5167 0.550781 -0.361644 -0.527541  0.035815   0.00125184 -0.000312947  -0.00046778      0.01234    0.0316814 -0.000946768 0.18197       0       0
             63.2003 -2.00647 -4.83884  -56.931  -14.832 -14.5213 0.552415 -0.387016   -0.5687 0.0495338   0.00125501 -0.000351475 -0.000453576   0.0120919   0.0321428 -0.00106716 0.181923        0        0
             63.3001 -1.35168 -3.49995 -56.2064 -14.8614 -14.5711 0.560049  -0.26726 -0.527067  0.063776   0.00125074 -0.000344596 -0.000457435   0.0122948   0.0318242 -0.00115457 0.19092       0       0
             63.3001 -1.28732 -3.49586 -56.1903 -14.8696  -14.577 0.556003 -0.328005 -0.571155 0.0371756   0.00121422 -0.000348398 -0.000458668    0.0122503    0.0325921 -0.000836416 0.19089       0       0
                63.4  -1.0519 -3.08259 -55.6814 -14.8988 -14.6349 0.559308   -0.273208   -0.568487 -0.00398352   0.00121744 -0.000340267 -0.000458177   0.0121527   0.0326095 -0.00090186 0.183086        0        0
                63.4 -0.995316  -3.11808   -55.695 -14.9075 -14.6395 0.555695 -0.339476 -0.600253 -0.029412   0.00118459 -0.000329498  -0.00045089     0.012251     0.033355 -0.000607869 0.183097        0        0
             63.4998 -0.787356  -3.79868  -55.5286 -14.9311 -14.6889 0.559118  -0.266451  -0.563619 -0.0374553   0.00115988 -0.000313018 -0.000458025   0.0124467   0.0327846 -0.00102862 0.178211        0        0
             63.4998 -1.01068 -3.82742  -55.562 -14.9364   -14.69 0.552373  -0.309355  -0.563764 -0.0871845   0.00121711 -0.000301302 -0.000446848     0.012713    0.0331673 -0.000497844 0.178194        0        0
             63.6005 -0.475568  -4.47346  -55.7174 -14.9605 -14.7467 0.538449 -0.231424 -0.591914 -0.114079   0.00120614  -0.00028628 -0.000448827     0.012726    0.0329492 -0.000265305 0.183988        0        0
             63.6005 -0.532737  -4.42113  -55.7576 -14.9624 -14.7489 0.538332 -0.244109 -0.610587 -0.114571   0.00121877  -0.00030307 -0.000437235    0.0126375    0.0331715 -0.000250743 0.183995        0        0
             63.7004 -0.767197  -4.61597  -56.2227 -14.9809 -14.8018 0.525648 -0.201944 -0.557455 -0.121087   0.00121925 -0.000293483 -0.000441202    0.0128101    0.0328428 -0.000240695 0.181276        0        0
             63.7004 -0.930994  -4.57365  -56.2564  -14.981 -14.8044 0.528347 -0.198953 -0.582982 -0.100354   0.00126407 -0.000311016  -0.00043131    0.0125589    0.0329758 -0.000443328 0.181262        0        0
             63.8002 -1.16534 -3.75807  -56.635 -14.9998 -14.8596 0.513703  -0.219024  -0.561643 -0.0839103   0.00127239 -0.000289981 -0.000439215   0.0126673   0.0328509 -0.00012993 0.182585        0        0
             63.8002 -1.21406  -3.6674 -56.6258 -14.9999 -14.8588 0.515023  -0.220108  -0.554566 -0.0744867   0.00128632 -0.000313116 -0.000442488    0.0127351    0.0328269 -0.000236417 0.182574        0        0
                63.9 -1.54918 -3.51354 -56.4509 -15.0214 -14.9113 0.511242  -0.250586  -0.525695 -0.0315546   0.00129619 -0.000318999 -0.000439068    0.0127134    0.0326814 -0.000289855 0.168148        0        0
                63.9 -1.48453 -3.55504 -56.3978 -15.0282 -14.9147 0.518945 -0.301313 -0.556397 0.0247492   0.00126109 -0.000306966  -0.00045272   0.0126799   0.0332907 -0.00087102 0.168115        0        0
             63.9999 -0.507385  -3.16989  -56.1348 -15.0607 -14.9727 0.521604 -0.315458  -0.55389 0.0447406   0.00125666 -0.000306058 -0.000453573    0.0125863    0.0334559 -0.000801769 0.161392        0        0
             63.9999 -0.446515  -3.15106  -56.1092 -15.0598 -14.9689 0.524216 -0.313004 -0.520821   0.06145   0.00124523 -0.000303902 -0.000460532    0.0128498    0.0332585 -0.000997555 0.161421        0        0
             64.1001 0.0559131  -3.81095  -55.6019 -15.0928 -15.0193   0.5312 -0.349507 -0.509185 0.0208745   0.00122479 -0.000301296 -0.000463812   0.0129174   0.0332155 -0.00113807 0.160378        0        0
             64.1001 -0.0718834   -3.86512   -55.6197 -15.0933  -15.019 0.527649   -0.353794   -0.503688 -0.00490222   0.00125997 -0.000284111 -0.000458363    0.0129972    0.0332264 -0.000870495 0.160376        0        0
             64.1999 -1.13396 -4.33399 -54.3062 -15.1282 -15.0616 0.522515  -0.352174  -0.450867 -0.0441932   0.00127402 -0.000282666 -0.000462926    0.0132404    0.0330579 -0.000764621 0.15434       0       0
             64.1999  -1.1923 -4.30735 -54.2685 -15.1298 -15.0662 0.525093  -0.359175  -0.493216 -0.0228706   0.00128235 -0.000298379 -0.000473659    0.0129038     0.033359 -0.000965575 0.154332        0        0
             64.2998 -2.11848 -4.36123 -53.2419  -15.161  -15.113 0.519669   -0.325956   -0.525267 -0.00537975   0.00130132 -0.000288745 -0.000476845    0.0130208    0.0331099 -0.000766071 0.159224        0        0
             64.2998 -1.99252 -4.32675 -53.2941 -15.1663 -15.1214 0.521229  -0.358062  -0.599242 0.00957034   0.00125082 -0.000308615 -0.000460181    0.0125636    0.0337993 -0.000881486 0.159245        0        0
             64.4005 -2.34547 -2.40446 -52.4237 -15.1978 -15.1743 0.521982 -0.319523 -0.590454 0.0330858   0.00128406 -0.000307047 -0.000468365   0.0129032   0.0334418 -0.00078993 0.158565        0        0
             64.4005 -2.31092 -2.32725 -52.4507 -15.1985 -15.1778 0.521854 -0.320304 -0.622375 0.0340364    0.0012738 -0.000329866 -0.000460778    0.0126278    0.0336434 -0.000777479 0.158575        0        0
             64.5003 -2.30275 -1.76725 -52.8755 -15.2313 -15.2506   0.5294 -0.280875 -0.667732 0.0476778   0.00121389 -0.000321128 -0.000451753    0.0122129    0.0340163 -0.000954677 0.157736        0        0
             64.5003  -2.5049 -1.88063 -52.8698 -15.2353 -15.2439 0.523152  -0.324262  -0.595291 -0.0012069   0.00127384 -0.000289966 -0.000452407    0.0131513    0.0339278 -0.000445389 0.157744        0        0
             64.6001 -1.76342 -2.12926 -53.5061 -15.2604 -15.2986 0.528252  -0.238711  -0.577452 0.00698061   0.00124437 -0.000280435 -0.000455863    0.0132102    0.0336788 -0.000728676 0.161573        0        0
             64.6001 -1.76826 -2.10498 -53.5441 -15.2634 -15.2967 0.525906  -0.266647  -0.554894 -0.0118552   0.00124672 -0.000288817 -0.000444557    0.013599   0.0337735 -0.00052067 0.161573        0        0
                64.7 -1.94661 -3.53231 -55.2085  -15.289 -15.3572 0.524029  -0.235583  -0.575378 -0.0327175   0.00122519 -0.000284637 -0.000441384    0.0134107    0.0339375 -0.000551802 0.154154        0        0
                64.7 -2.14467 -3.59976  -55.283 -15.2813 -15.3507 0.522739  -0.180427  -0.523319 -0.0432185   0.00128308 -0.000267024 -0.000417251   0.0135225   0.0331246 -0.00047176 0.154171        0        0
             64.7999 -1.87929 -4.94058 -57.1317 -15.2946 -15.3977 0.516571   -0.14033  -0.510364 -0.0214738   0.00129824 -0.000257284 -0.000419677    0.0136302    0.0328609 -0.000359371 0.159037        0        0
             64.7999 -1.82059 -4.85668  -57.187  -15.295 -15.4016 0.514554  -0.139137  -0.545638 -0.0338709   0.00128178 -0.000281047 -0.000404481    0.0133144    0.0330517 -0.000194077 0.159039        0        0
             64.9001 -1.11896 -4.50737 -58.8358 -15.3117 -15.4599 0.513962  -0.177239  -0.558372 -0.0465629   0.00126476 -0.000288389 -0.000402167    0.0132117    0.0331858 -0.000290784 0.15064       0       0
             64.9001 -1.21724 -4.41428 -58.7942 -15.3186 -15.4652 0.514699  -0.225736  -0.600548 -0.0397649   0.00129491 -0.000314605  -0.00041642   0.0131037   0.0338949 -0.00033274 0.150646        0        0
                  65 -1.71549 -3.99783 -60.8223 -15.3443 -15.5264 0.508737  -0.252385  -0.570866 -0.0678761   0.00128899 -0.000315688  -0.00041487    0.0129766    0.0340834 -0.000354347 0.146625        0        0
                  65 -1.78869 -3.99867 -60.8229 -15.3438 -15.5226 0.510155  -0.251991  -0.535553 -0.0600309   0.00131164 -0.000315135 -0.000414593    0.0133045    0.0338996 -0.000474948 0.146608        0        0
             65.0998 -0.146249  -3.30998  -61.9565  -15.366 -15.5717 0.509843  -0.254548  -0.523333 -0.0191877   0.00128379  -0.00031083 -0.000416743    0.0133836    0.0336478 -0.000676351 0.138917        0        0
             65.0998 -0.155647  -3.25023  -61.8926  -15.369 -15.5718 0.509844   -0.27819  -0.521546 -0.0195604   0.00128488   -0.0003275 -0.000435948    0.0135281    0.0338716 -0.000676422 0.138921        0        0
             65.2005 0.360878 -3.22173 -62.7312 -15.4024 -15.6312 0.510521  -0.337811  -0.545438 -0.0163702   0.00125776 -0.000331135 -0.000432962    0.0132549    0.0341464 -0.000807153 0.133871        0        0
             65.2005 0.161362 -3.27015 -62.7243 -15.4049 -15.6333 0.508702  -0.354687  -0.560369 -0.0282673   0.00131577 -0.000316991 -0.000434907   0.0131929   0.0344004 -0.00066507 0.133867        0        0
             65.3003 -0.645933  -3.92778  -63.1662 -15.4416 -15.6867 0.504092  -0.401424  -0.558791 -0.0278903   0.00132632 -0.000317379 -0.000435315       0.0133    0.0342854 -0.000599863 0.127891        0        0
             65.3003 -0.70247 -3.95201 -63.1301 -15.4452 -15.6854 0.506807   -0.431007   -0.543718 -0.00974863    0.0013416 -0.000308257 -0.000445899   0.0135748   0.0345162 -0.00081803 0.127891        0        0
             65.4001 -1.44862  -4.6211 -63.2018 -15.4923 -15.7415 0.505182 -0.477921 -0.550471 0.0168779   0.00135354 -0.000312247 -0.000444664   0.0135207   0.0346279 -0.00072412 0.124398        0        0
             65.4001 -1.42618 -4.62271 -63.1699 -15.4917 -15.7403 0.504237  -0.474664  -0.538776 0.00950971   0.00134671 -0.000310949 -0.000454148     0.013627    0.0345396 -0.000648777 0.124399        0        0
                65.5 -1.35635 -4.52088 -62.8804 -15.5351 -15.7902 0.506955 -0.416801 -0.524218 0.0686367   0.00135742 -0.000309612 -0.000455546    0.0137997    0.0343635 -0.000557806 0.128443        0        0
                65.5 -1.28114 -4.41851 -62.8626  -15.537 -15.7944 0.510606 -0.426481 -0.565181 0.0965028   0.00133096 -0.000346117 -0.000461598    0.0134118    0.0346508 -0.000842534 0.128438        0        0
             65.5998 -1.07646 -4.25947 -62.4562 -15.5741 -15.8482 0.519407 -0.339971 -0.533528 0.0616465   0.00133215  -0.00034571 -0.000461817    0.0134684    0.0345626 -0.000849252 0.121739        0        0
             65.5998 -1.04811 -4.32043 -62.4394 -15.5729 -15.8479 0.516113  -0.33193 -0.529461 0.0382201   0.00132517 -0.000327622 -0.000466582    0.0134861    0.0344538 -0.000587064 0.121743        0        0
             65.7001 -0.725009  -4.24782  -62.8767 -15.6026 -15.9018 0.516208   -0.25526  -0.529361 -0.0157006   0.00133281 -0.000332706 -0.000464963    0.0134208    0.0344975 -0.000539977 0.122622        0        0
             65.7001 -0.674696  -4.24657  -62.9425 -15.6031 -15.9001 0.515503 -0.261539 -0.512782 -0.021714    0.0013196 -0.000331499 -0.000445667    0.0136195    0.0344772 -0.000487322 0.122623        0        0
             65.7999 -0.678389  -4.43916  -63.4904  -15.625 -15.9511 0.511234  -0.195849  -0.526419 -0.0654684   0.00132259 -0.000332886 -0.000445494    0.0136424    0.0344164 -0.000487708 0.120364        0        0
             65.7999 -0.745824  -4.45114  -63.4773 -15.6299 -15.9492 0.512518  -0.236849  -0.503725 -0.0583275   0.00133902 -0.000325031    -0.000449    0.0140482    0.0347271 -0.000590208 0.120363        0        0
             65.8998 -1.02844 -5.24121 -64.3961 -15.6554 -16.0084 0.505398  -0.194967  -0.558973 -0.0764094   0.00133495 -0.000332239 -0.000445469    0.0137627    0.0350877 -0.000575858 0.123389        0        0
             65.8998 -1.08312 -5.26926 -64.4282 -15.6598 -16.0111 0.505754   -0.22771  -0.580544 -0.0733301   0.00134776 -0.000324577 -0.000435205    0.0136906    0.0355159 -0.000597711 0.12339       0       0
             66.0004 -0.864933  -6.25474  -65.3561 -15.6791 -16.0656 0.497345  -0.179753  -0.545557 -0.0853383   0.00135119 -0.000324337 -0.000436281   0.0137956    0.035409 -0.00059406 0.115474        0        0
             66.0004 -0.821452  -6.27672  -65.3514 -15.6795 -16.0661 0.494284 -0.183054 -0.548045 -0.106679   0.00133805 -0.000317968 -0.000437645   0.0138025   0.0354461 -0.00035447 0.115475        0        0
             66.1003 -0.555996  -5.82555  -66.0496 -15.6977 -16.1233 0.484029 -0.170549 -0.587839 -0.060919   0.00135053  -0.00032252 -0.000437941    0.0138331    0.0355083 -0.000236376 0.114116        0        0
             66.1003 -0.476469   -5.7217  -66.0394 -15.6941 -16.1207  0.48667   -0.14409  -0.568337 -0.0433683   0.00133246 -0.000351074  -0.00044146    0.0139094    0.0351582 -0.000447377 0.114118        0        0
             66.2001 -0.577941  -5.19167  -66.1143 -15.7131   -16.18 0.479338   -0.16889  -0.538949 -0.0600392   0.00134574  -0.00035911 -0.000440034  0.0137644  0.0354177 -0.0002837 0.112369        0        0
             66.2001 -0.620872  -5.23076  -66.0352 -15.7095 -16.1739 0.484342  -0.144461   -0.48628 -0.0279197   0.00136533 -0.000339046 -0.000463598    0.0141487    0.0349779 -0.000684927 0.112347        0        0
                66.3 -0.27366 -4.57834 -65.9762 -15.7198 -16.2148 0.480033  -0.156195  -0.458805 -0.0338387   0.00137983 -0.000331032 -0.000466364    0.0144406    0.0346356 -0.000638166 0.111247        0        0
                66.3 -0.227501  -4.53425  -65.9983 -15.7272 -16.2214 0.484382    -0.209112     -0.51907 -0.000658128   0.00135182 -0.000350993 -0.000458553     0.014017    0.0353943 -0.000955466 0.111224        0        0
             66.3998 -0.148816  -4.97334  -66.2755  -15.754 -16.2773 0.484448  -0.308638   -0.55784 -0.0359503   0.00133631 -0.000351342 -0.000457298   0.0138728   0.0354938 -0.00104338 0.110282        0        0
             66.3998 -0.173345  -5.03621  -66.2893 -15.7602 -16.2816 0.484063  -0.354727  -0.594698 -0.0370457   0.00133251 -0.000336239 -0.000452517   0.0136788   0.0360994 -0.00101265 0.110251        0        0
             66.5004 -0.296721  -5.25365  -65.9387 -15.7978   -16.34 0.478145  -0.410106  -0.616725 -0.0667248   0.00133933 -0.000333349 -0.000453913    0.0138344    0.0359637 -0.000986607 0.106475        0        0
             66.5004 -0.36201 -5.20229 -65.8993 -15.8022 -16.3415 0.475139  -0.444231   -0.62578 -0.0881506    0.0013499 -0.000347059 -0.000464602    0.013899   0.0363464 -0.00075565 0.106465        0        0
             66.6003 -0.438741  -4.86442  -64.9557 -15.8443 -16.3981 0.465251  -0.454171  -0.606898 -0.0691805   0.00136037 -0.000339259 -0.000466894   0.0141559   0.0360913 -0.00070311 0.104743        0        0
             66.6003 -0.353853  -4.83805  -64.9233 -15.8475 -16.4013 0.463398  -0.477886  -0.634514 -0.0811498   0.00132818 -0.000351003 -0.000475736    0.0139872    0.0364279 -0.000556382 0.104734        0        0
             66.7002 -0.317575  -4.18633   -63.702 -15.8897 -16.4605 0.464952 -0.450268 -0.660628  0.063001   0.00132186 -0.000339769  -0.00047787    0.0142287    0.0360444 -0.000712258 0.1093      0      0
             66.7002 -0.411348  -4.16227  -63.6884  -15.897 -16.4689 0.460491 -0.502019 -0.734098  0.034275   0.00132588 -0.000361691 -0.000479928    0.0137529    0.0368433 -0.000356915 0.109263        0        0
                66.8 -0.792782  -3.59714  -62.5219 -15.9335 -16.5268 0.464598 -0.384208 -0.645724 0.0342539   0.00134752  -0.00033792 -0.000485425    0.0142892    0.0361504 -0.000350663 0.10626       0       0
                66.8 -0.752799  -3.62666  -62.5357 -15.9407 -16.5365 0.465796 -0.433841 -0.732583 0.0464847   0.00131284 -0.000348456 -0.000477616    0.0136606     0.036979 -0.000431266 0.106252        0        0
             66.8999 -0.293805  -3.04044  -62.7358 -15.9761 -16.6015 0.470081  -0.356801  -0.660737 -0.0101702   0.00130347 -0.000335289 -0.000480784    0.0138063    0.0366735 -0.000584972 0.109097        0        0
             66.8999 -0.338192  -2.96069  -62.8308 -15.9794 -16.6017 0.470719   -0.382641   -0.660002 -0.00624621   0.00131131 -0.000355489 -0.000453706   0.0139291   0.0369179 -0.00063089 0.109096        0        0
             67.0001 0.384917 -2.94502 -62.9111 -16.0165  -16.671 0.470722  -0.341515  -0.688021 -0.0489502   0.00128724 -0.000354003 -0.000452612    0.0137824    0.0370205 -0.000786825 0.108786        0        0
             67.0001 0.332407 -2.99962 -62.8877 -16.0198 -16.6693 0.468614  -0.370505  -0.667184 -0.0656191   0.00129798 -0.000331164 -0.000458999    0.0141162     0.037207 -0.000621647 0.108779        0        0
                67.1 0.0986534  -3.35243  -63.2179 -16.0534  -16.735  0.46377 -0.329407 -0.647443 -0.072741   0.00128478 -0.000324583 -0.000460003    0.0141142    0.0371075 -0.000752981 0.100587        0        0
                67.1 -0.0379272    -3.3337   -63.2467 -16.0523 -16.7308 0.459996 -0.324657  -0.60617 -0.101736   0.00132978 -0.000321512 -0.000452209    0.0145004    0.0368923 -0.000460184 0.100571        0        0
             67.1998 -0.107977  -4.47628  -63.4227 -16.0867 -16.7957 0.455408  -0.301061    -0.5991 -0.0433405   0.00129742 -0.000323257  -0.00045095    0.0142478    0.0371694 -0.000657863 0.10314       0       0
             67.1998 -0.209124   -4.4772  -63.4041 -16.0866 -16.7913 0.454105  -0.303933  -0.555993 -0.0549277   0.00133092 -0.000311387 -0.000456846   0.0146851   0.0370162 -0.00055534 0.103148        0        0
             67.3004 -0.447545  -2.94709  -63.9263 -16.1244 -16.8561 0.454758 -0.366598 -0.569102 0.0226992   0.00129881  -0.00031992 -0.000453953     0.014313    0.0374427 -0.000710855 0.106825        0        0
             67.3004 -0.513299  -2.81364  -63.9228 -16.1199 -16.8509 0.449311  -0.334449  -0.520476 -0.0183941   0.00133315  -0.00035183 -0.000456685    0.0146719    0.0369342 -0.000293263 0.106812        0        0
             67.4003 -0.758835  -3.11621  -63.7248 -16.1494 -16.8898 0.447378  -0.345223  -0.408994 0.00983293   0.00135588 -0.000339581 -0.000460068    0.0149825    0.0365358 -0.000205883 0.0986155         0         0
             67.4003 -0.732129  -3.20867  -63.6786 -16.1507 -16.8935 0.450793 -0.351406 -0.443988 0.0359746   0.00134526 -0.000310487 -0.000473327    0.0146324    0.0367488 -0.000477556 0.0985936         0         0
             67.5001 0.345753 -4.05303 -62.8662 -16.1838 -16.9334 0.453562 -0.367995 -0.427105 0.0213267   0.00135274  -0.00030805 -0.000474409    0.0147879    0.0365358 -0.000434212 0.0960516         0         0
             67.5001 0.406866 -4.09214 -62.8474 -16.1879 -16.9402 0.456058 -0.393886 -0.489201 0.0419451   0.00133576 -0.000293827 -0.000480909    0.0142542    0.0370758 -0.000636185 0.0959834         0         0
             67.5999 0.948962 -5.01219 -61.6956 -16.2261 -16.9832  0.45786 -0.429482 -0.436203 0.0146062   0.00134183 -0.000292115 -0.000481373    0.0144288    0.0368006 -0.000593883 0.102379        0        0
             67.5999 0.919628 -5.00025 -61.6903 -16.2319 -16.9847 0.459941 -0.473839 -0.446384 0.0291048   0.00134977 -0.000295843  -0.00048343    0.0145219    0.0373037 -0.000765608 0.102358        0        0
             67.6999 0.985642 -6.01028 -59.9031 -16.2801 -17.0282 0.462841 -0.486772 -0.427043 0.0124414   0.00134375 -0.000297246 -0.000483031  0.0144759  0.0373287 -0.0008207 0.0999494         0         0
             67.6999 0.988968 -6.04577 -59.9129 -16.2818 -17.0287 0.461809  -0.499972  -0.429599 0.00496125   0.00134111 -0.000285805  -0.00048037    0.0145126    0.0374663 -0.000744244 0.0999474         0         0
             67.8001 0.0427535  -5.53109  -58.7309 -16.3338 -17.0736 0.458882 -0.502093 -0.461344 0.0148501  0.00136571  -0.0002912 -0.00048025    0.0145524     0.037545 -0.000552448 0.103779        0        0
             67.8001 0.0367281  -5.43371  -58.7502 -16.3428   -17.08  0.46215 -0.564947 -0.513318 0.0397436   0.00136088 -0.000324146 -0.000474266    0.0143349    0.0384276 -0.000832055 0.103762        0        0
                67.9 -0.0452865    -3.9918   -57.6903 -16.3934 -17.1269 0.463685 -0.481072 -0.496063 0.0446012   0.00139151 -0.000326846 -0.000476366    0.0145832    0.0382186 -0.000638306 0.101503        0        0
                67.9 0.129099 -4.01117 -57.6845 -16.3939 -17.1282 0.463858 -0.484315 -0.508343 0.0465178    0.0013382 -0.000322268 -0.000477479    0.0144771    0.0383019 -0.000650328 0.101498        0        0
             67.9998 0.559932 -4.32798 -57.0944 -16.4384 -17.1788 0.469855 -0.394434 -0.494731 0.0256606   0.00131771 -0.000320989 -0.000476907    0.0143837    0.0383468 -0.000789669 0.106201        0        0
             67.9998 0.544308 -4.46284 -57.1189 -16.4362 -17.1758 0.468551 -0.381129 -0.467096 0.0152611   0.00132365 -0.000279519 -0.000470139    0.0145729    0.0380622 -0.000682353 0.106209        0        0
             68.1004  0.60089 -4.48111 -56.9764  -16.473 -17.2282 0.467311  -0.313939  -0.507953 0.00141883   0.00134181 -0.000285054 -0.000467374    0.0144604    0.0382849 -0.000575758 0.103876        0        0
             68.1004  0.60424 -4.44425 -56.9972 -16.4731 -17.2228 0.470022 -0.321316 -0.459821 0.0176236     0.001341 -0.000295546  -0.00046124    0.0149526    0.0380745 -0.000795938 0.103878        0        0
             68.2003 -0.0115679   -6.17256   -57.1299 -16.4983 -17.2613 0.468141  -0.255081  -0.428765 -0.0106417   0.00137071 -0.000300915 -0.000463317    0.0152347    0.0377071 -0.000659199 0.098676        0        0
             68.2003 0.0112459  -6.29613   -57.169    -16.5 -17.2654 0.470469 -0.263717 -0.465633 0.0076679   0.00136429 -0.000264825 -0.000451554    0.0149098    0.0379987 -0.000845333 0.098664        0        0
             68.3001 0.0622849  -7.71137   -57.625 -16.5205 -17.3034 0.466631   -0.203637   -0.407822 -0.00673646   0.00139386 -0.000266977 -0.000454825     0.015169    0.0376921 -0.000670761 0.104958        0        0
             68.3001 0.178158 -7.68433 -57.6879 -16.5201 -17.3081 0.467804  -0.194712  -0.453348 0.00422543   0.00136062 -0.000276616 -0.000436259    0.0146772    0.0378591 -0.000744718 0.104939        0        0
                68.4 -0.158478  -8.61798  -58.1512 -16.5358  -17.348  0.46557  -0.188584  -0.443008 -0.0044613   0.00139284 -0.000281133 -0.000438301    0.0148954    0.0375782 -0.000578984 0.100313        0        0
                68.4 -0.115512  -8.60147  -58.1814   -16.54 -17.3544 0.467264  -0.214013  -0.498264 0.00984302   0.00137846 -0.000287718 -0.000429846    0.0144958    0.0381331 -0.000690492 0.100324        0        0
             68.4998 -0.525226  -8.24064  -58.6593 -16.5629 -17.4044 0.464138  -0.24424 -0.513089 -0.031706   0.00139407 -0.000290892 -0.000430774    0.0145468    0.0381231 -0.000591687 0.100349        0        0
             68.4998 -0.463578  -8.14446  -58.6547 -16.5657 -17.4023 0.467105  -0.267974  -0.493021 -0.0133352   0.00137486 -0.000316791 -0.000432127    0.0148474    0.0382345 -0.000850524 0.100351        0        0
             68.6005 0.130551 -7.25432 -58.6107  -16.592  -17.451 0.459353  -0.273954  -0.518678 -0.0409634   0.00140963 -0.000319331 -0.000434906    0.0150237    0.0381138 -0.000574309 0.100072        0        0
             68.6005 0.283086 -7.23406 -58.5765 -16.6003  -17.456 0.462165  -0.334937   -0.55746 -0.0207472   0.00135635 -0.000325175 -0.000443227    0.0149541     0.038903 -0.000795069 0.100057        0        0
             68.7003 -0.52912 -6.61441 -57.6477 -16.6311  -17.507 0.457988 -0.352385 -0.549357 -0.032524   0.00137372 -0.000323262 -0.000445778    0.0151473    0.0385901 -0.000722179 0.0927676         0         0
             68.7003 -0.556814  -6.62794  -57.5763 -16.6356 -17.5105 0.461114   -0.383659   -0.578551 -0.00974076   0.00137456 -0.000320444  -0.00046569    0.0150026    0.0390527 -0.000963405 0.0927597         0         0
             68.8002 -1.86664 -6.41405 -56.7988 -16.6715 -17.5599 0.456627    -0.388159    -0.501098 -0.000382359   0.00140331 -0.000319678 -0.000468432    0.0152162    0.0387672 -0.000825131 0.101469        0        0
             68.8002 -1.84631  -6.4686 -56.7996 -16.6756 -17.5632  0.45826 -0.416774  -0.52812 0.0119269   0.00139248 -0.000304995 -0.000466723    0.0150963    0.0391886 -0.000949292 0.101478        0        0
                68.9 -1.13159  -7.1706 -56.1778 -16.7182 -17.6172 0.462849  -0.40815 -0.545123 0.0738556   0.00140151 -0.000307386 -0.000465781    0.0150418    0.0393251 -0.000870929 0.0995753         0         0
                68.9 -0.934322  -7.25394  -56.1884 -16.7206 -17.6191 0.464426 -0.426479 -0.561333 0.0854013   0.00133974 -0.000283553 -0.000461776    0.0149719    0.0395755 -0.000989384 0.0995752         0         0
             68.9999 -1.83302 -5.59468 -55.3972 -16.7618 -17.6788  0.47239 -0.366039 -0.577017  0.085069   0.00134391 -0.000285453 -0.000460103     0.014893    0.0396793 -0.000945615 0.0984082         0         0
             68.9999 -1.89779 -5.44343 -55.3632 -16.7634 -17.6796 0.469381 -0.378617 -0.580449 0.0638452   0.00136038 -0.000329021 -0.000470904    0.0149745    0.0398164 -0.000709959 0.0984127         0         0
             69.1001 -3.02251 -6.48914 -53.9264 -16.7966 -17.7353 0.475397 -0.285336 -0.541384 0.0162414    0.0013484 -0.000328167 -0.000470975    0.0149665    0.0397959 -0.000798232 0.101844        0        0
             69.1001 -3.11063 -6.66633 -53.8646 -16.7977 -17.7324  0.47297   -0.299409   -0.510556 -0.00303705    0.0013722 -0.000269522 -0.000487159   0.0153388   0.0397405 -0.00062068 0.101828        0        0
                69.2 -2.25051 -6.13805 -52.9204 -16.8178 -17.7743 0.468451 -0.210501 -0.482722 -0.067704   0.00138841 -0.000261878 -0.000492662     0.015587    0.0392776 -0.000616061 0.0994898         0         0
                69.2  -2.0452 -6.01726 -52.9941  -16.816 -17.7731 0.469686 -0.197857 -0.476143 -0.059116   0.00133325 -0.000298636 -0.000472981    0.0155694    0.0391118 -0.000719325 0.0994871         0         0
             69.2998   -1.679 -6.16325 -52.5086 -16.8328 -17.8221 0.461943 -0.151454 -0.524451 -0.102317   0.00133071 -0.000298924 -0.000473778    0.0156089     0.039047 -0.000751072 0.0980442         0         0
             69.2998 -1.75326 -6.24849 -52.5339 -16.8343 -17.8281 0.460465 -0.155687 -0.576245 -0.109935   0.00134809 -0.000281148 -0.000465071    0.0151796    0.0394138 -0.000600198 0.0980439         0         0
             69.4005 -1.47117 -5.45067 -52.5466 -16.8518 -17.8909 0.448672  -0.126666  -0.572874 -0.0890023   0.00134642 -0.000284947 -0.000462748    0.0150671    0.0397075 -0.000532224 0.0994634         0         0
             69.4005  -1.4099 -5.39229 -52.5823 -16.8518 -17.8884 0.450959  -0.129581   -0.55208 -0.0743452    0.0013313 -0.000298656 -0.000452904    0.0152558    0.0396011 -0.000721278 0.0994676         0         0
             69.5003 -1.65551 -5.85979 -52.3522  -16.859 -17.9316 0.443907  -0.0944852   -0.460712 -0.00590473   0.00136782 -0.000298225 -0.000457619    0.0154971    0.0392079 -0.000608483 0.0998515         0         0
             69.5003 -1.64544 -5.95927 -52.3342 -16.8633 -17.9328 0.446626 -0.127182 -0.466548  0.012507    0.0013576 -0.000265596 -0.000461196   0.0156263   0.0395361 -0.00081758 0.0998583         0         0
             69.6002 -2.26251  -7.3376 -52.3625 -16.8764 -17.9789 0.450182 -0.165456 -0.502042 0.0696573   0.00137425 -0.000267866 -0.000462426    0.0157132    0.0394142 -0.000750103 0.0979589         0         0
             69.6002 -2.22271 -7.41275 -52.4083 -16.8756 -17.9786  0.45134 -0.158926 -0.501591 0.0779849   0.00136602 -0.000248153 -0.000448914    0.0156609    0.0393549 -0.000839267 0.0979572         0         0
             69.7001 -2.17746  -7.7358 -52.6917 -16.8903 -18.0225 0.456548 -0.205579 -0.469161 0.0441795   0.00139092 -0.000242588 -0.000452336    0.0158286    0.0390248 -0.000795862 0.103237        0        0
             69.7001 -2.12538 -7.65877 -52.7118 -16.8953 -18.0284  0.45812   -0.2383  -0.51755 0.0567406   0.00136136 -0.000269665 -0.000447022    0.0156164    0.0396067 -0.000886025 0.103248        0        0
             69.7999 -1.70908  -8.0439 -53.0025 -16.9218 -18.0779 0.461513 -0.309853 -0.512101 0.0148733   0.00136616  -0.00026827 -0.000447828    0.0156606    0.0395112 -0.000886494 0.0998366         0         0
             69.7999 -1.68267 -8.01866 -53.0295 -16.9259 -18.0811 0.461588 -0.339307 -0.536404 0.0157731   0.00134986 -0.000276013  -0.00043979    0.0156388    0.0399126 -0.000878638 0.0998201         0         0
             69.8998 -2.07184 -9.03854  -53.151 -16.9634 -18.1371 0.460933  -0.389264  -0.547108 -0.0238277   0.00134846 -0.000275883 -0.000438896    0.0155812    0.0399892 -0.000876588 0.0963292         0         0
             69.8998 -2.11578 -9.07115 -53.1335  -16.968 -18.1408 0.459359  -0.422855  -0.573668 -0.0344889   0.00135014 -0.000266377 -0.000442832    0.0155766    0.0404431 -0.000742796 0.0963374         0         0
             70.0004 -2.88988 -9.61338  -52.857 -17.0087 -18.1922 0.452519    -0.4268  -0.530196 -0.0501612   0.00137627 -0.000265911 -0.000445237     0.015709    0.0402203 -0.000638793 0.100921        0        0
             70.0004 -2.83037 -9.56517 -52.8554 -17.0112 -18.1928  0.45151  -0.446695  -0.532161 -0.0577135    0.0013552 -0.000277078 -0.000445913    0.0158321    0.0403978 -0.000568768 0.100918        0        0
             70.1003 -3.74662 -9.15778 -53.2701 -17.0526 -18.2434  0.44575  -0.425371  -0.546049 -0.0275936   0.00137027 -0.000274527 -0.000447843    0.0159358    0.0401741 -0.000532071 0.0999556         0         0
             70.1003 -3.71768 -9.08276 -53.2962 -17.0542 -18.2455 0.450192 -0.433155 -0.566093 0.0039207   0.00135862 -0.000299608 -0.000441191    0.0157639    0.0403801 -0.000843052 0.0999615         0         0
             70.2001 -3.76058 -7.83388 -53.3475 -17.0913 -18.2955 0.449943 -0.358136   -0.5134 0.0157603   0.00138247 -0.000294843 -0.000445508    0.0159155    0.0401035 -0.000786442 0.0969055         0         0
             70.2001 -3.67774 -7.82471 -53.3316 -17.0893 -18.2955  0.44946 -0.342667 -0.516017  0.013135   0.00136246 -0.000301081 -0.000450869    0.0158088    0.0399802 -0.000746561 0.0969049         0         0
             70.2999 -2.65537 -7.63125 -53.4677 -17.1184 -18.3474 0.451315 -0.221963 -0.499363 0.0103589   0.00135709 -0.000302069 -0.000449401    0.0157474    0.0400483 -0.000772502 0.0934341         0         0
             70.2999 -2.59442 -7.65673  -53.473 -17.1181 -18.3432  0.45251 -0.225642 -0.461727 0.0165169   0.00134647  -0.00028491 -0.000448919     0.016066     0.039859 -0.000898798 0.0934308         0         0
             70.3998  -1.7564 -7.86744 -53.6937 -17.1372 -18.3892 0.449073  -0.143662   -0.43588 -0.0385313    0.0013629 -0.000285972  -0.00044971   0.0161107   0.0399389 -0.00074743 0.0962699         0         0
             70.3998 -1.77363 -7.91095  -53.705 -17.1406 -18.3913 0.452201  -0.166919  -0.452092 -0.0166119   0.00135923 -0.000273311 -0.000444131    0.0160768    0.0402447 -0.000958743 0.0962636         0         0
             70.5004 -1.45142 -9.07211  -53.956 -17.1491 -18.4237 0.448085  -0.105118  -0.333989 -0.0595833    0.0013757 -0.000266524 -0.000450173   0.0162794   0.0397981 -0.00101264 0.095502        0        0
             70.5004 -1.43322 -9.10963 -53.9921 -17.1551 -18.4309 0.446582  -0.145318  -0.389804 -0.0682588   0.00135739  -0.00025997 -0.000436196    0.0160576    0.0404659 -0.000854989 0.0955114         0         0
             70.6003 -0.426215  -9.64677  -53.8443  -17.164 -18.4637 0.442487 -0.0854516  -0.328544 -0.0200371   0.00135888  -0.00025869 -0.000436988    0.0160982    0.0402808 -0.000901949 0.0936758         0         0
             70.6003 -0.358957  -9.58709   -53.842 -17.1693 -18.4697 0.441355  -0.121019  -0.375874 -0.0264371   0.00133553 -0.000276342 -0.000438118    0.0159104    0.0408857 -0.000779677 0.0936407         0         0
             70.7002 0.409728 -9.19763  -52.652 -17.1793 -18.5002 0.436426  -0.129855  -0.284985 -0.0336974    0.0013632 -0.000279523 -0.000441553    0.0160702    0.0406827 -0.000638597 0.0915682         0         0
             70.7002 0.497589 -9.14655 -52.5868 -17.1863 -18.5054 0.439582   -0.17856  -0.324408 -0.0119765    0.0013317 -0.000296467 -0.000462081    0.0159818    0.0413962 -0.000869525 0.0915562         0         0
                70.8  1.13586 -9.65027 -50.3618 -17.2027 -18.5283 0.435518  -0.194285  -0.230372 -0.0383065   0.00134574 -0.000298172 -0.000464064    0.0161317    0.0411354 -0.000815837 0.0878184         0         0
                70.8  1.13043 -9.71883 -50.3133 -17.2064 -18.5292 0.436479  -0.222924   -0.23314 -0.0326224   0.00134345 -0.000277055 -0.000478741     0.016277    0.0414204 -0.000910424 0.0878147         0         0
             70.8999  1.40727 -8.82123 -47.2598 -17.2271 -18.5487 0.433295  -0.221867   -0.19134 -0.0124476     0.001359 -0.000275882 -0.000481019    0.0163589    0.0412955 -0.000857164 0.102457        0        0
             70.8999   1.4918 -8.79286 -47.2126 -17.2279 -18.5524 0.430578   -0.22399   -0.22138 -0.0290407   0.00133155 -0.000286107 -0.000495025    0.0161442    0.0415228 -0.000624209 0.102454        0        0
             71.0001 0.454218 -9.04655 -43.1409 -17.2486 -18.5647 0.426811  -0.239139  -0.114052 -0.0110927   0.00135279 -0.000286601 -0.000498875    0.0163039    0.0412245 -0.000552052 0.102076        0        0
             71.0001  0.48024 -9.15581 -43.0756 -17.2563 -18.5707 0.428112   -0.293628   -0.155547 -0.00181623   0.00134103 -0.000257109 -0.000518623    0.0163195    0.0419892 -0.000683263 0.102063        0        0
             71.0999 0.174046 -8.79689 -38.9112 -17.2897 -18.5911 0.426464 -0.264908 -0.138838 0.0141317  0.00137005 -0.00026882 -0.00051654    0.0162708    0.0424263 -0.000551859 0.117687        0        0
             71.0999 0.314897 -8.87361 -38.8789 -17.2817 -18.5818 0.431011  -0.210451 -0.0747908  0.0437185   0.00132369 -0.000242305 -0.000526255   0.0162923   0.0414645 -0.00088593 0.117636        0        0
             71.1998 -0.0696428   -8.61795   -35.7398 -17.3021 -18.5899 0.432103  -0.143108 -0.0306339 0.00472919   0.00132086 -0.000246789 -0.000524677      0.01629    0.0416988 -0.000781998 0.125141        0        0
             71.1998 -0.157124  -8.69259  -35.8246 -17.2945  -18.583 0.434724  -0.08062 0.0201568 0.0246083   0.00132176 -0.000222066 -0.000504331    0.0161467     0.040986 -0.000940683 0.125152        0        0
             71.3004 -0.808746  -7.67148  -33.1788 -17.2928 -18.5696 0.434076  0.00812864     0.11773 -0.00405909   0.00130192 -0.000218236  -0.00050225    0.0161559    0.0405743 -0.000896539 0.145038        0        0
             71.3004 -0.878911   -7.6156  -33.1838 -17.2963 -18.5724 0.436118 -0.0177128  0.0997687 0.00897433   0.00133746 -0.000240682 -0.000502442   0.0162419   0.0408559 -0.00103429 0.145019        0        0
             71.4003 -0.495347  -7.14751  -30.6938 -17.2941 -18.5589 0.439783 0.0547895  0.143768 0.0369879   0.00134712 -0.000247002 -0.000502996   0.0162506   0.0408008 -0.00109732 0.143523        0        0
             71.4003 -0.263304  -7.30379  -30.7302 -17.3004 -18.5656  0.43448   0.0035684    0.101322 0.000519692    0.0012889 -0.000200173 -0.000492652    0.0165186    0.0414332 -0.000731584 0.143524        0        0
             71.5001 -0.304951  -7.45592  -28.6664 -17.2971 -18.5522 0.434814  0.0507856    0.15209 0.00838707   0.00131554 -0.000210487 -0.000495388    0.0165372    0.0413916 -0.000722627 0.152505        0        0
             71.5001 -0.101997   -7.5684  -28.7414 -17.2943 -18.5467 0.432882   0.0667991    0.191244 -0.00468643   0.00125755 -0.000175032 -0.000473406    0.0166152     0.040906 -0.000589804 0.152508        0        0
                71.6 -0.240953  -7.64096  -26.9009 -17.2814 -18.5228 0.436002  0.126018  0.219931 0.0173865   0.00129631 -0.000182845 -0.000480959    0.0165117     0.040665 -0.000725238 0.1664      0      0
                71.6 -0.136737  -7.63606  -26.9796 -17.2897 -18.5293 0.436556 0.0567345  0.176443 0.0181454   0.00125877 -0.000183062 -0.000455959    0.0169683    0.0414523 -0.000785965 0.166382        0        0
             71.6999 -0.481537  -7.46018  -25.3768 -17.2846 -18.5113 0.440822 0.0480573  0.176047 0.0306687   0.00126933 -0.000191118 -0.000458269    0.0169839      0.04145 -0.000892233 0.178848        0        0
             71.6999 -0.439738  -7.50639  -25.4033 -17.2913 -18.5208 0.439654 -0.00511481    0.107654   0.0206163   0.00124823 -0.000178302 -0.000448676       0.0172    0.0424053 -0.000797125 0.17883       0       0
             71.8001 -0.800996   -8.1872  -24.2172 -17.2903  -18.508 0.442975 0.00520097  0.0989225  0.0284049   0.00125448 -0.000189431 -0.000451473    0.0171715    0.0422489 -0.000849009 0.179857        0        0
             71.8001 -0.835709  -8.26952  -24.2603 -17.2817  -18.501 0.444054 0.0774454   0.14508 0.0391276   0.00127382 -0.000167362 -0.000439215    0.0166149    0.0414461 -0.000904363 0.179857        0        0
                71.9  -1.0787 -8.10466 -23.7457 -17.2599 -18.4773 0.454196  0.155923  0.118287 0.0623027   0.00130663 -0.000169197   -0.0004447   0.0162138   0.0406433 -0.00117149 0.191154        0        0
                71.9 -0.923172  -8.04548  -23.8249 -17.2607 -18.4771  0.45243  0.146794  0.120425 0.0492987   0.00126338 -0.000185911 -0.000421285   0.0163413   0.0406435 -0.00104011 0.191151        0        0
             71.9998 -0.906393  -7.47948  -23.2063 -17.2444 -18.4622 0.457057 0.128514 0.131578 0.017816   0.00126937 -0.000188428 -0.000422189   0.0162482   0.0404346 -0.00109573 0.184465        0        0
             71.9998 -0.987669  -7.49445   -23.184 -17.2456 -18.4623 0.452672   0.114678   0.132765 -0.0137483   0.00129163 -0.000181842 -0.000428519    0.0164458    0.0404782 -0.000759252 0.184463        0        0
             72.1004 -1.13219 -7.89011 -23.7895  -17.238 -18.4532 0.457409   0.104734    0.10217 0.00390723    0.0013294 -0.000195955 -0.000431944   0.0165037   0.0407446 -0.00109085 0.183516        0        0
             72.1004 -0.883523  -7.99059  -23.9102 -17.2438 -18.4551 0.452232  0.0479304   0.091668 -0.0351525   0.00125587 -0.000158809 -0.000395342    0.0171019    0.0410513 -0.000717723 0.183539        0        0
             72.2003  -1.0579 -7.05279  -24.746 -17.2372 -18.4463 0.452451  0.0478748  0.0540797 -0.0209024   0.00127913 -0.000165284 -0.000396914    0.0170179    0.0409304 -0.000895018 0.187156        0        0
             72.2003 -1.12088 -6.96458 -24.7211 -17.2399 -18.4522 0.448062  0.0246751 0.00979045 -0.0526957   0.00128737 -0.000190115 -0.000403325    0.0171367    0.0414793 -0.000535696 0.187146        0        0
             72.3001 -1.27288 -6.60886 -25.8345  -17.232 -18.4459  0.44555  0.0351055  0.0141653 -0.0437174   0.00131127 -0.000201905 -0.000411386    0.0168908      0.04108 -0.000660516 0.184767        0        0
             72.3001  -1.1597 -6.66306 -25.8504 -17.2386 -18.4543 0.446819 -0.0190431 -0.0462845 -0.0365043    0.0012647 -0.000179794 -0.000403562    0.0171777    0.0419199 -0.000763959 0.184766        0        0
                72.4 -1.61082 -5.99068 -27.6773 -17.2475 -18.4656 0.450759  -0.0673469   -0.122076 -0.00734627   0.00131241 -0.000206512 -0.000402364   0.0173917   0.0421959 -0.00113983 0.172113        0        0
                72.4 -1.40837 -6.07485 -27.7118 -17.2498  -18.472 0.443239 -0.0869582  -0.169545 -0.0607979     0.001244  -0.00018048 -0.000389779    0.0174481    0.0427348 -0.000523148 0.172132        0        0
             72.4998 -1.89616 -6.08015 -29.3873 -17.2655 -18.4902 0.439879   -0.16251  -0.185116 -0.0335069   0.00125271 -0.000196016  -0.00038656    0.0175894    0.0428182 -0.000637559 0.172531        0        0
             72.4998 -1.86968 -6.19011 -29.3691 -17.2595 -18.4854  0.43637  -0.114871  -0.153462 -0.0562432   0.00125461 -0.000171583  -0.00039285    0.0172815    0.0422689 -0.000359254 0.172512        0        0
             72.6005 -1.66959  -6.4844 -31.3621 -17.2598 -18.4897 0.438064 -0.0876188  -0.162795   -0.01991   0.00127052 -0.000177874 -0.000398525    0.0169818    0.0414297 -0.000674653 0.172425        0        0
             72.6005 -1.75513 -6.45275  -31.359 -17.2601 -18.4902 0.435618 -0.0906857  -0.166154 -0.0374947   0.00129345 -0.000186794 -0.000399529    0.0170182    0.0414779 -0.000477574 0.172418        0        0
             72.7004 -1.22463 -6.78281 -33.2933 -17.2744 -18.5109 0.432907  -0.150965   -0.22165 -0.0260232   0.00130555 -0.000194917 -0.000397544    0.0170997    0.0415989 -0.000511824 0.159333        0        0
             72.7004  -1.3228 -6.83174 -33.2245  -17.266 -18.5011 0.435168  -0.0839796   -0.152644 -0.00827623   0.00135595 -0.000189731 -0.000420047   0.0168071   0.0406114 -0.00070586 0.159367        0        0
             72.8002 -0.868964   -7.0329  -35.2843 -17.2805 -18.5236 0.434352   -0.117435   -0.213136 -0.00494844   0.00136005 -0.000196864 -0.000416243    0.0169402    0.0409466 -0.000701778 0.146143        0        0
             72.8002 -0.793525  -6.98108  -35.3161 -17.2848 -18.5219  0.43801 -0.156463 -0.194853 0.0177613   0.00133952   -0.0002006 -0.000405703   0.0173733   0.0410046 -0.00100584 0.146142        0        0
                72.9 -0.532625  -7.21523  -37.4248 -17.3038  -18.546 0.440195 -0.188944 -0.235972 0.0252666   0.00133317 -0.000200339 -0.000405049    0.0174065    0.0411869 -0.000989065 0.148917        0        0
                72.9 -0.576787  -7.18313  -37.4153 -17.3018 -18.5424 0.444842 -0.172987 -0.211069 0.0573097   0.00135343 -0.000210442 -0.000408702   0.0173708   0.0408805 -0.00134833 0.148912        0        0
             72.9999 -0.591096  -7.10739  -39.1901 -17.3191 -18.5599 0.451121 -0.201838 -0.189972 0.0534794   0.00139507 -0.000223486 -0.000412496   0.0173896   0.0407052 -0.00139046 0.140259        0        0
             72.9999 -0.462749  -7.12369  -39.1847 -17.3153 -18.5608 0.448649 -0.168236 -0.202436 0.0388973   0.00135797 -0.000229091 -0.000415099   0.0170227   0.0405817 -0.00117922 0.140265        0        0
             73.1001 -0.416174  -7.44843  -41.0689 -17.3272 -18.5722 0.452521  -0.16235 -0.169332 0.0353051   0.00145746 -0.000247163 -0.000425322   0.0170399   0.0401039 -0.00120828 0.135728        0        0
             73.1001 -0.120033  -7.46397   -41.111 -17.3318 -18.5781 0.450102 -0.197572 -0.212308 0.0186012   0.00135615 -0.000239354 -0.000412092   0.0170767   0.0406851 -0.00101769 0.135725        0        0
                73.2 -0.206964  -7.55152  -43.0585 -17.3494  -18.596 0.452846 -0.209528 -0.207264 0.0203274   0.00138571 -0.000242212 -0.000415308   0.0170488   0.0404469 -0.00107275 0.125341        0        0
                73.2 -0.235778  -7.50709  -43.0717  -17.359 -18.6042 0.450201  -0.283162  -0.261618 0.00101154    0.0013648 -0.000245735 -0.000408232   0.0173042   0.0413982 -0.00088609 0.125289        0        0
             73.2998 -0.188391  -7.73035  -45.0934 -17.3914  -18.635 0.450035 -0.310134 -0.285946 0.0115441   0.00136048 -0.000250357 -0.000405352    0.0173197    0.0416472 -0.000836772 0.110317        0        0
             73.2998 -0.229433  -7.76841   -45.065  -17.398 -18.6421 0.447951   -0.357883   -0.334636 -0.00233204  0.00135054 -0.00023709 -0.00041085    0.017366    0.042368 -0.00068767 0.110309        0        0
             73.4004 0.318184 -8.02711 -47.2356 -17.4366 -18.6774 0.445413   -0.38583  -0.332213 -0.0200518  0.00137377 -0.00024288 -0.00041036    0.0173803    0.0424675 -0.000596868 0.109301        0        0
             73.4004 0.399703 -7.99985 -47.2432 -17.4355 -18.6735 0.448688  -0.380831   -0.30289 0.00111961   0.00135879 -0.000245935 -0.000408944    0.0175286    0.0422064 -0.000851595 0.109297        0        0
             73.5003 0.634039 -8.55408  -49.516 -17.4746 -18.7035 0.447267   -0.382049    -0.28452 -0.00974558     0.001372 -0.000247755 -0.000409071    0.0175353    0.0422633 -0.000800553 0.103158        0        0
             73.5003 0.644773 -8.55003 -49.5417 -17.4703 -18.7004 0.450703  -0.34889 -0.266382 0.0143914   0.00137764 -0.000251416 -0.000402173      0.0174   0.0418754 -0.00104402 0.103159        0        0
             73.6001 0.472702  -8.7649 -51.8218  -17.499 -18.7195 0.447679  -0.295293  -0.217474 -0.0225286   0.00142316 -0.000257093 -0.000406816    0.0175288    0.0415442 -0.000892085 0.0960775         0         0
             73.6001 0.506318 -8.71563 -51.8327  -17.496 -18.7188 0.450753    -0.270328    -0.218233 -0.000498965   0.00141289 -0.000270112 -0.000403094    0.017295   0.0413275 -0.00111351 0.0960785         0         0
                73.7  0.11211 -8.59007 -54.0654 -17.5209 -18.7365 0.447577  -0.250094  -0.183587 -0.0199779   0.00142386 -0.000276385 -0.000404587   0.0173995   0.0412231 -0.00101307 0.0910509         0         0
                73.7 0.0604027  -8.55129   -54.048 -17.5174 -18.7311 0.449606   -0.227384   -0.141714 -0.00753338   0.00143673 -0.000290698 -0.000409468   0.0175954   0.0407233 -0.00118765 0.0910388         0         0
             73.7999 -0.419773   -8.4943  -56.1639 -17.5351 -18.7386 0.445982   -0.20458  -0.123045 -0.0103303   0.00146108 -0.000294606 -0.000412902   0.0178002   0.0403286 -0.00103293 0.0912417         0         0
             73.7999 -0.382741  -8.48749  -56.1596 -17.5365 -18.7402 0.445717  -0.213929  -0.135569 -0.0118088   0.00145015 -0.000295967 -0.000414244   0.0177503    0.040497 -0.00100844 0.0912338         0         0
             73.9001 -0.898526  -8.16979  -58.6341 -17.5535 -18.7459 0.438676  -0.189193 -0.0807528 -0.0386459   0.00148595 -0.000295641 -0.000419426    0.0179938    0.0401544 -0.000736854 0.0890879         0         0
             73.9001 -0.86638 -8.10341 -58.6655 -17.5597 -18.7529 0.441846  -0.229102  -0.137581 -0.0149178   0.00147936  -0.00031315 -0.000409902    0.0176668    0.0408912 -0.000969169 0.0890547         0         0
                  74 -1.80347  -8.0771 -61.7168 -17.5753 -18.7567 0.438548  -0.168752 -0.0614121 -0.0200247   0.00149188 -0.000313395 -0.000412278    0.0178737    0.0404668 -0.000914701 0.0913677         0         0
                  74 -1.80388 -8.05857 -61.7579 -17.5848 -18.7688 0.440826   -0.228675   -0.160779 -0.00081316   0.00149541 -0.000314475 -0.000399045   0.0172177   0.0416343 -0.00103178 0.0912802         0         0
             74.0998 -2.35263 -8.26405 -65.3439 -17.6037  -18.783 0.442447 -0.168038 -0.146639 0.0260083   0.00149434 -0.000313959 -0.000399178   0.0172434    0.041558 -0.00106189 0.0882784         0         0
             74.0998 -2.34071 -8.22465 -65.3494 -17.6114 -18.7875 0.442343 -0.223716 -0.179165 0.0256923   0.00149325 -0.000323652 -0.000398006   0.0172119   0.0423009 -0.00103382 0.0882638         0         0
             74.2005 -2.04189 -8.28872 -69.0864 -17.6291 -18.8009  0.44575 -0.176034 -0.134323  0.035439   0.00149581 -0.000323233 -0.000398972   0.0173166   0.0421067 -0.00105733 0.086163        0        0
             74.2005 -2.09343 -8.23802 -69.0752 -17.6398 -18.8079 0.442429 -0.251738 -0.182521 0.0143457   0.00151209 -0.000334789 -0.000402922    0.0172034    0.0431374 -0.000746642 0.0861487         0         0
             74.3003 -1.44454 -9.00832 -73.1082 -17.6626 -18.8235 0.444957 -0.217386 -0.147589 0.0216396   0.00150818 -0.000334163  -0.00040265    0.0172042    0.0430953 -0.000805998 0.0792277         0         0
             74.3003 -1.47341 -9.00279 -73.1121 -17.6646 -18.8206 0.443466  -0.235772  -0.118316 0.00948221   0.00151837 -0.000332896 -0.000401451   0.0176077   0.0431913 -0.00071989 0.0792503         0         0
             74.4002  -1.1308 -9.06507 -77.1331 -17.6867 -18.8311 0.445166 -0.221531 -0.105534 0.0157872   0.00151916 -0.000334039 -0.000401857    0.0176561    0.0431411 -0.000740928 0.073695        0        0
             74.4002 -1.22177 -8.98275 -77.1209 -17.6834  -18.827 0.446287  -0.200785 -0.0732486  0.0214664   0.00154903 -0.000359124 -0.000406292    0.0179429    0.0428286 -0.000865866 0.0737067         0         0
                74.5 -1.42258 -9.53464 -80.9586 -17.7015 -18.8318 0.448909  -0.164915 -0.0314484  0.0118824   0.00154396 -0.000359158 -0.000405932    0.0179491    0.0427959 -0.000919077 0.0740766         0         0
                74.5 -1.58955 -9.53073  -80.925 -17.7011 -18.8304 0.446414   -0.163065  -0.0177087 -0.00543556   0.00159443 -0.000360971 -0.000416021    0.0181314    0.0427597 -0.000745769 0.0740709         0         0
             74.5998 -0.884135  -9.54954  -84.4458 -17.7135 -18.8297 0.447763   -0.110147  0.00891381 -0.00646977    0.0015848 -0.000361203 -0.000415055    0.0181478    0.0426829 -0.000865208 0.0701759         0         0
             74.5998 -0.836879  -9.47388  -84.4187 -17.7117 -18.8305 0.445513 -0.0976023 0.00203413  -0.020747    0.0015688 -0.000384919 -0.000423694     0.018086    0.0425362 -0.000687782 0.0701721         0         0
             74.7002 -1.19781 -9.39049 -87.7194 -17.7173 -18.8305 0.444822  -0.0220593 -0.00468998  -0.0127595   0.00156459 -0.000385051 -0.000423333    0.0180937    0.0425072 -0.000738268 0.0702641         0         0
             74.7002 -1.30153 -9.31085 -87.6782 -17.7221 -18.8312 0.449058 -0.0533618 -0.0116101  0.0150182    0.0015915 -0.000408782 -0.000435712   0.0179837    0.042895 -0.00104585 0.0702721         0         0
                74.8 -1.24918 -9.46098 -89.9885 -17.7243 -18.8294 0.448728 0.00107964  0.0256572  -0.017511   0.00159271 -0.000408877 -0.000436246   0.0180177   0.0428834 -0.00104348 0.0677996         0         0
                74.8  -1.2789 -9.47413 -89.8975 -17.7299 -18.8313 0.445678 -0.0359587  0.0126564 -0.0366663   0.00159339 -0.000404404 -0.000462389    0.0178981     0.043318 -0.000786545 0.0678051         0         0
             74.8998 -1.05932 -9.03354 -91.5633 -17.7316 -18.8312  0.44109  0.00430739 -0.00559372  -0.0481727   0.00159408 -0.000403678 -0.000462634   0.0178957   0.0433288 -0.00076944 0.0665071         0         0
             74.8998 -1.08227 -8.95887 -91.5139  -17.737 -18.8325 0.441906 -0.0325059 -0.0180169 -0.0418742   0.00159337 -0.000426726 -0.000476738    0.0177187    0.0437548 -0.000806001 0.0665012         0         0
             75.0005 -1.26045 -8.05349  -93.231  -17.739 -18.8335 0.437651 -0.00931693 -0.00164986  -0.0419861    0.0015929 -0.000426441 -0.000477131    0.0177336    0.0437533 -0.000812986 0.0654527         0         0
             75.0005 -1.33292 -8.01614 -93.2138 -17.7415 -18.8326 0.438374 -0.0267081 0.00596326 -0.0376512   0.00161115 -0.000436373 -0.000482044   0.0177952   0.0439755 -0.00087046 0.0654527         0         0
             75.1003 -1.67683 -7.65563 -94.4552 -17.7426 -18.8313 0.435722  0.0076856 0.00710672 -0.0141958    0.0016104 -0.000436137 -0.000482197    0.0178029     0.043971 -0.000875585 0.0620739         0         0
             75.1003 -1.72757 -7.70239 -94.3866 -17.7465 -18.8303 0.436613   -0.018328   0.0158381 -0.00870248   0.00161857 -0.000420102 -0.000501355    0.0178479    0.0442936 -0.000940456 0.062071        0        0
             75.2001 -1.98821 -7.59897 -95.1807 -17.7456 -18.8296 0.435773  0.0399636 0.00051233 -0.0089376   0.00161857 -0.000419781 -0.000501548  0.0178493  0.0443023 -0.0009297 0.0602513         0         0
             75.2001 -1.97122 -7.57803  -95.154 -17.7448 -18.8294 0.437447  0.0452171 0.00121388 0.00259658    0.0016132 -0.000425534 -0.000509888   0.0178502   0.0442451 -0.00106567 0.0602496         0         0
                75.3 -2.03318 -7.53394 -95.3863 -17.7382 -18.8306 0.437156   0.0863011  -0.0239922 -0.00797674    0.0016144 -0.000425761 -0.000510029   0.0178505   0.0442505 -0.00105904 0.0605011         0         0
                75.3 -2.01382 -7.53839 -95.3379 -17.7407 -18.8323 0.436096  0.0684955 -0.0398233 -0.0142278    0.0016038 -0.000427271 -0.000523929    0.0176386    0.0444192 -0.000951371 0.0605031         0         0
             75.3998 -2.27379 -7.10812 -94.8129  -17.732 -18.8364 0.434207   0.101721  -0.051067 -0.0177338   0.00160419 -0.000426893 -0.000524573    0.0176564    0.0444252 -0.000948583 0.0601409         0         0
             75.3998 -2.30116 -7.09599 -94.7649 -17.7369 -18.8362  0.43283  0.0679619 -0.0500016 -0.0273267   0.00160319 -0.000430772 -0.000537508    0.0176113    0.0448171 -0.000816477 0.0601438         0         0
             75.5005  -2.3559 -6.63806 -94.0771 -17.7286 -18.8414 0.430615    0.100467  -0.0472862 -0.00969825   0.00160474 -0.000431023 -0.000537638    0.0176129    0.0448162 -0.000811304 0.0602142         0         0
             75.5005 -2.33547 -6.63949 -94.0529 -17.7336 -18.8394 0.430765    0.064824   -0.030363 -0.00947987    0.0015891  -0.00042764 -0.000543043    0.0177296    0.0452593 -0.000811621 0.0602119         0         0
             75.6003 -1.70066  -7.0315 -92.9952  -17.725 -18.8418 0.429809   0.104095 -0.0239649 -0.0163915   0.00158875 -0.000427171 -0.000543169    0.0177347    0.0452595 -0.000806166 0.0582808         0         0
             75.6003 -1.62818 -7.10327 -92.9796 -17.7281  -18.841 0.430785     0.08136  -0.0171248 -0.00966943   0.00156096 -0.000405456 -0.000546211    0.0177528    0.0455267 -0.000873918 0.0582808         0         0
             75.7002 -1.76617 -7.00251 -91.7582 -17.7191 -18.8434 0.429179   0.101903  -0.025074 -0.0159469   0.00156065 -0.000405233 -0.000546103    0.0177446    0.0455319 -0.000865613 0.0600877         0         0
             75.7002 -1.85383 -6.97917 -91.7482 -17.7225  -18.843 0.429023  0.0771616 -0.0216657 -0.0171973   0.00158007 -0.000411926 -0.000548437    0.0177431    0.0458249 -0.000840708 0.0600863         0         0
             75.8001 -1.87001 -7.05542 -90.0303 -17.7139 -18.8446 0.426511  0.0946563 -0.0132706 -0.0309519   0.00157991 -0.000411572 -0.000548409    0.0177399    0.0458258 -0.000830356 0.0600288         0         0
             75.8001 -1.85765 -7.08985 -89.9922 -17.7166 -18.8461  0.42673  0.0747833 -0.0279748 -0.0283907   0.00157075 -0.000405176 -0.000558769    0.0175378    0.0460303 -0.000827433 0.0600285         0         0
             75.8999  -1.3698 -6.83164 -88.0177 -17.7078 -18.8494  0.42464    0.10035 -0.0388965 -0.0195648   0.00156853 -0.000404673 -0.000558536    0.0175374    0.0460196 -0.000852774 0.0622769         0         0
             75.8999 -1.34021   -6.814 -88.0079 -17.7107 -18.8478 0.426409   0.0793685  -0.0247093 -0.00752688   0.00155409 -0.000407051 -0.000560669      0.01766    0.0462781 -0.000998569 0.0622774         0         0
             76.0002 -0.886674  -6.77039  -86.2055 -17.7018 -18.8517 0.425874   0.0979234  -0.0445889 -0.00352752   0.00155392 -0.000407379 -0.000560258    0.0176352    0.0462833 -0.000988271 0.0615504         0         0
             76.0002 -0.854336  -6.79834  -86.2391 -17.7023 -18.8504  0.42629   0.0943978   -0.031649 -0.00120864   0.00154441 -0.000395985 -0.000550145   0.0177715   0.0463292 -0.00103026 0.0615499         0         0
                76.1 -0.80964 -6.46226 -84.4188 -17.6925 -18.8538  0.42547   0.101803 -0.0388963 -0.0144363   0.00154461 -0.000395638 -0.000550274   0.0177783   0.0463303 -0.00102403 0.0617178         0         0
                76.1 -0.839242  -6.47705  -84.4323 -17.6947 -18.8557 0.422351  0.0856777 -0.0541275  -0.036107   0.00154905 -0.000396459 -0.000545755    0.0176329    0.0465025 -0.000760079 0.0617136         0         0
             76.1998 -0.809863  -6.21923  -83.1472 -17.6863 -18.8618 0.418871  0.0815272 -0.0695814 -0.0327989    0.0015491 -0.000396625 -0.000545692    0.017624   0.0465075 -0.00075756 0.0629626         0         0
             76.1998 -0.787395  -6.23484  -83.1928 -17.6892 -18.8619 0.419755  0.0597921 -0.0703454  -0.026518   0.00153794 -0.000392779 -0.000531423    0.0176077    0.0467473 -0.000822284 0.0629622         0         0
             76.3005 -0.650947  -5.53012  -82.6272  -17.684 -18.8697 0.417326  0.0444417   -0.07692 -0.0182858   0.00153915 -0.000392827  -0.00053149    0.017608   0.0467492 -0.00080557 0.0621764         0         0
             76.3005 -0.660557  -5.51323  -82.6606 -17.6917 -18.8704 0.417709 -0.0115365 -0.0813651 -0.0157828   0.00152702 -0.000398684 -0.000519598    0.0175783    0.0473723 -0.000822397 0.0621768         0         0
             76.4003 -0.840984  -5.38779  -82.8539  -17.693 -18.8768 0.417068  -0.0190582  -0.0506455 -0.00805427   0.00152415  -0.00039786 -0.000519341    0.0175732     0.047352 -0.000854396 0.0618908         0         0
             76.4003 -0.876583  -5.42588  -82.9127 -17.6931 -18.8743 0.418506  -0.020471 -0.0280575 0.00116275   0.00153749 -0.000381486 -0.000500059    0.0178065    0.0473592 -0.000980219 0.0618926         0         0
             76.5002 -1.54384 -5.48095 -83.5924 -17.6954 -18.8776 0.420042 -0.0336461 -0.0447914  0.0130901   0.00153435 -0.000381073 -0.000500046   0.0178183   0.0473343 -0.00102492 0.0583852         0         0
             76.5002 -1.57134 -5.47257 -83.6207 -17.6964 -18.8772 0.418679 -0.0408221    -0.0401 0.00332552   0.00154363 -0.000384576 -0.000491236     0.017893    0.0474177 -0.000913733 0.0583821         0         0
                76.6 -1.77588 -5.26478 -84.8261 -17.7009 -18.8806 0.419463 -0.0511085 -0.0266967 0.00310516   0.00154074 -0.000384171 -0.000491007    0.0178947    0.0473993 -0.000944145 0.0603333         0         0
                76.6 -1.79827 -5.23222 -84.8475  -17.704 -18.8816 0.419488 -0.0734452 -0.0356053 0.00356909   0.00154894 -0.000394244 -0.000484795    0.0178018    0.0476759 -0.000934926 0.0603277         0         0
             76.6999 -1.77285 -5.16007 -86.0341 -17.7109 -18.8841 0.418896 -0.0578275 -0.0171882 -0.0111703   0.00155045 -0.000394492  -0.00048499    0.0178078    0.0476824 -0.000919477 0.0565093         0         0
             76.6999 -1.76615 -5.15578 -86.0258 -17.7135 -18.8841 0.417945 -0.0760821 -0.0164644 -0.0180035   0.00154822 -0.000395241 -0.000487474    0.0178291    0.0478992 -0.000832448 0.0565104         0         0
             76.8001 -1.76295 -5.30616 -87.1241 -17.7198 -18.8866 0.416893    -0.04644  -0.0310992 0.000692862   0.00154801 -0.000394979 -0.000487265    0.0178103    0.0479085 -0.000824863 0.0577413         0         0
             76.8001   -1.786 -5.31978  -87.108 -17.7209 -18.8868 0.414343 -0.0550264 -0.0312154 -0.0178304   0.00155351 -0.000390381 -0.000491927    0.0178243    0.0480009 -0.000612091 0.0577411         0         0
                76.9  -1.3694  -4.9791 -87.4534 -17.7248 -18.8908 0.413053 -0.0212502 -0.0440547 -0.0180128   0.00155227  -0.00039019 -0.000491806   0.0178179   0.0480017 -0.00061997 0.0598358         0         0
                76.9 -1.35303 -4.93331 -87.3816 -17.7301 -18.8909 0.414197 -0.0590991 -0.0452372 -0.0100138   0.00154294 -0.000403345 -0.000514091   0.0177915   0.0484404 -0.00069488 0.0598351         0         0
             76.9998 -0.806901  -4.68333   -87.048 -17.7337 -18.8951  0.41278 -0.00794347  -0.0369183  -0.0199769   0.00154327 -0.000403436 -0.000513986    0.0177783    0.0484523 -0.000691952 0.0567888         0         0
             76.9998 -0.798246  -4.68908  -87.0103 -17.7339 -18.8956 0.413721 -0.00969444  -0.0422784  -0.0129725   0.00153967 -0.000400793  -0.00052596    0.0177047    0.0484721 -0.000768594 0.0567896         0         0
             77.1005 0.0129301  -4.27164  -85.9247 -17.7319 -18.9005 0.412281  0.0520761 -0.0461696 -0.0213989   0.00153734 -0.000400161 -0.000525624    0.0176875    0.0484693 -0.000786277 0.0572031         0         0
             77.1005 0.0296629  -4.26499  -85.8848 -17.7343 -18.9006 0.413354   0.035053 -0.0474913 -0.0136523   0.00153225 -0.000402446 -0.000537899    0.0176577    0.0486773 -0.000873563 0.0572025         0         0
             77.2003 0.464284 -3.99968 -84.3442 -17.7273 -18.9036 0.411527   0.102662  -0.019254 -0.0199801   0.00153201 -0.000402467 -0.000537922    0.0176638    0.0486719 -0.000877211 0.0593638         0         0
             77.2003 0.426255 -4.01816 -84.3171 -17.7327 -18.9019  0.41241   0.0635201 -0.00307937  -0.0145173    0.0015421 -0.000396502 -0.000546053    0.0178409    0.0491504 -0.000951345 0.0593661         0         0
             77.3001 0.336435 -3.75129 -82.0726 -17.7231 -18.9029 0.412232   0.133967 -0.0125948 0.00700621   0.00154061  -0.00039633 -0.000545748    0.0178161    0.0491519 -0.000968678 0.0587832         0         0
             77.3001 0.300437 -3.78273 -82.0339  -17.725  -18.904 0.410102    0.120755  -0.0212188 -0.00808471   0.00155026 -0.000387436 -0.000557635    0.0177232    0.0493154 -0.000782176 0.0587831         0         0
                77.4  0.22737 -3.95204 -79.2791 -17.7083 -18.9065 0.409206    0.21287 -0.0277744 -0.0100474   0.00155074 -0.000387197 -0.000557808    0.0177381     0.049308 -0.000776154 0.0614554         0         0
                77.4 0.266011 -4.01832 -79.2391 -17.7108 -18.9066  0.40915   0.194572 -0.0275848 -0.0105991   0.00153628 -0.000367749 -0.000570139    0.0177448    0.0495195 -0.000769945 0.0614537         0         0
             77.4998 0.662623 -3.86906 -76.6148 -17.6883 -18.9097 0.407708   0.245402 -0.0368288 -0.0166664   0.00153616 -0.000367803 -0.000570023    0.0177366    0.0495228 -0.000767681 0.0576361         0         0
             77.4998 0.680307  -3.8598 -76.6465 -17.6923 -18.9085  0.40864   0.216507 -0.0246775  -0.010933    0.0015294  -0.00037132 -0.000560102    0.0179093    0.0498432 -0.000847434 0.0576343         0         0
             77.6005 0.450266 -3.94549 -74.7299 -17.6695 -18.9099 0.407218   0.239398 0.00242291 -0.0115446  0.00153028 -0.00037145 -0.00056029    0.0179234    0.0498405 -0.000838307 0.0562854         0         0
             77.6005 0.423281 -3.99888 -74.7877 -17.6704   -18.91 0.408105    0.233401  0.00173022 -0.00531031   0.00153926 -0.000354977 -0.000542547     0.017916    0.0499134 -0.000913166 0.0562839         0         0
             77.7004 0.657986 -4.52022 -72.6492 -17.6449 -18.9086 0.408269   0.271595  0.0139861 0.00728616   0.00153988 -0.000355198 -0.000542533    0.0179141     0.049916 -0.000907599 0.0572261         0         0
             77.7004 0.756192 -4.54923 -72.6526 -17.6473 -18.9108   0.4094    0.255266 -0.00490971   0.0159884   0.00150846 -0.000349892 -0.000541623   0.0177258   0.0501384 -0.00100025 0.0572283         0         0
             77.8002 0.440492 -4.74571 -70.6225 -17.6212 -18.9104 0.411141   0.254718   0.015877 0.00959923   0.00150793 -0.000349659 -0.000541665   0.0177396    0.050123 -0.00101185 0.0602276         0         0
             77.8002 0.360722 -4.75083 -70.6352 -17.6256 -18.9112 0.409702     0.22244   0.0119704 -0.00101362   0.00152753 -0.000347875 -0.000537513    0.0177883    0.0505046 -0.000894073 0.0602271         0         0
             77.9001  0.52323 -4.92073  -68.183 -17.6046 -18.9085 0.410605  0.194748 0.0358691 0.0131548   0.00152374 -0.000347867 -0.000537349    0.0177776    0.0505046 -0.000933733 0.0603897         0         0
             77.9001 0.625764 -4.92613 -68.1421 -17.6097 -18.9087 0.412181  0.155816 0.0369939 0.0236995    0.0014857 -0.000346421 -0.000549518   0.0179024   0.0509202 -0.00107261 0.0603904         0         0
             77.9999 0.950536 -5.91915 -65.7633 -17.5955 -18.9022 0.415074  0.105322  0.050876 0.0331024    0.0014888 -0.000344262 -0.000550537   0.0180139   0.0508327 -0.00105609 0.0660036         0         0
             77.9999 0.941588 -6.00089  -65.796 -17.5987 -18.9055 0.411795 0.0831517 0.0257131 0.0107277   0.00148828 -0.000322364  -0.00054107   0.0178309   0.0511696 -0.00078094 0.0660113         0         0
             78.1001 0.685192 -6.05179 -63.7136 -17.5932 -18.9038 0.412917    0.0206789 -0.000328532    0.0154189   0.00148684 -0.000322285 -0.000541013    0.0178423    0.0511504 -0.000798279 0.0699626         0         0
             78.1001 0.626004  -6.0194 -63.7595 -17.5918 -18.9046  0.41086   0.0328603 -0.00782825   0.0012908   0.00150763 -0.000332697 -0.000527227     0.017729    0.0510593 -0.000617845 0.0699564         0         0
                78.2 0.0370565  -6.45751   -62.356 -17.5908  -18.905 0.410723 -0.0108018 0.00308656  0.0044528   0.00151063 -0.000331563 -0.000527708    0.0177626    0.0510354 -0.000584942 0.0726685         0         0
                78.2 0.0694564   -6.5047  -62.4063 -17.5906 -18.9021 0.412352 -0.0122137  0.0280571  0.0145562   0.00150329 -0.000312427 -0.000511957    0.0180217    0.0509278 -0.000732082 0.0726868         0         0
             78.2998 -0.304906  -6.72173  -60.4616 -17.5934 -18.8998  0.41375 -0.0160539  0.0383188   0.023323   0.00150457 -0.000313859 -0.000511847    0.0179752    0.0510165 -0.000689353 0.0694633         0         0
             78.2998 -0.265114  -6.73236  -60.4305 -17.5938 -18.8975 0.415954 -0.0216005  0.0578401  0.0380847   0.00149203 -0.000305898 -0.000521182     0.018185    0.0509718 -0.000889212 0.0694605         0         0
             78.4004 -1.14059 -6.90455 -58.5877 -17.5939 -18.8889 0.416231 -0.00345653   0.0784461   0.0111126   0.00150667  -0.00030334 -0.000522793    0.0182956    0.0508714 -0.000756996 0.0693729         0         0
             78.4004 -1.14505 -6.92035 -58.6062  -17.597 -18.8916 0.418706 -0.0246071  0.0569881  0.0292999   0.00150238 -0.000301487 -0.000516716    0.0181632    0.0511989 -0.000955363 0.069362        0        0
             78.5003 -2.12865 -6.94259 -56.6117  -17.601 -18.8874 0.423059 -0.0307544  0.0646871  0.0239391   0.00148898 -0.000304546 -0.000515037   0.0180634   0.0513031 -0.00105944 0.0757718         0         0
             78.5003 -2.15195 -6.96429 -56.5786 -17.6072 -18.8919  0.42245 -0.0747174  0.0320083  0.0201752   0.00148244 -0.000300595 -0.000523286    0.0179862    0.0519134 -0.000997587 0.0757594         0         0
             78.6001 -1.72508 -6.84054 -54.0608  -17.609 -18.8836 0.426414 -0.00655918   0.0619923   0.0440441   0.00148367 -0.000297656  -0.00052393   0.0180979   0.0516781 -0.00106771 0.0808815         0         0
             78.6001 -1.59158 -6.85295 -54.0397 -17.6089 -18.8827 0.425722 -0.00797596   0.0701459    0.038714   0.00144364 -0.000292822 -0.000530091   0.0181904   0.0516296 -0.00101848 0.0808819         0         0
             78.7001 -0.833353  -6.12349  -51.2563 -17.6051 -18.8698 0.426066   0.0412993    0.139962 0.000198103   0.00146304 -0.000291228  -0.00053222   0.0183285    0.051434 -0.00092589 0.0814613         0         0
             78.7001 -0.757889  -6.12335  -51.2443 -17.6074 -18.8702  0.42806 0.0235568  0.137853 0.0138244    0.0014365 -0.000290476 -0.000535135   0.0184006     0.05161 -0.00108607 0.0814656         0         0
             78.7999 -0.469556  -6.23027  -48.5705 -17.6035 -18.8544 0.426972    0.0752418     0.200229 -0.000673874   0.00144786 -0.000292847 -0.000534774    0.0183762    0.0516971 -0.000987398 0.0789088         0         0
             78.7999 -0.406304  -6.33613  -48.5881 -17.6042 -18.8557 0.426813   0.0707481    0.189916 -0.00137481   0.00142618 -0.000263111  -0.00052871    0.0183044     0.051804 -0.000967942 0.0789084         0         0
             78.9001 -0.516693  -6.99785  -46.7511 -17.5951 -18.8386 0.429109  0.129303  0.194213 0.0301467   0.00141575 -0.000263159 -0.000527427    0.0182404    0.0519195 -0.000996311 0.0892161         0         0
             78.9001 -0.583642  -7.05874  -46.8072 -17.5938  -18.835 0.427441  0.134928  0.225153 0.0170368   0.00144429  -0.00023726 -0.000512041    0.0184739    0.0516461 -0.000873953 0.0892077         0         0
                  79 -1.60983 -6.84392 -45.8454 -17.5786 -18.8108 0.426676    0.184831    0.280831 -0.00600316   0.00144928  -0.00024024 -0.000512538    0.0184918    0.0517094 -0.000815058 0.0939055         0         0
                  79 -1.59464 -6.82856 -45.9114 -17.5796 -18.8139 0.425842   0.180842   0.254429 -0.0108211   0.00144143 -0.000250448 -0.000492442    0.0183177    0.0519388 -0.000734888 0.0939171         0         0
             79.0998 -1.95815   -7.186 -44.3183 -17.5542 -18.7774 0.424585    0.254762    0.361896 -0.00856801   0.00146993 -0.000248216 -0.000496737   0.0184412   0.0515581 -0.00070487 0.0945964         0         0
             79.0998 -1.82807 -7.21653 -44.2702 -17.5603 -18.7837 0.426597   0.213013   0.315549 0.00606117   0.00141276 -0.000241584  -0.00050862    0.0183717    0.0522317 -0.000846123 0.0945684         0         0
             79.2005 -2.08079 -7.56718 -43.2062 -17.5368  -18.753 0.425625    0.284602    0.342537 -0.00672288   0.00141204 -0.000244229 -0.000507282    0.0183385    0.0523983 -0.000799003 0.0982263         0         0
             79.2005  -2.0558 -7.61698  -43.228 -17.5381 -18.7533 0.426641    0.274845    0.340805 0.000125598   0.00140325 -0.000228873 -0.000500391    0.0183877    0.0524868 -0.000880138 0.0982239         0         0
             79.3003 -2.29111 -7.37728 -41.9362 -17.5068 -18.7167 0.428409  0.332708  0.398083 0.0102493   0.00139331 -0.000227149 -0.000499149    0.0183531    0.0524625 -0.000923756 0.106435        0        0
             79.3003 -2.31191 -7.29608 -41.9043 -17.5104 -18.7161 0.432755  0.303083  0.406227 0.0389019   0.00139461 -0.000246365 -0.000509899   0.0186115   0.0526316 -0.00127736 0.106436        0        0
             79.4001  -1.8754 -7.22756 -39.9073 -17.4787 -18.6725 0.435905 0.332462 0.470873 0.019405   0.00138544 -0.000246068 -0.000508169   0.0185875   0.0526573 -0.00128641 0.103897        0        0
             79.4001 -1.87791 -7.27478 -39.8574 -17.4737  -18.666 0.433123     0.363311     0.519724 -0.000831226    0.0013873 -0.000230894 -0.000523594   0.0187278    0.051999 -0.00109539 0.103885        0        0
                79.5 -1.73444 -7.08921 -37.5392 -17.4349  -18.613 0.431914   0.401258   0.522362 -0.0178931   0.00140105 -0.000231566 -0.000524024    0.018717   0.0519585 -0.00109589 0.124465        0        0
                79.5 -1.72518  -7.0972 -37.5232  -17.426 -18.6037 0.430679   0.462939   0.586816 -0.0265804   0.00139961 -0.000227503 -0.000528506   0.0186627   0.0509155 -0.00102849 0.124477        0        0
             79.5998 -1.93265 -6.63404 -34.2381 -17.3816 -18.5495 0.428919   0.469997   0.543057 -0.0124163    0.0014183 -0.000229626 -0.000528656 0.0186549 0.0511041 -0.001042 0.133585        0        0
             79.5998 -1.94698 -6.67138 -34.1901 -17.3809   -18.55 0.427238   0.476149   0.538227 -0.0236354   0.00142055 -0.000220623 -0.000541992    0.0185842    0.0511019 -0.000902419 0.133586        0        0
             79.7001  -1.7463 -6.17898 -29.8946 -17.3254 -18.4878 0.427845    0.534562    0.549838 -0.00195618   0.00145541 -0.000226993 -0.000552082   0.0186087   0.0505773 -0.00103402 0.140471        0        0
             79.7001 -1.44589 -6.34329 -29.8882 -17.3321 -18.4986  0.42186   0.484499   0.471474 -0.0433523   0.00134228 -0.000189966 -0.000547562   0.0186236   0.0515366 -0.00053503 0.140508        0        0
                79.8 -1.73255 -5.84982 -25.5693 -17.2745 -18.4463 0.416448   0.529374    0.44887 -0.0610527   0.00134618 -0.000178596 -0.000552795    0.0185102    0.0510395 -0.000522179 0.152377        0        0
                79.8  -1.6961 -5.84124 -25.6145 -17.2806 -18.4498 0.418562   0.479544   0.428496 -0.0481983   0.00132189 -0.000173651 -0.000536538    0.0188433    0.0514864 -0.000686714 0.152365        0        0
             79.8998 -2.32587 -5.88048 -21.9122 -17.2368 -18.4127  0.41147     0.4317    0.34391 -0.0488486   0.00131209  -0.00017817 -0.000536305    0.0189145     0.051597 -0.000588308 0.160035        0        0
             79.8998 -2.47167 -5.95657 -21.9543 -17.2406 -18.4149 0.419941   0.40382  0.329954 0.0101442    0.0013524 -0.000149171 -0.000520137   0.0190443   0.0518958 -0.00124607 0.160028        0        0
             80.0005 -2.58817 -7.09635 -18.5864 -17.1991 -18.3815 0.427646  0.369191  0.308368 0.0563594   0.00138866 -0.000152908 -0.000524901    0.018917   0.0517632 -0.00148224 0.183716        0        0
             80.0005 -2.44068 -7.21735 -18.6421 -17.2027 -18.3835 0.427281  0.336837  0.295314 0.0522235   0.00134115 -0.000118939  -0.00050642   0.0192147   0.0520117 -0.00145469 0.183703        0        0
             80.1003 -2.31021 -8.75755 -16.0958 -17.1731  -18.359 0.437598  0.298975  0.242853 0.0679891   0.00136769 -0.000135868  -0.00051186   0.0192461   0.0522218 -0.00168631 0.198057        0        0
             80.1003 -2.11929 -8.81828 -16.2404 -17.1834 -18.3679 0.432432  0.207282  0.181715 0.0275255   0.00130985 -0.000121459 -0.000467885   0.0201261   0.0531743 -0.00126402 0.198102        0        0
             80.2001 -1.38786 -9.36431 -15.5999 -17.1792 -18.3615 0.438861 0.0479857  0.111183 0.0315407   0.00133621  -0.00012411 -0.000462664   0.0205425   0.0538646 -0.00149403 0.212801        0        0
             80.2001 -1.17896 -9.35118 -15.7318 -17.1744 -18.3627 0.426042  0.0871281   0.098972 -0.0567097   0.00127758 -0.000130511 -0.000423244    0.0202033    0.0538255 -0.000368098 0.21283       0       0
                80.3 -1.54804  -9.3984 -16.7928 -17.1771 -18.3629 0.428634  0.0184226 0.00911995 0.00598493   0.00130847  -0.00015611 -0.000424968    0.0205725    0.0543142 -0.000763449 0.223611        0        0
                80.3 -1.46763 -9.47445 -16.9155 -17.1568 -18.3489 0.419553  0.192033  0.103652 -0.051691   0.00129171 -0.000135978 -0.000386964   0.0189021     0.05273 0.000168782 0.223617        0        0
             80.3998  -2.3691 -8.96964 -20.0341 -17.1455 -18.3428 0.426147 0.0972607 0.0504836 0.0214298   0.00132658 -0.000166222 -0.000388557    0.0190942    0.0528878 -0.000343887 0.214683        0        0
             80.3998 -2.42225 -9.00407 -20.1461 -17.1308  -18.327 0.424008 0.222954  0.16588 0.011012   0.00134808 -0.000162122 -0.000353866    0.0179632    0.0512072 -7.17002e-05 0.214554        0        0
             80.5004 -2.58648 -9.52375 -24.9482 -17.1165 -18.3138 0.439048  0.120211  0.118874 0.0866552    0.0014043 -0.000193757  -0.00036218    0.0179894    0.0513717 -0.000700987 0.20304       0       0
             80.5004 -2.46109 -9.59706 -25.0758 -17.1136 -18.2998 0.439124  0.136349  0.223571 0.0868503    0.0013755 -0.000175857 -0.000322372    0.0181208     0.050103 -0.000775784 0.203017        0        0
             80.6003 -2.47992 -9.12829 -30.3074 -17.1016  -18.277 0.456471 0.0920686  0.207379  0.122823   0.00141856 -0.000202696 -0.000330649   0.0180277   0.0499874 -0.00117552 0.184427        0        0
             80.6003 -2.37232 -9.07416 -30.3183 -17.1013 -18.2739  0.45169 0.0894352    0.2314 0.0889247   0.00138854 -0.000216986 -0.000327765    0.0182214    0.0497072 -0.000803444 0.184438        0        0
             80.7002 -2.06898 -9.46611   -34.82  -17.096 -18.2522 0.458301 0.0289589  0.212912 0.0253697   0.00140199 -0.000223148 -0.000334517     0.018227    0.0497776 -0.000838658 0.160425        0        0
             80.7002 -2.07665 -9.48095 -34.7672 -17.1031 -18.2592 0.453757  -0.0312942     0.16865 -0.00856086   0.00139588 -0.000208223 -0.000348762    0.0187037    0.0505505 -0.000469762 0.160427        0        0
                80.8 -2.04962 -8.90839 -38.8304 -17.1095 -18.2465 0.451309 -0.0950056   0.113128 -0.0450886   0.00140693 -0.000205265 -0.000351842    0.0186646    0.0506337 -0.000501814 0.147176        0        0
                80.8 -2.35156 -8.77979 -38.7416 -17.1098 -18.2485 0.453793 -0.0915264  0.0973229 -0.0273397   0.00149217 -0.000246998 -0.000380707    0.0185181    0.0507992 -0.000681053 0.147184        0        0
             80.8999 -2.63265 -8.54145 -42.2739 -17.1241 -18.2437 0.452112  -0.143329  0.0611331 -0.0151134    0.0015139 -0.000247106 -0.000380024    0.0185407    0.0510354 -0.000710735 0.13962       0       0
             80.8999 -2.34984 -8.50918 -42.2408 -17.1281 -18.2484  0.45191  -0.174032  0.0272544 -0.0171032   0.00142086 -0.000251265  -0.00038935     0.018604    0.0515386 -0.000677855 0.139631        0        0
             81.0001 -2.30647 -8.72534 -45.3002 -17.1421 -18.2411 0.452117  -0.170184  0.0244073 0.00827471   0.00144373 -0.000251145 -0.000396887     0.018589    0.0511892 -0.000735995 0.127446        0        0
             81.0001 -2.37717 -8.68896 -45.2729 -17.1453 -18.2448 0.453006   -0.192045 -0.00164243   0.0140612    0.0014608 -0.000260787 -0.000404884    0.0185827    0.0515937 -0.000787285 0.127448        0        0
             81.0999 -2.44281 -9.12299 -47.8406 -17.1609 -18.2409 0.456832 -0.176654 0.0119384  0.031302   0.00146419 -0.000258202 -0.000407861    0.0185656    0.0513205 -0.000891282 0.110647        0        0
             81.0999 -2.36786 -9.09145 -47.8495 -17.1617 -18.2447 0.454192  -0.179588 -0.0187529  0.0145394   0.00143807 -0.000268977 -0.000405132    0.0183794    0.0515798 -0.000646609 0.110648        0        0
             81.1998 -2.28826 -9.68009 -49.6767 -17.1806 -18.2486 0.454989  -0.181048 -0.0392229 0.00652265   0.00143201 -0.000266916 -0.000404828    0.0183774    0.0516591 -0.000620713 0.102976        0        0
             81.1998 -2.31009 -9.65058 -49.6288 -17.1876 -18.2582 0.455726 -0.225257 -0.112665 0.0132432   0.00142263 -0.000276704 -0.000417622   0.0181051   0.0526091 -0.00061297 0.103021        0        0
             81.3004 -2.40858  -9.8863   -50.72  -17.204 -18.2629 0.455281  -0.182043  -0.092504 0.00196963   0.00145212 -0.000276195 -0.000422421   0.0182114   0.0522029 -0.00057608 0.0965657         0         0
             81.3004 -2.40325 -9.83328 -50.6637 -17.2139 -18.2701 0.455235  -0.254265  -0.140939 0.00130937   0.00143266 -0.000287116 -0.000436955    0.0183366    0.0531958 -0.000545949 0.096561        0        0
             81.4003 -2.47659 -9.48469 -51.0453  -17.241 -18.2885 0.453531  -0.245916   -0.16722 -0.0154726   0.00142942 -0.000287731 -0.000436428    0.0183091     0.053386 -0.000481812 0.0941538         0         0
             81.4003 -2.51782  -9.4448  -50.982 -17.2384 -18.2831 0.457611  -0.22989 -0.125396 0.0102152   0.00144657 -0.000294641 -0.000457139    0.0185089    0.0529653 -0.000843894 0.0941378         0         0
             81.5001 -2.22549 -9.37322 -50.8072 -17.2574 -18.2899   0.4564   -0.184321  -0.0738838 -0.00347623   0.00146413 -0.000293889 -0.000460575    0.0186278    0.0527553 -0.000776203 0.0968235         0         0
             81.5001 -2.13764 -9.38408 -50.7684 -17.2565 -18.2868 0.456476   -0.181814  -0.0480216 -0.00441129   0.00143944  -0.00028665 -0.000472737    0.0188379    0.0525442 -0.000811684 0.0968344         0         0
             81.5999   -1.998  -9.5209 -50.1645 -17.2732 -18.2931 0.453958   -0.118301   -0.046017 -0.00915334   0.00144987 -0.000290037 -0.000472645    0.0188257    0.0526613 -0.000705629 0.0971673         0         0
             81.5999 -1.93834 -9.55748 -50.1387 -17.2689   -18.29 0.455851 -0.0874945 -0.0253685 0.00363682   0.00143735 -0.000279111 -0.000481505    0.0187635    0.0522426 -0.000865982 0.0971775         0         0
             81.6999 -2.05768 -9.22612 -48.7314 -17.2764 -18.2945 0.456119 -0.0082326  0.0101533 0.00247981   0.00143067 -0.000282144  -0.00047951     0.018693    0.0524897 -0.000833244 0.0945679         0         0
             81.6999 -2.10445 -9.17267 -48.6645 -17.2727 -18.2896 0.458149 0.0161122 0.0461456 0.0148731   0.00145187 -0.000293562 -0.000503104   0.0188196    0.052015 -0.00102668 0.0945596         0         0
             81.8001 -1.29538 -8.76344 -45.9998  -17.262 -18.2724  0.45497   0.122981   0.168749 -0.0249983   0.00149286 -0.000291999 -0.000511663    0.0190679    0.0516048 -0.000908372 0.0961795         0         0
             81.8001 -1.07443 -8.79287 -45.9682 -17.2623 -18.2726 0.456248   0.120055   0.166161 -0.0160093   0.00142495  -0.00028471 -0.000520193   0.0190479   0.0516348 -0.00100992 0.096181        0        0
             81.8999 -0.234442  -8.56633   -42.958 -17.2472 -18.2531 0.453327  0.189725  0.215199 -0.022377    0.0014286 -0.000285884 -0.000521409    0.0190914     0.051643 -0.000959319 0.100679        0        0
             81.8999 -0.192003  -8.66418  -42.9486 -17.2505 -18.2584  0.45146   0.168486   0.176148 -0.0338427     0.001404 -0.000262854 -0.000521328  0.0189465  0.0521115 -0.0007828 0.100694        0        0
             81.9998 -0.31838 -8.40918 -40.4765 -17.2263 -18.2311 0.448625   0.239677   0.264263 -0.0228752   0.00143366 -0.000261772 -0.000527789   0.0190555   0.0517467 -0.00080467 0.119141        0        0
             81.9998 -0.273998  -8.45334  -40.5327 -17.2324  -18.237 0.447988   0.196619    0.22437 -0.0270168   0.00140802 -0.000250817 -0.000508279    0.0190921    0.0523957 -0.000748901 0.119126        0        0
             82.1004 -0.875297  -8.34995  -38.2805 -17.2118 -18.2123  0.44409   0.248839   0.290443 -0.0309578    0.0014247  -0.00026243 -0.000507432    0.0191514    0.0525055 -0.000684408 0.125557        0        0
             82.1004 -0.86969  -8.4342 -38.2726 -17.2177 -18.2185 0.444138   0.206874   0.247163 -0.0308039    0.0014076 -0.000239505 -0.000506847    0.0191787    0.0531776 -0.000683011 0.12556       0       0
             82.2003 -1.03266 -8.54262 -35.9059 -17.1917 -18.1878 0.440624 0.289487  0.34407 -0.02924   0.00139032 -0.000235317 -0.000505648    0.0191572    0.0530734 -0.000654705 0.135516        0        0
             82.2003 -0.977406  -8.57969  -35.9001 -17.1946 -18.1909 0.442473    0.26907   0.321337 -0.0168304   0.00136566 -0.000224034  -0.00050612   0.0191538     0.05341 -0.00079338 0.135512        0        0
             82.3001 -1.33034  -8.5994 -34.2373   -17.16 -18.1513 0.441161   0.352094   0.386711 -0.0136193   0.00135896 -0.000221103 -0.000507143    0.0191405    0.0531054 -0.000817029 0.141549        0        0
             82.3001 -1.49362 -8.59482 -34.2878 -17.1627 -18.1541 0.443484 0.334376  0.36731 0.001772     0.001406 -0.000222747 -0.000492842   0.0191481   0.0534292 -0.00100002 0.141538        0        0
             82.3999 -1.68053 -8.22343 -33.0403 -17.1276 -18.1159 0.444723  0.355046  0.416484 0.0210332   0.00138241 -0.000214119 -0.000491397  0.0190907   0.053449 -0.0010065 0.152708        0        0
             82.3999 -1.72128 -8.18241 -33.0399 -17.1212 -18.1057 0.443843  0.399279  0.493874 0.0149516   0.00141044 -0.000221585 -0.000494932    0.0191655    0.0524443 -0.000973717 0.152669        0        0
             82.4998 -1.35249 -8.21592 -31.9902 -17.0827 -18.0543 0.448425  0.389321  0.519022 0.0303864   0.00141363 -0.000228192  -0.00049858   0.0192039   0.0524647 -0.00111831 0.146335        0        0
             82.4998 -1.18234  -8.2942 -32.0684 -17.0755 -18.0435 0.447401  0.438701  0.597191 0.0239427  0.00139294 -0.00020425  -0.0004796   0.0191986   0.0514336 -0.00107671 0.146355        0        0
             82.6004 -1.19883 -8.54826  -31.279 -17.0308 -17.9842 0.447193  0.436425  0.558882 0.0182744   0.00139524 -0.000207086 -0.000479721    0.0192129    0.0513614 -0.000941181 0.156799        0        0
             82.6004 -1.13259 -8.59194 -31.3416 -17.0361 -17.9911 0.445477   0.394875   0.509133 0.00530378   0.00135902 -0.000193376 -0.000458814   0.0193444   0.0520478 -0.00079339 0.156787        0        0
             82.7003 -1.39333 -8.90196 -30.0295 -16.9909 -17.9369 0.447972   0.433727   0.459017 0.00509005   0.00140335 -0.000207793 -0.000470146     0.019278    0.0516687 -0.000899035 0.158569        0        0
             82.7003 -1.46039 -8.94833  -30.002 -16.9944 -17.9456  0.44811   0.412572   0.392476 0.00671764   0.00139904 -0.000200496 -0.000474485     0.019118    0.0524126 -0.000873999 0.158581        0        0
             82.8002 -1.87851 -8.02561   -28.67 -16.9488  -17.908 0.454571  0.470022   0.31286 0.0165229   0.00145797 -0.000217984 -0.000485525   0.0190614   0.0522386 -0.00118858 0.157297        0        0
             82.8002 -1.65294 -8.00899 -28.6932  -16.954 -17.9136 0.452255     0.427518     0.273669 -0.000969883   0.00137333 -0.000222193 -0.000474017   0.0192949   0.0528063 -0.00101468 0.1573      0      0
                82.9 -2.31528 -7.93181  -27.281 -16.9032 -17.8839 0.445975   0.490244   0.237699 -0.0349811   0.00138217 -0.000218582 -0.000477886    0.0191872    0.0524492 -0.000758644 0.17197       0       0
                82.9 -2.29806 -7.98155 -27.3045 -16.9087  -17.885 0.447864   0.440057    0.23448 -0.0237823   0.00137504 -0.000203764 -0.000469804    0.0196556    0.0527394 -0.000946751 0.171946        0        0
             82.9998 -3.18322 -8.03742  -26.018 -16.8611 -17.8623 0.450378  0.478012  0.191051 0.0083931   0.00140141 -0.000212609 -0.000476028    0.019589   0.0526151 -0.00117906 0.176012        0        0
             82.9998 -3.00651 -8.09615 -26.0549 -16.8656 -17.8652 0.448751   0.437637   0.171679 -0.0054933   0.00134779  -0.00019733 -0.000463651   0.0199242    0.052988 -0.00104855 0.176003        0        0
             83.1005 -2.58298 -9.04654 -24.4337 -16.8271   -17.85 0.451908  0.392846  0.162717 0.0223589   0.00135232 -0.000209087 -0.000457336   0.0200951   0.0531502 -0.00117813 0.177607        0        0
             83.1005 -2.64878 -9.10604  -24.385 -16.8224 -17.8502 0.451195  0.435751  0.157561 0.0198258   0.00137022 -0.000188415  -0.00047102   0.0196078   0.0530065 -0.00108642 0.177618        0        0
             83.2003 -2.57916 -9.70269 -22.5733 -16.7834 -17.8343 0.459612  0.436417  0.189247 0.0501282    0.0014262 -0.000223148 -0.000476736   0.0197801   0.0531979 -0.00142922 0.189363        0        0
             83.2003 -2.36205 -9.78762 -22.6058 -16.7866 -17.8429 0.451964    0.409692    0.124621 -0.00392788   0.00135996 -0.000198911 -0.000466321    0.0198742    0.0539721 -0.000734243 0.189351        0        0
             83.3002 -1.91766 -7.77555 -21.1447 -16.7488 -17.8253 0.458497  0.376994  0.189458 0.0407074   0.00138158  -0.00021935 -0.000459072   0.0200514   0.0539185 -0.00104115 0.196493        0        0
             83.3002 -1.90829 -7.67509 -21.1385 -16.7372 -17.8161 0.454126  0.476681   0.25288 0.0154044   0.00138113  -0.00025003 -0.000462953   0.0192686   0.0527739 -0.00065511 0.196524        0        0
                83.4 -1.54702 -7.23328 -19.8561 -16.6913 -17.7873  0.45422    0.435487    0.304423 -0.00575754    0.0013588 -0.000246533 -0.000461022    0.0192607    0.0526872 -0.000624006 0.195625        0        0
                83.4 -1.58353 -7.40839 -19.8598 -16.6848 -17.7793 0.453178   0.487565   0.361621 -0.0111145    0.0013718 -0.000189265  -0.00045954    0.0188799    0.0518282 -0.000540625 0.195607        0        0
             83.4998 -1.98536 -6.63726 -19.5496 -16.6329 -17.7366 0.456062   0.478238   0.449718 -0.0027636   0.00139467 -0.000195093 -0.000467057    0.0186298    0.0516051 -0.000760774 0.208646        0        0
             83.4998 -1.98218 -6.62772 -19.6244 -16.6381 -17.7354 0.457552   0.429191   0.463363 0.00521327   0.00139595 -0.000194711 -0.000443931    0.0192321    0.0516242 -0.000938796 0.208642        0        0
             83.6005 -1.89067 -7.13242 -20.4109 -16.5955 -17.6834 0.463793   0.400691    0.52744 0.00103222   0.00142323 -0.000220699 -0.000452344   0.0191345   0.0515344 -0.00131018 0.22392       0       0
             83.6005 -1.67926 -7.29411 -20.5314 -16.6053 -17.6859 0.458392   0.306922   0.514093 -0.0419315   0.00136066 -0.000164297 -0.000414473    0.0202069    0.0519745 -0.000895736 0.223968        0        0
             83.7004 -0.592017  -6.84924  -22.7502 -16.5709 -17.6287 0.455037   0.276924   0.567202 -0.0547621   0.00137838 -0.000170064 -0.000424378   0.0198669   0.0516672 -0.00102447 0.21229       0       0
             83.7004 -0.61573 -6.74215 -22.8527  -16.566 -17.6243 0.452848  0.319606  0.597497 -0.068793   0.00139261 -0.000207597 -0.000393877    0.0195176    0.0511677 -0.000826359 0.212304        0        0
             83.8002 0.168322 -6.62516 -26.1257 -16.5358 -17.5673 0.451924    0.346734    0.603803 -0.00522169   0.00143562  -0.00022422 -0.000399216   0.0195897   0.0514282 -0.00105399 0.207528        0        0
             83.8002 0.228513 -6.67666 -26.2444 -16.5385 -17.5705 0.448439   0.322146    0.58106 -0.0308979   0.00141944 -0.000205098 -0.000362209     0.019808    0.0517682 -0.000761365 0.207538        0        0
             83.9001  0.55031 -4.21002 -28.4585 -16.5057 -17.5132 0.448858    0.270646    0.572599 -0.00694812   0.00144415 -0.000207043 -0.000366313    0.0196905    0.0517306 -0.000835457 0.185221        0        0
             83.9001  0.62258 -4.03446 -28.3414 -16.5032 -17.5114 0.445147   0.290587   0.583963 -0.0325235   0.00141913 -0.000263624 -0.000401952    0.0195732    0.0515054 -0.000511451 0.18522       0       0
             83.9999  0.17498 -3.85711 -28.9179 -16.4814  -17.451  0.44402   0.196988   0.594897 -0.0441917   0.00143829 -0.000279914 -0.000397822    0.0196732    0.0514772 -0.000719619 0.17996       0       0
             83.9999 0.282638 -4.11217 -28.7669 -16.4864 -17.4585 0.443891   0.157115   0.542813 -0.0457772   0.00139244 -0.000195071 -0.000445079    0.0198253    0.0522414 -0.000721874 0.180001        0        0
             84.1001 -0.0213223   -4.21599   -28.9942 -16.4748 -17.4069 0.441961   0.140036   0.517459 -0.0451981   0.00141277 -0.000206925 -0.000439197    0.0199697    0.0523997 -0.000887957 0.184038        0        0
             84.1001 -0.0668065   -4.26795   -28.9607 -16.4708 -17.4067  0.44165   0.176466   0.514792 -0.0455577   0.00142844 -0.000198768 -0.000449667    0.0195648    0.0522368 -0.000854077 0.184032        0        0
                84.2 -0.288818  -4.50802  -28.8572 -16.4462 -17.3496 0.444923   0.226097   0.517842 -0.0204648   0.00145539 -0.000212218 -0.000456729    0.019406   0.0518065 -0.00129801 0.178453        0        0
                84.2 -0.160139  -4.53912  -28.8477 -16.4499 -17.3546 0.441224   0.195434   0.482321 -0.0488229   0.00140708 -0.000200754 -0.000459305   0.0195538   0.0523309 -0.00097035 0.178436        0        0
             84.2998 -0.168725  -4.63306  -28.9465 -16.4321 -17.3073 0.439564    0.17167   0.481385 -0.0058438   0.00141613 -0.000204412 -0.000460218   0.0195762   0.0523848 -0.00107294 0.182375        0        0
             84.2998 -0.19166 -4.64683 -28.9648 -16.4292 -17.3015  0.43823   0.191449   0.525155 -0.0152992   0.00143158 -0.000199826 -0.000455025    0.0196074     0.051827 -0.000961515 0.182396        0        0
             84.4001 -0.716924  -4.84287  -29.5319 -16.4164 -17.2525 0.444652  0.160788  0.503695 0.0553534   0.00147681 -0.000219505 -0.000453929   0.0197609   0.0520992 -0.00124847 0.187288        0        0
             84.4001 -0.620619  -4.87092  -29.5504 -16.4146 -17.2505  0.44102  0.172912  0.518409 0.0296511     0.001451 -0.000211525 -0.000448299    0.0197308    0.0518722 -0.000938774 0.187296        0        0
             84.4999  -1.4756 -4.71435 -29.8781 -16.4063 -17.2131 0.444239   0.16417  0.471505 0.0468958   0.00146468 -0.000209018 -0.000455571    0.0198828     0.052771 -0.000904122 0.180713        0        0
             84.4999 -1.40932 -4.73147 -29.8796  -16.397 -17.1994 0.442105  0.237834   0.57593 0.0339427    0.0014654 -0.000207214 -0.000456393    0.0196855    0.0512941 -0.000746251 0.18069       0       0
             84.5998 -2.31847 -5.50882 -30.4267 -16.3649 -17.1385 0.449541  0.338307  0.593018 0.0533763   0.00150286 -0.000207558 -0.000464071    0.0194989    0.0510657 -0.000931664 0.183157        0        0
             84.5998  -2.2854 -5.50806 -30.4729 -16.3615 -17.1323 0.452113   0.36508  0.638423 0.0722042   0.00150317 -0.000208816 -0.000450904  0.0194502  0.0504549 -0.0011669 0.18316       0       0
             84.7005 -2.68092 -5.03814 -31.8467 -16.3125 -17.0601 0.457669  0.463034  0.672138 0.0758147   0.00148089  -0.00020249 -0.000451672   0.0192477   0.0498665 -0.00104401 0.178821        0        0
             84.7005 -2.64467 -4.91093 -31.8865 -16.3241 -17.0697 0.460243 0.366237 0.603401 0.089533   0.00144854 -0.000227326 -0.000438442   0.0198483   0.0510954 -0.00121463 0.178763        0        0
             84.8003 -3.17732 -6.83488   -33.46 -16.2911  -17.011 0.470903  0.380917  0.629402 0.0806325   0.00146916 -0.000237809 -0.000431332   0.0199976   0.0513957 -0.00133385 0.173147        0        0
             84.8003 -3.16288   -7.008 -33.3911 -16.2961 -17.0208 0.469154  0.343595  0.557507 0.0682419   0.00144329 -0.000185645 -0.000446675    0.019964   0.0523041 -0.00114081 0.173154        0        0
             84.9002 -2.43065 -8.40434 -36.2005 -16.2598 -16.9675 0.475481 0.405315 0.537763 0.062433   0.00145355 -0.000179215 -0.000446092   0.0199671   0.0524313 -0.00115861 0.175286        0        0
             84.9002 -2.34635 -8.35159 -36.3808 -16.2536 -16.9645 0.468989  0.455448   0.55721 0.0181922     0.001446 -0.000206432 -0.000394776    0.0196555    0.0519098 -0.000637812 0.175293        0        0
                  85 -1.35578 -7.91626 -39.8805  -16.203 -16.9051 0.473087 0.471479 0.554672 0.051167   0.00144871 -0.000204218 -0.000397119    0.0195869    0.0515938 -0.000704588 0.161634        0        0
                  85 -1.37079 -7.73462 -39.8891 -16.2082 -16.9114 0.470484  0.430133  0.507111 0.0306045   0.00143732 -0.000254685 -0.000393865    0.0197235    0.0522887 -0.000445138 0.161619        0        0
             85.0998 -0.779538  -6.50726  -41.1437 -16.1682 -16.8609 0.473018  0.347415  0.494437 0.0242649   0.00144576 -0.000252865 -0.000397864    0.0197225    0.0522277 -0.000388893 0.153894        0        0
             85.0998 -0.790223   -6.4282  -40.9895 -16.1735 -16.8633 0.479661   0.30757  0.478121 0.0703138   0.00143586 -0.000269684  -0.00044319    0.0199024    0.0526753 -0.000944209 0.153893        0        0
             85.2005 -1.24165 -7.08043  -42.514  -16.156 -16.8215 0.490028  0.190809  0.484805 0.0487539   0.00143738 -0.000286591 -0.000433774   0.0199971   0.0532716 -0.00120713 0.151283        0        0
             85.2005  -1.3067 -7.30713 -42.4692 -16.1516 -16.8149 0.485275  0.219732  0.540639 0.0137886   0.00146947  -0.00021867 -0.000445906    0.0201872    0.0525667 -0.000826758 0.151271        0        0
             85.3003 -1.57052 -8.37263 -43.6912 -16.1268  -16.757 0.487943   0.204626   0.528489 -0.0181028   0.00146422 -0.000213008 -0.000443557   0.0201211   0.0522127 -0.00102536 0.154656        0        0
             85.3003 -1.78162 -8.33622 -43.6352 -16.1223 -16.7488 0.484132   0.233266   0.597182 -0.0462885   0.00154216 -0.000216468 -0.000459524    0.0204258    0.0514417 -0.000750675 0.154669        0        0
             85.4002 -2.18143 -8.01435 -45.2957 -16.1001 -16.6925 0.479681  0.203874  0.558305 -0.042155   0.00151952 -0.000210751 -0.000458927   0.0203723   0.0514804 -0.00076616 0.150643        0        0
             85.4002 -2.22821 -7.84627 -45.3385 -16.0967  -16.691 0.481264   0.233563   0.565751 -0.0298688   0.00154169 -0.000265059 -0.000449432     0.020188    0.0512044 -0.000884813 0.150637        0        0
                85.5 -2.39428 -7.97654 -46.4044 -16.0735  -16.633 0.480493   0.216235   0.559091 -0.0137227   0.00154451 -0.000267451 -0.000447305    0.0201659    0.0510975 -0.000955217 0.148199        0        0
                85.5 -2.43271 -8.03486 -46.3499 -16.0708 -16.6301 0.480673   0.235527   0.580946 -0.0126916   0.00156232 -0.000250108 -0.000463408    0.0201772    0.0507834 -0.000979018 0.148205        0        0
             85.5998 -2.73418 -6.90291 -48.6113 -16.0519 -16.5813 0.472432   0.230046   0.523027 -0.0280451    0.0015677 -0.000251359 -0.000464081   0.0201865   0.0512087 -0.00063864 0.142289        0        0
             85.5998  -2.7226 -6.78877 -48.6846 -16.0476 -16.5759 0.478155  0.263479  0.561958 0.0137233    0.0015821 -0.000284794 -0.000446784  0.0201823  0.0506688 -0.0011417 0.14225       0       0
             85.7002 -2.95228 -6.47133 -51.2485 -16.0188 -16.5196 0.482058  0.306734  0.510941 0.0740376   0.00160207 -0.000289601  -0.00044799  0.0202594  0.0505552 -0.0010998 0.134898        0        0
             85.7002 -3.00444 -6.50696 -51.2773 -16.0213  -16.523 0.485822 0.291456 0.481936 0.102257   0.00161364 -0.000279028 -0.000436434    0.020085   0.0509175 -0.00138982 0.134902        0        0
                85.8 -3.24385 -6.30367 -54.9155   -15.99  -16.475 0.491934  0.333033  0.479772 0.0590048   0.00166161 -0.000280447 -0.000440942   0.0201808     0.05087 -0.00123441 0.131309        0        0
                85.8 -3.14673 -6.27022 -54.9891 -15.9945 -16.4811 0.493729  0.304847  0.430053 0.0731063   0.00162992 -0.000287988 -0.000417179   0.0199102    0.051493 -0.00134468 0.131315        0        0
             85.8998 -3.18364 -7.48728 -59.1641  -15.959 -16.4339 0.499476 0.375994 0.471579 0.038814   0.00163329 -0.000281696 -0.000417895   0.0199038   0.0513317 -0.00138354 0.114085        0        0
             85.8998  -3.0915 -7.48755 -59.2052  -15.965 -16.4407 0.498456  0.331893  0.412991 0.0331527    0.0016111 -0.000280901 -0.000411077   0.0196957   0.0520579 -0.00124789 0.114106        0        0
             86.0005  -3.7158  -7.9699 -64.3216 -15.9325 -16.4075 0.502043 0.364526 0.371567 0.052972   0.00160945 -0.000282988 -0.000410004   0.0195231   0.0524428 -0.00117229 0.104899        0        0
             86.0005 -3.87278 -7.87391 -64.3524 -15.9345 -16.4031 0.499122  0.344071  0.416181 0.0287733   0.00166127 -0.000318408 -0.000402553   0.0199852   0.0524142 -0.00100879 0.104896        0        0
             86.1003 -3.41797 -7.64548 -68.6121 -15.9058 -16.3667 0.505272   0.30504   0.41368 0.0431984   0.00164042  -0.00031495 -0.000399509  0.0197893  0.0527278 -0.0011218 0.0996905         0         0
             86.1003 -3.41648  -7.5275 -68.4771 -15.9084 -16.3621   0.5011  0.278988  0.462906 0.0107843   0.00163677 -0.000350745 -0.000444311   0.0205049    0.052764 -0.00085542 0.0996906         0         0
             86.2001 -3.14702 -6.08162 -70.9095 -15.8836 -16.3154 0.501451  0.235705  0.506103 0.0154645   0.00164258 -0.000352103  -0.00044434    0.0204808    0.0528273 -0.000783612 0.0882394         0         0
             86.2001 -3.30092 -6.02018 -70.7566 -15.8806 -16.3124 0.498981   0.257084   0.534073 -0.0029122   0.00168538 -0.000371242 -0.000493756   0.0207473   0.0524829 -0.00061924 0.0882328         0         0
                86.3 -3.49869 -7.14441 -71.8946  -15.856 -16.2566 0.498369  0.256935  0.596125 -0.006209   0.00168571 -0.000369331 -0.000493151    0.0206657    0.0525577 -0.000585073 0.0836765         0         0
                86.3 -3.53051 -7.29683 -71.7915 -15.8506 -16.2544 0.502756 0.297285 0.611034  0.02445   0.00169185  -0.00032131 -0.000522378     0.020635    0.0520578 -0.000997529 0.0836844         0         0
             86.3998 -3.40066 -7.55187 -71.6828 -15.8217 -16.1969 0.504238  0.306359  0.571462 0.0108743   0.00169291 -0.000320836 -0.000522096    0.0205584    0.0521674 -0.000954303 0.0850904         0         0
             86.3998 -3.38679 -7.46163 -71.6295 -15.8235 -16.1985 0.507865  0.294665   0.55467 0.0368326   0.00168614 -0.000348586 -0.000540443   0.0203712   0.0523787 -0.00124389 0.0850852         0         0
             86.5005 -3.29522 -7.51573 -70.5334 -15.7955 -16.1439 0.511514  0.290025  0.587006 0.0108444   0.00167763 -0.000348379  -0.00053903   0.0201863   0.0525163 -0.00130003 0.0869521         0         0
             86.5005 -3.31955 -7.49337 -70.4772 -15.7955 -16.1416  0.51229  0.289357  0.607855 0.0150476   0.00168305 -0.000353112 -0.000556541   0.0204271   0.0524665 -0.00138931 0.0869507         0         0
             86.6003 -2.86001 -7.18108 -68.2831 -15.7667 -16.0861 0.516059  0.313872  0.541085 0.0292437   0.00166951 -0.000351855   -0.0005547  0.0202273  0.0525829 -0.0014977 0.0894212         0         0
             86.6003 -2.84772 -7.15157 -68.2148 -15.7735 -16.0863 0.512376   0.261177    0.54596 0.00209568   0.00165868 -0.000359371 -0.000575583    0.020498   0.0531561 -0.00116313 0.0894085         0         0
             86.7002 -1.92812 -5.70883 -66.0147  -15.741 -16.0281 0.511415    0.355357     0.55082 0.000231528   0.00166645 -0.000356856 -0.000577913   0.0207928   0.0529439 -0.00112373 0.0945074         0         0
             86.7002 -1.85266 -5.70364 -66.0165  -15.744   -16.03 0.507796   0.332575   0.536847 -0.0243924   0.00164093 -0.000360419 -0.000576722    0.0207559    0.0532296 -0.000797387 0.0945096         0         0
             86.8001 -0.784744  -5.29115  -63.4932 -15.7055 -15.9778 0.508979    0.418011    0.499567 -0.00852603   0.00162576 -0.000359863 -0.000575888   0.0207151   0.0531975 -0.00096155 0.0969444         0         0
             86.8001 -0.827693  -5.38592   -63.482 -15.7059 -15.9791  0.50791   0.416282   0.488323 -0.0152708   0.00163822 -0.000330868 -0.000578706   0.0205962   0.0532642 -0.00086248 0.0969477         0         0
             86.8999 -0.819725  -4.60421  -61.2913 -15.6624 -15.9313 0.503986   0.468834   0.492366 -0.0416891   0.00164846 -0.000336273 -0.000578644    0.0206032    0.0533238 -0.000776941 0.0972038         0         0
             86.8999 -0.828071  -4.62214  -61.3232 -15.6631 -15.9314 0.509216   0.464335   0.488969 -0.0050517   0.00165112 -0.000330889 -0.000568346   0.0205406   0.0534044 -0.00122577 0.0972132         0         0
             87.0002 -1.37325 -4.65702 -59.4707 -15.6168 -15.8842 0.507245    0.51001   0.505558 -0.0114586   0.00165562 -0.000334207 -0.000566817   0.020387  0.0536191 -0.0011612 0.104148        0        0
             87.0002 -1.32988 -4.72743 -59.4867 -15.6205  -15.884 0.510852  0.480131  0.509688 0.0133717   0.00163813 -0.000311148 -0.000561169   0.0205555   0.0539204 -0.00147612 0.104145        0        0
                87.1 -1.48942 -5.13617 -58.0957  -15.572 -15.8365 0.512416  0.548248  0.515152 0.0174636   0.00163473 -0.000313192 -0.000560014   0.0204077   0.0541907 -0.00144387 0.111227        0        0
                87.1 -1.42577 -5.16998 -58.1395 -15.5682 -15.8318 0.512604  0.573534  0.555835 0.0170221   0.00162211 -0.000298496 -0.000547226   0.0206888   0.0536898 -0.00147199 0.111218        0        0
             87.1998 -1.19552 -5.67739 -57.3645 -15.5092 -15.7782 0.508178   0.638116   0.542694 -0.0227224    0.0016434 -0.000304848 -0.000545804   0.0206342   0.0538494 -0.00119398 0.115179        0        0
             87.1998 -1.07538 -5.69147 -57.4269 -15.5063 -15.7725 0.509171   0.655192   0.594433 -0.0177441   0.00161327 -0.000295539 -0.000527243   0.0210585   0.0533581 -0.00130513 0.115182        0        0
             87.3005 -0.614805  -4.44068  -56.9043  -15.438 -15.7141 0.505902   0.701198   0.579154 -0.0189588   0.00162204 -0.000299218 -0.000526806   0.0210846   0.0533795 -0.00123114 0.127909        0        0
             87.3005 -0.582787  -4.41063  -56.8999 -15.4373 -15.7139 0.499285   0.705003   0.583036 -0.0682306    0.0016134 -0.000308596  -0.00052824    0.0211576       0.0533 -0.000639184 0.127913        0        0
             87.4003  -0.2573  -3.9475 -54.8134 -15.3657 -15.6548 0.497272  0.699419  0.542314 -0.020888   0.00161229  -0.00030966 -0.000528014    0.0212461    0.0531613 -0.000800682 0.126718        0        0
             87.4003 -0.297454  -3.98329   -54.735 -15.3676 -15.6592 0.501308  0.690173  0.499583 0.0108196   0.00161826 -0.000304143  -0.00055149   0.0208448   0.0535278 -0.00114813 0.126718        0        0
             87.5002 -0.63385 -3.17255 -53.3038 -15.3048 -15.6197 0.502135  0.626114  0.389912 0.0269842   0.00162441 -0.000310814  -0.00054807   0.0206737   0.0538706 -0.00107361 0.124764        0        0
             87.5002 -0.707935  -3.18776   -53.319 -15.3089 -15.6203 0.503476 0.593815 0.388737  0.03628   0.00164097 -0.000301837 -0.000541867   0.0208629    0.054206 -0.00119622 0.124766        0        0
                87.6 -1.22885 -3.81679 -52.5633 -15.2534 -15.5826 0.502748    0.536222    0.352115 -0.00756435   0.00167022 -0.000304943 -0.000543878  0.0210073  0.0541998 -0.0010146 0.141526        0        0
                87.6 -1.10722 -3.95502 -52.6311  -15.256 -15.5855 0.507131  0.518324  0.325659 0.0257409   0.00162746 -0.000267624 -0.000522548   0.0208422   0.0545464 -0.00140703 0.14156       0       0
             87.6999 -1.21794  -5.0181 -52.0157 -15.2063 -15.5523 0.505283   0.495568   0.332387 -0.0213257   0.00165935 -0.000271358 -0.000523562   0.0209366   0.0545563 -0.00128553 0.138257        0        0
             87.6999 -1.02933 -5.06247 -52.0211 -15.2059 -15.5521 0.505642   0.497614    0.33264 -0.0187376     0.001603 -0.000258434 -0.000522257     0.02092   0.0545196 -0.00131639 0.138257        0        0
             87.8002 -1.13794 -6.34988 -51.3311 -15.1581 -15.5211 0.503935   0.480901   0.348747 -0.0129734   0.00159802 -0.000259943 -0.000518809   0.0207857   0.0547007 -0.00132763 0.144828        0        0
             87.8002 -1.09167 -6.35254 -51.3325 -15.1564 -15.5163 0.500463   0.486951   0.392729 -0.0407095   0.00159025 -0.000252615 -0.000518175   0.0211732   0.0543253 -0.00103748 0.144822        0        0
                87.9   -1.039 -6.97468 -51.7063 -15.1099 -15.4715  0.49257   0.452881   0.476081 -0.0436833   0.00163813 -0.000257316  -0.00052343    0.0212992    0.0543211 -0.000794168 0.147459        0        0
                87.9 -0.849577  -6.88949  -51.8272 -15.1106 -15.4736 0.498477    0.451338    0.453196 0.000772627   0.00158204 -0.000288007 -0.000487824   0.0210616   0.0544925 -0.00129312 0.147466        0        0
             87.9998 -1.15232 -5.28162 -52.0458 -15.0556 -15.4141 0.503359  0.493109  0.483117 0.0642097   0.00161708 -0.000276389 -0.000497582  0.0214457  0.0535915 -0.0014713 0.15254       0       0
             87.9998 -1.11448 -5.10486 -52.0693 -15.0592 -15.4217 0.504925  0.474428  0.415759 0.0773747   0.00159333 -0.000338929 -0.000491098   0.0209649    0.054235 -0.00155828 0.15253       0       0
             88.1005 -1.25791 -4.62436 -53.4818 -15.0029 -15.3654 0.514582  0.49061 0.517001 0.105298   0.00160948 -0.000330861 -0.000496573   0.0212186    0.053471 -0.00158953 0.149351        0        0
             88.1005 -1.37867 -4.73741 -53.5378 -15.0092 -15.3722 0.507277  0.442782  0.465629 0.0531477   0.00162659 -0.000301262 -0.000476942    0.0211367    0.0542554 -0.000947154 0.149286        0        0
             88.2003 -0.889987  -5.74813   -56.141 -14.9598   -15.31 0.516354  0.423222  0.589727 0.0543138   0.00163978 -0.000295821 -0.000482891   0.0214035    0.053591 -0.00120434 0.141109        0        0
             88.2003 -0.807705  -5.78881  -56.2658 -14.9714 -15.3243 0.515626  0.340195  0.468079 0.0502223   0.00157557 -0.000296053 -0.000444678   0.0208594   0.0551237 -0.00107793 0.141036        0        0
             88.3001 -0.204852  -5.98777  -58.9152 -14.9384 -15.2741 0.519247  0.336385  0.501247 0.0296233   0.00158458 -0.000296458 -0.000446492   0.0209408    0.055113 -0.00107045 0.141012        0        0
             88.3001 -0.257963  -5.91128  -58.9242 -14.9384 -15.2744 0.517528  0.336268  0.499199 0.0173852    0.0015995 -0.000319255 -0.000444163     0.020941    0.0551283 -0.000928983 0.141012        0        0
                88.4  0.52662 -4.68541 -60.7159 -14.9083 -15.2296 0.523618  0.278204  0.468031 0.0415115   0.00155526 -0.000323664 -0.000441145   0.0207689    0.055316 -0.00108248 0.136351        0        0
                88.4 0.362286 -4.57148 -60.6233  -14.909 -15.2267 0.521994  0.269873  0.497042 0.0280926   0.00160375 -0.000349931 -0.000468228    0.0211217    0.0552505 -0.000962411 0.136355        0        0
             88.4998 -0.0967129   -4.19352   -60.9154 -14.8796 -15.1647 0.522844   0.227677   0.563892 0.00384911   0.00163909 -0.000347985 -0.000470209   0.0215089   0.0546944 -0.00095741 0.12915       0       0
             88.4998 -0.0825075   -4.27731   -60.7639 -14.8847 -15.1677   0.5202   0.176312   0.534456 -0.0205826   0.00162156 -0.000337421 -0.000486032    0.0215088    0.0551446 -0.000764478 0.129126        0        0
             88.6005 -0.0145557   -3.99522   -61.0325 -14.8725  -15.121 0.515609   0.122687   0.473461 -0.0343264   0.00161921 -0.000343423  -0.00048538    0.0214177    0.0553784 -0.000675228 0.124821        0        0
             88.6005 0.0240731  -3.99188  -61.0265 -14.8692 -15.1181 0.523122  0.149854  0.495397 0.0239282   0.00160844 -0.000340897 -0.000488559   0.0214385   0.0551832 -0.00101248 0.124843        0        0
             88.7004 -0.414935  -3.77882  -61.1614 -14.8753 -15.0934 0.526627 0.0118798  0.394993 0.0426995    0.0016025 -0.000344969 -0.000476088   0.0210637   0.0558668 -0.00101166 0.122067        0        0
             88.7004 -0.507569  -3.81842  -61.1064 -14.8661  -15.079 0.527467 0.0719713  0.526473 0.0420271   0.00162278 -0.000337796 -0.000493026 0.0221606 0.0548219 -0.001004 0.12207       0       0
             88.8002 -1.40569 -4.23045 -60.4143 -14.8633 -15.0252 0.527798 0.0341173  0.562411 0.0283079   0.00164951 -0.000340433 -0.000495282    0.0222156    0.0549461 -0.000849795 0.126253        0        0
             88.8002 -1.24651 -4.26086 -60.3662 -14.8558 -15.0171 0.532821 0.0873161  0.630279 0.0608576   0.00159243 -0.000331828  -0.00050973   0.0226479    0.054012 -0.00124539 0.126255        0        0
             88.9001  -1.4763 -3.85978 -60.4368 -14.8466 -14.9525 0.535907 0.0807697  0.626958 0.0458047   0.00159958 -0.000325818 -0.000512913   0.0227848   0.0538852 -0.00110726 0.126392        0        0
             88.9001 -1.46875 -3.78384 -60.5111 -14.8423 -14.9494 0.533923  0.112564  0.654265 0.0304207   0.00159658 -0.000350497 -0.000489547    0.0229211    0.0533684 -0.000929598 0.126373        0        0
             88.9999 -0.530644  -3.27673  -61.2999 -14.8228 -14.8713 0.538268  0.166144  0.739229 0.0229537   0.00159462  -0.00034863 -0.000491002   0.0233018   0.0527233 -0.00107397 0.134939        0        0
             88.9999 -0.426985   -3.2315  -61.3638 -14.8248 -14.8797 0.541099  0.158085  0.657214 0.0473501    0.0015651 -0.000359027 -0.000471351   0.0224485   0.0532833 -0.00131319 0.134949        0        0
             89.1002 -0.253618  -3.58491  -61.9436 -14.7979 -14.8058 0.551135  0.266118  0.654358 0.0875768   0.00155132 -0.000364008 -0.000471065   0.0227491   0.0526949 -0.00157369 0.125792        0        0
             89.1002 -0.420166  -3.64975  -61.9314 -14.8089 -14.8179 0.544553  0.188482  0.550026 0.0428067   0.00161152 -0.000339119 -0.000475622   0.0220691    0.054135 -0.00093966 0.125756        0        0
                89.2 -0.683794  -3.56984   -63.687 -14.7911   -14.77 0.549245  0.246771  0.529148 0.0457548   0.00161223 -0.000340729 -0.000475306     0.021869    0.0545177 -0.000922172 0.126204        0        0
                89.2 -0.679919  -3.54174  -63.7746  -14.801 -14.7778 0.549531  0.175583  0.461608 0.0504295   0.00161683 -0.000348072 -0.000447471    0.0215094    0.0556695 -0.000948553 0.126333        0        0
             89.2999 -1.29122 -5.01028 -65.6684  -14.788 -14.7435 0.548401   0.232527    0.43504 0.00517632    0.0016173 -0.000343058 -0.000444177    0.0209668    0.0564415 -0.000684683 0.124256        0        0
             89.2999 -1.34019 -5.08146 -65.6522 -14.7883 -14.7362 0.548247    0.224141    0.508578 0.000951517    0.0016341 -0.000317455 -0.000449598    0.0217987    0.0561773 -0.000686971 0.124258        0        0
             89.4001 -1.21717 -6.18395 -67.2276 -14.7669  -14.693 0.548274   0.263574   0.455205 0.00035665   0.00163758 -0.000324756 -0.000447459    0.0215517    0.0565307 -0.000645623 0.123     0     0
             89.4001 -1.18599 -6.15208 -67.2003 -14.7613 -14.6794 0.547219   0.297924   0.584689 -0.0127294   0.00163252  -0.00033398 -0.000456859   0.0227941   0.0555905 -0.00061783 0.123081        0        0
             89.4999 -0.830894  -5.15026  -67.6598 -14.7376   -14.63 0.544675   0.286139   0.550062 -0.0203789   0.00163735 -0.000341737 -0.000455269    0.0224662    0.0561158 -0.000571184 0.111356        0        0
             89.4999 -0.802817  -5.00463  -67.5647 -14.7315 -14.6209 0.548902   0.328653   0.631209 0.00474776    0.0016283 -0.000386663 -0.000485705    0.0231917    0.0553069 -0.000969814 0.111294        0        0
             89.5998 -0.314583  -4.84266  -67.4781 -14.7052  -14.563 0.549311   0.26808  0.610745 0.0456001   0.00164613 -0.000395229 -0.000484784    0.0229969    0.0556647 -0.000809563 0.105933        0        0
             89.5998 -0.240768  -4.94334  -67.4213 -14.6961 -14.5547 0.553396  0.331444  0.679683 0.0699092   0.00162328 -0.000362436 -0.000502684  0.0234905   0.054654 -0.0011764 0.105884        0        0
             89.7005 -0.743951  -5.14943  -66.5417 -14.6721 -14.4929 0.556829 0.234256 0.630131 0.071796   0.00165065 -0.000368095 -0.000502035    0.0233189     0.054998 -0.000912348 0.118414        0        0
             89.7005 -0.755875  -5.17441  -66.4877 -14.6682 -14.4925 0.560904 0.264181 0.628544 0.100484   0.00165382 -0.000360273 -0.000519031   0.0231463    0.054666 -0.00126103 0.118409        0        0
             89.8003 -1.27922 -5.83812 -64.4799 -14.6433 -14.4339 0.572653  0.253681  0.578548 0.0894782   0.00163788 -0.000358451 -0.000518146   0.0230045   0.0547366 -0.00139371 0.129421        0        0
             89.8003 -1.37093 -5.87194 -64.3918 -14.6446 -14.4336 0.571095  0.243901  0.584062 0.0782615   0.00166324 -0.000345777 -0.000545565  0.0231183  0.0548317 -0.0012604 0.129419        0        0
             89.9001 -2.05334 -5.49485 -62.1767 -14.6192 -14.3766 0.574904  0.262932  0.554136 0.0437109   0.00167647 -0.000346593 -0.000545619  0.0231622  0.0548061 -0.0011391 0.134933        0        0
             89.9001 -1.95429 -5.45867 -62.2037  -14.621   -14.38 0.573759  0.251444  0.521946 0.0377512    0.0016439 -0.000363545 -0.000537167   0.0228649   0.0550778 -0.00102987 0.134918        0        0
                  90 -2.95002 -4.57252 -61.1506 -14.5896 -14.3221 0.579522  0.290816   0.53518 0.0495603   0.00163802 -0.000353226 -0.000539718   0.0231603   0.0546624 -0.00114162 0.137586        0        0
                  90 -2.96637 -4.53379 -61.2591 -14.5982 -14.3322 0.578154  0.231753  0.443931 0.0451335   0.00163415 -0.000376929 -0.000504013   0.0224695   0.0557812 -0.00098398 0.137612        0        0
             90.0998 -2.43566 -4.71801 -61.0607 -14.5782 -14.2932 0.583744  0.238738  0.429244 0.0363142   0.00161878 -0.000379405 -0.000501373   0.0221912     0.05613 -0.00104679 0.13802       0       0
             90.0998 -2.37554 -4.81236 -61.0895 -14.5826 -14.2911 0.582282  0.200752  0.455121 0.0242079   0.00159747 -0.000346295 -0.000490415    0.0226751    0.0563853 -0.000923118 0.138021        0        0
             90.2004 -2.88975 -5.25066 -61.6531 -14.5584 -14.2438 0.581797  0.265826  0.424887 0.0088065   0.00161147 -0.000345909 -0.000491948    0.0228468    0.0562189 -0.000832257 0.143842        0        0
             90.2004 -2.81803 -5.23661 -61.7289 -14.5669 -14.2497 0.584271  0.203717  0.374814 0.0289408   0.00158273 -0.000353077 -0.000467922   0.0226313   0.0571652 -0.00101564 0.143861        0        0
             90.3003 -2.65524 -5.67388 -63.2044 -14.5454  -14.218 0.589547  0.264355  0.347523 0.0454662   0.00157155 -0.000357465 -0.000465138   0.022433  0.0574085 -0.0010516 0.139409        0        0
             90.3003 -2.67498 -5.67513 -63.2253 -14.5457 -14.2143 0.587999   0.25829  0.384411 0.0325392   0.00158045 -0.000352418 -0.000458943    0.0228715    0.0572734 -0.000937919 0.139407        0        0
             90.4001 -2.11912  -7.0849 -65.2843 -14.5217 -14.1807 0.588146   0.298459   0.352813 -0.0244973   0.00158336 -0.000356538 -0.000459182    0.0227586    0.0575972 -0.000893105 0.147791        0        0
             90.4001 -2.15109  -7.1609  -65.316 -14.5161 -14.1734 0.584137   0.337617   0.423618 -0.0561699   0.00161012  -0.00032381 -0.000449769    0.0233726    0.0567872 -0.000599292 0.147823        0        0
                90.5 -1.31567 -7.44646 -69.0259 -14.4813 -14.1291 0.583505    0.358798    0.431664 -0.00517935   0.00161748 -0.000328098 -0.000451527    0.0234928    0.0567841 -0.000813678 0.141966        0        0
                90.5 -1.38988 -7.34441 -69.1408 -14.4658 -14.1164 0.579511   0.477235   0.550607 -0.0387801   0.00168566 -0.000351211 -0.000421719    0.0242959    0.0549203 -0.000585838 0.142023        0        0
             90.5998 0.264313 -6.90663 -71.6098 -14.4248 -14.0682 0.575552  0.457063  0.531853 0.0173815   0.00170318 -0.000360653 -0.000420802    0.0240807    0.0554328 -0.000328072 0.134363        0        0
             90.5998 0.324837 -6.86604 -71.4914 -14.4188 -14.0658 0.575854  0.505171  0.553335 0.0189486   0.00169182 -0.000374462  -0.00045871   0.0241326   0.0548074 -0.00037287 0.134344        0        0
             90.7001 0.638132 -6.82084  -73.326 -14.3752 -14.0134 0.568696   0.45537  0.582072 -0.017988   0.00171855 -0.000384813 -0.000458073   0.0240085   0.0551927 0.000128432 0.127847        0        0
             90.7001 0.636905 -6.89435 -73.2977  -14.376 -14.0195 0.576252  0.452176  0.519811 0.0384823   0.00171201 -0.000372787 -0.000467457    0.0232193    0.0554283 -0.000464614 0.127864        0        0
             90.7999 0.0983167  -7.73068  -74.0255 -14.3384 -13.9709 0.573891  0.406213   0.52196 0.0208002   0.00173618 -0.000380111 -0.000467915    0.0230889    0.0558236 -0.000124942 0.126071        0        0
             90.7999 0.133471 -7.79224  -73.953 -14.3413 -13.9709  0.58591 0.383967 0.516043 0.105312   0.00171839 -0.000361537 -0.000489859   0.0229544   0.0560863 -0.00114573 0.12609       0       0
             90.8998 -0.623043  -8.47969  -73.4565 -14.3015 -13.9195 0.598964 0.390727 0.523937 0.123698   0.00170533 -0.000357835 -0.000488812   0.0228878   0.0560174 -0.00123997 0.128511        0        0
             90.8998 -0.741593  -8.42751  -73.3522 -14.3093 -13.9163 0.601889 0.329271 0.555825 0.142493   0.00172982 -0.000366187 -0.000521435    0.023398   0.0566667 -0.00154788 0.128524        0        0
             91.0004 -1.15349 -9.50811 -71.8235 -14.2741 -13.8559 0.614958 0.346716 0.614175 0.129595   0.00172552 -0.000361115  -0.00052194   0.0234997   0.0565491 -0.00150972 0.138327        0        0
             91.0004 -1.10494 -9.51918 -71.7867 -14.2764 -13.8562 0.614945 0.328611 0.612001 0.129639   0.00170571 -0.000357448 -0.000532662   0.0235216   0.0567655 -0.00151351 0.138329        0        0
             91.1003 -1.83498 -10.1803 -69.6554 -14.2426 -13.7948 0.622026  0.360054  0.591775 0.0805601   0.00172567 -0.000360521 -0.000534442   0.0236239   0.0567911 -0.00128789 0.147047        0        0
             91.1003 -1.67565 -10.1506 -69.6656 -14.2451 -13.8016 0.627311 0.343728 0.521746 0.121883   0.00167134 -0.000389308 -0.000530765    0.022823   0.0571804 -0.00164232 0.147028        0        0
             91.2001 -1.50571 -9.30245 -68.5204 -14.2176 -13.7592  0.63122  0.358273  0.476875 0.0579181   0.00167794 -0.000400721 -0.000531386   0.0225089   0.0577598 -0.00127934 0.145209        0        0
             91.2001 -1.33285  -9.2484 -68.6004 -14.2171 -13.7607  0.62943  0.362628  0.462677 0.0464611   0.00163105 -0.000421929  -0.00050803   0.0223699   0.0577408 -0.00111553 0.14521       0       0
             91.2999 -0.530641  -8.59071  -67.3831 -14.1834 -13.7208 0.622815    0.418798    0.411634 -0.00102138   0.00164689 -0.000428913 -0.000509064    0.0222722     0.058135 -0.000568374 0.145047        0        0
             91.2999 -0.426432  -8.62897  -67.3975 -14.1802 -13.7126 0.627807  0.440833  0.488217 0.0305345   0.00162681 -0.000399731 -0.000507664   0.0229556   0.0576167 -0.00107741 0.144988        0        0
             91.4002 -0.533731  -8.61892  -66.5778 -14.1365 -13.6724 0.629739   0.501624   0.421588 0.00823158   0.00162934 -0.000411976 -0.000504515    0.022698   0.0579457 -0.00100245 0.154465        0        0
             91.4002 -0.532883  -8.69168  -66.6102  -14.132 -13.6627 0.632389  0.530452  0.512061 0.0214411   0.00164413 -0.000369699 -0.000499505   0.0235349   0.0572798 -0.00130127 0.154501        0        0
                91.5 -1.57339 -9.05612 -66.4625 -14.0732 -13.6025  0.62673    0.61879   0.557478 -0.0149591   0.00169942 -0.000373299 -0.000508481   0.0240717   0.0570269 -0.00103419 0.153401        0        0
                91.5 -1.52049 -9.13724 -66.5272 -14.0705 -13.5999 0.628957     0.639467     0.578753 -0.000256383   0.00169391 -0.000345898  -0.00049127    0.024183   0.0567124 -0.00123098 0.153405        0        0
             91.5998 -1.71409 -10.5961 -67.0935 -14.0055 -13.5427 0.623864   0.674297   0.600482 -0.0564739   0.00169587 -0.000347301 -0.000490563   0.0241406   0.0568247 -0.00105163 0.157195        0        0
             91.5998 -1.60097 -10.6351 -67.1624  -14.008 -13.5484 0.626701   0.657715   0.544381 -0.0332238   0.00165445 -0.000351052 -0.000467463   0.0235777   0.0572228 -0.00122238 0.157214        0        0
             91.7002 -0.0440418   -9.68816   -68.3361 -13.9439 -13.4975 0.627161     0.649118     0.517968 -8.92632e-05   0.00164055 -0.000351912 -0.000464919   0.0234041   0.0573582 -0.00139827 0.161153        0        0
             91.7002 -0.00486197    -9.48805    -68.3681 -13.9453 -13.4977  0.62201    0.63703    0.51923 -0.0379174   0.00162755 -0.000415415 -0.000455054    0.0235612    0.0574683 -0.000980837 0.161152        0        0
                91.8  1.32209 -8.64546 -68.5095 -13.8738 -13.4334 0.618961    0.641622    0.586319 -0.00441209   0.00164001 -0.000402754 -0.000459943     0.024037     0.056835 -0.000995276 0.157256        0        0
                91.8  1.31174 -8.67251 -68.4475 -13.8797 -13.4401 0.616727   0.597706   0.526282 -0.0163338   0.00163385 -0.000396926 -0.000477467    0.0235548    0.0575638 -0.000760518 0.15723       0       0
             91.8998  1.06677 -7.80369 -67.9551 -13.8277 -13.3908 0.612788    0.522739    0.548514 -0.00773972    0.0016433 -0.000392744 -0.000478671    0.0234148    0.0578789 -0.000553676 0.156997        0        0
             91.8998  1.02605 -7.78631 -67.9112 -13.8363 -13.3966 0.613403    0.456624    0.496638 -0.00124016   0.00163507 -0.000405796 -0.000488646    0.0230942    0.0587969 -0.000597468 0.157006        0        0
             92.0005 0.534596 -8.60238 -66.5228 -13.7896 -13.3435 0.610745   0.456245   0.529392 -0.0386955   0.00164081 -0.000395772 -0.000490786    0.0231525    0.0587216 -0.000538775 0.15645       0       0
             92.0005  0.48948 -8.71567 -66.4536 -13.7899 -13.3404 0.616975   0.453158   0.556129 0.00390877   0.00165338 -0.000354171 -0.000513056   0.0233632   0.0586473 -0.00107229 0.156444        0        0
             92.1003 0.427825 -8.63906 -64.5138  -13.745 -13.2851 0.619339  0.459201   0.57404 0.0171222   0.00163841 -0.000343423 -0.000513788   0.0232627    0.058658 -0.00122489 0.168475        0        0
             92.1003 0.395869 -8.52981 -64.4863 -13.7427 -13.2802  0.61694    0.474478    0.621306 -0.00248026   0.00164855 -0.000379189 -0.000522607   0.0237932   0.0582867 -0.00105219 0.168478        0        0
             92.2002 -0.482463  -8.10383  -61.5713 -13.6916 -13.2172 0.622264  0.482989  0.569271 0.0947421   0.00165128 -0.000374699 -0.000525344   0.0240032   0.0580459 -0.00104992 0.160043        0        0
             92.2002 -0.462936  -8.11065  -61.5492 -13.6888  -13.219  0.62169  0.507601  0.549544 0.0924037   0.00164524 -0.000372989 -0.000532146    0.0236675    0.0578605 -0.000966192 0.16005       0       0
                92.3 -0.598731  -7.67819  -60.4402 -13.6386 -13.1597 0.621757  0.498646  0.605151 0.0200526   0.00168502 -0.000382964 -0.000535315    0.0239488    0.0577955 -0.000592262 0.168089        0        0
                92.3 -0.441712  -7.73754   -60.571 -13.6399 -13.1617 0.622958 0.488819 0.585857 0.029387   0.00164071 -0.000365767 -0.000493612     0.023766     0.057996 -0.000685239 0.168086        0        0
             92.3999 0.221273 -7.81946 -59.9275 -13.5909  -13.106 0.625589  0.535232  0.567449 0.0258374   0.00164009 -0.000361749 -0.000492574    0.0236148    0.0581638 -0.000693487 0.174486        0        0
             92.3999 0.287825 -7.82259  -59.981 -13.5888 -13.1034 0.629223  0.550685  0.587365 0.0500649   0.00162105 -0.000360189 -0.000475874    0.023702   0.0578769 -0.00101693 0.174488        0        0
             92.5001 -0.401683  -8.38882  -60.2661 -13.5332 -13.0506 0.630055   0.608245   0.551096 -0.0148022    0.0016395 -0.000362658 -0.000474372    0.0235433    0.0581694 -0.000890934 0.170674        0        0
             92.5001 -0.489857   -8.4798  -60.3252 -13.5372 -13.0508 0.629846   0.575459   0.553959 -0.0172691   0.00167032  -0.00033431 -0.000455687    0.0237601    0.0585163 -0.000888932 0.170676        0        0
                92.6 -2.04528 -9.03618 -61.7012 -13.4773 -12.9915 0.620968   0.618988   0.579468 -0.0717285   0.00170305 -0.000342023 -0.000459166    0.0239913    0.0584228 -0.000672074 0.166018        0        0
                92.6 -2.01646 -9.02211 -61.7817 -13.4777 -12.9889 0.625581   0.614584   0.601066 -0.0413155   0.00169743 -0.000346962  -0.00043422   0.0241956   0.0583436 -0.00109051 0.166017        0        0
             92.6999 -1.91505  -9.6611  -63.862 -13.4057 -12.9148  0.62039   0.644331    0.63796 -0.0344495   0.00171841  -0.00033552 -0.000445613   0.0247745   0.0574115 -0.00107707 0.177652        0        0
             92.6999 -1.70739 -9.55536 -63.9589 -13.4111 -12.9245 0.624875    0.611117    0.546118 0.000299423   0.00165024 -0.000373202 -0.000414404   0.0238771   0.0582867 -0.00136248 0.177606        0        0
             92.8001 -0.929852  -9.34253  -64.8027 -13.3527 -12.8739 0.626541 0.577237 0.516242 0.063132   0.00165985 -0.000367074 -0.000413849   0.0237509   0.0584709 -0.00124614 0.17437       0       0
             92.8001 -0.810119  -9.23561  -64.7031 -13.3577 -12.8783 0.627925  0.540315  0.476535 0.0739071   0.00161067  -0.00040151 -0.000444632   0.0234915    0.059084 -0.00132141 0.174368        0        0
             92.8999 -0.576704  -8.76378  -65.0322 -13.3043 -12.8265 0.632414  0.464003  0.517167 0.0787625   0.00162664 -0.000398695  -0.00044684   0.0236803   0.0588138 -0.00110168 0.181928        0        0
             92.8999 -0.617203  -8.75555  -65.0024  -13.307 -12.8259 0.633981  0.442138  0.524413 0.0884234   0.00163614 -0.000399095 -0.000455443   0.0238437   0.0590336 -0.00124935 0.181931        0        0
             92.9998 -1.29296 -9.53529 -64.6576 -13.2659  -12.772 0.643381  0.372693  0.569806 0.0732979   0.00163555 -0.000393414 -0.000455143  0.0237422  0.0590076 -0.0012959 0.171542        0        0
             92.9998 -1.38735 -9.56987 -64.6009 -13.2689 -12.7697 0.644156  0.347232  0.594474 0.0762999   0.00166121 -0.000379263  -0.00047183   0.0241246   0.0591886 -0.00139613 0.171539        0        0
             93.1004 -1.51303 -9.58951 -64.0121  -13.243 -12.7173 0.647239  0.269889  0.585037 0.0413304   0.00166114 -0.000383587 -0.000468847  0.0238224  0.0596974 -0.0011934 0.177987        0        0
             93.1004 -1.52522 -9.55303 -63.9856  -13.239 -12.7102 0.644242 0.296237 0.652053 0.017188   0.00166724 -0.000390113 -0.000477248      0.0245   0.0590755 -0.00101373 0.177991        0        0
             93.2003 -1.26907 -10.0278 -62.5677  -13.204 -12.6337 0.645634   0.289186   0.727409 0.00711206   0.00166337 -0.000390926 -0.000478688   0.0248807   0.0584961 -0.00107479 0.175591        0        0
             93.2003 -1.19946  -10.051  -62.532  -13.207 -12.6408 0.648256  0.270842  0.659402 0.0292138   0.00163561 -0.000390896 -0.000490112   0.0241733   0.0590343 -0.00121549 0.175577        0        0
             93.3001 -0.865907  -10.1753  -60.4643 -13.1821 -12.5777 0.649633  0.261775  0.596275 0.0522907   0.00163647 -0.000388508 -0.000490938   0.0241902   0.0590984 -0.00109976 0.175935        0        0
             93.3001 -0.859759  -10.1638   -60.456 -13.1845 -12.5838 0.650186  0.248069  0.538775 0.0593647   0.00162928 -0.000401194 -0.000493694   0.0236131   0.0595527 -0.00107458 0.17594       0       0
                93.4 0.377839 -9.04858 -59.8788 -13.1603 -12.5342 0.654337  0.266146  0.502161 0.0326755   0.00163977 -0.000403304 -0.000494483    0.023611   0.0597073 -0.00098017 0.182732        0        0
                93.4 0.390613 -9.03244 -59.9628 -13.1579 -12.5295 0.650938   0.279556   0.546088 0.00661591   0.00164594 -0.000400627 -0.000469776    0.0240621    0.0593104 -0.000741574 0.182739        0        0
             93.4998  1.69174 -8.76922 -59.4373 -13.1234 -12.4671 0.650579   0.347048   0.596993 -0.0289776   0.00164208 -0.000392597 -0.000473876    0.0242486    0.0589618 -0.000847868 0.174354        0        0
             93.4998  1.69344 -8.79112  -59.453 -13.1258 -12.4644 0.653234   0.325516   0.623353 -0.0128959   0.00164092 -0.000379825 -0.000468471   0.0246066   0.0590392 -0.00110991 0.174349        0        0
             93.6004  1.56577 -8.57853  -58.859 -13.0886 -12.4024 0.652535   0.397815   0.588607 0.00669872   0.00164404 -0.000385027 -0.000468676    0.024695   0.0589403 -0.00109967 0.179558        0        0
             93.6004  1.50128 -8.58541 -58.8743 -13.0901 -12.4053 0.653582  0.389587  0.562416 0.0152402   0.00166116 -0.000385798 -0.000463027    0.024452   0.0591835 -0.00117377 0.179562        0        0
             93.7003  1.05559 -9.08113 -58.2426 -13.0451 -12.3445 0.654387    0.479066    0.590079 -0.00792768   0.00167074 -0.000385747 -0.000466484   0.0246114   0.0589667 -0.00116137 0.185561        0        0
             93.7003  1.01889 -9.17522 -58.2063 -13.0488 -12.3475 0.653612   0.451593   0.567307 -0.0128557   0.00167372 -0.000358661 -0.000476288   0.0245387   0.0593903 -0.00110223 0.185551        0        0
             93.8001 0.0955557  -9.29525  -58.7504 -13.0025 -12.2966 0.651884   0.518898     0.5739 -0.0436748   0.00165507 -0.000358322 -0.000468882  0.0242128  0.0597092 -0.0011589 0.194857        0        0
             93.8001 -0.00134276    -9.21633    -58.8493 -13.0033 -12.2986 0.648518   0.514214   0.557943 -0.0663294   0.00168943 -0.000385768 -0.000436774    0.0241288    0.0598722 -0.000867862 0.194866        0        0
                93.9 0.261837 -9.21064 -60.4899 -12.9488 -12.2368  0.64152   0.576362    0.63732 -0.0553637   0.00169299 -0.000396386 -0.000438102    0.0242828    0.0598013 -0.000861984 0.186256        0        0
                93.9 0.301609 -9.28813 -60.5453 -12.9466 -12.2342 0.640464   0.590368   0.659956 -0.0634195   0.00168857 -0.000370607 -0.000422765    0.0244436    0.0595158 -0.000784224 0.186259        0        0
             93.9998  1.55174 -8.78627 -61.4725 -12.8834 -12.1668 0.639318    0.613138    0.635529 -0.00722167   0.00167618 -0.000369428 -0.000422634    0.0244922    0.0593071 -0.000920762 0.184582        0        0
             93.9998  1.62905  -8.6303 -61.4277 -12.8887 -12.1682  0.64259  0.572746  0.625766 0.0145213   0.00164101 -0.000413015 -0.000433572   0.0245889   0.0597731 -0.00121125 0.184586        0        0
             94.1005  1.64794 -6.98003 -60.7613 -12.8328 -12.1015 0.641643  0.526676  0.649683 0.0322843   0.00166755 -0.000413816 -0.000438128   0.0248089   0.0596615 -0.00105243 0.184199        0        0
             94.1005  1.48534 -7.01564 -60.6212 -12.8339  -12.103 0.642131  0.520799  0.636824 0.0363692   0.00170746 -0.000406089 -0.000480183   0.0246975   0.0598051 -0.00108729 0.184197        0        0
             94.2003  1.53659  -7.5626 -58.7357  -12.786 -12.0386 0.643095  0.465537  0.657654 0.0137605    0.0017288 -0.000415187 -0.000478993    0.0247282    0.0599119 -0.000935634 0.190228        0        0
             94.2003  1.59817 -7.74498 -58.6285 -12.7863 -12.0344 0.647974  0.459953  0.695224 0.0456251   0.00170929 -0.000351675 -0.000512726   0.0250709   0.0597507 -0.00136205 0.190231        0        0
             94.3001  0.92831 -8.91172  -57.645 -12.7502 -11.9768 0.646998   0.373288   0.611775 -0.0236672   0.00171366 -0.000366337 -0.000505468   0.0247534   0.0602983 -0.00123413 0.188496        0        0
             94.3001   1.0484 -8.93506 -57.7462  -12.749 -11.9746 0.654205   0.38237  0.626926 0.0263016   0.00168711 -0.000356444 -0.000476152   0.0247753   0.0600952 -0.00183195 0.188486        0        0
                94.4 0.751664 -8.91944 -56.3952 -12.7212 -11.9251 0.654022    0.31084   0.568034 0.00542914   0.00169538 -0.000356474  -0.00047341   0.0243658   0.0607488 -0.00170491 0.20212       0       0
                94.4 0.825728 -8.80606 -56.3207 -12.7164 -11.9142 0.652475   0.337722   0.665648 -0.0101629    0.0016876 -0.000372392 -0.000496151   0.0252271   0.0598831 -0.00162517 0.202103        0        0
             94.4998  0.78144 -8.13275 -54.7536 -12.6853 -11.8551 0.649305   0.350283   0.587794 0.00928432   0.00170313 -0.000370965 -0.000497511   0.0251453   0.0601734 -0.00145233 0.21335       0       0
             94.4998 0.862307 -8.08443 -54.7449 -12.6748 -11.8437 0.650721   0.42316  0.680369 0.0157225   0.00171085 -0.000371279 -0.000504487   0.0255946   0.0588749 -0.00157453 0.213335        0        0
             94.6005  1.61801 -6.82777 -53.5432 -12.6367 -11.7819 0.647736     0.44477    0.673293 -0.00870311   0.00173415 -0.000378405 -0.000503077   0.0254734   0.0593688 -0.00135296 0.210343        0        0
             94.6005  1.76178 -6.86439 -53.5963 -12.6323 -11.7832 0.645397   0.481647   0.657177 -0.0228819   0.00169603 -0.000373948 -0.000487762   0.0251164    0.059114 -0.00112551 0.210341        0        0
             94.7004  1.74657  -6.5176 -52.7252  -12.582 -11.7191  0.64539  0.547853   0.61333 0.0239261   0.00169036 -0.000378619 -0.000487587   0.0251547   0.0591754 -0.00113469 0.220652        0        0
             94.7004  1.67589 -6.60259 -52.7441 -12.5914 -11.7299 0.645592   0.48465  0.526666 0.0283709   0.00169951 -0.000357402 -0.000478863   0.0247202    0.060395 -0.00117062 0.220649        0        0
             94.8002  1.05725 -6.90438 -52.8897 -12.5386 -11.6762 0.648703  0.564077  0.522092 0.0235773    0.0017059   -0.0003669 -0.000479765   0.0248585   0.0603133 -0.00115646 0.222109        0        0
             94.8002  1.02129 -7.00497 -52.9234  -12.539 -11.6738 0.650135  0.557868  0.544449 0.0324482    0.0017193 -0.000330683 -0.000471565   0.0250803   0.0602156 -0.00128599 0.222107        0        0
                94.9 0.381765 -8.59616 -53.6194 -12.4805 -11.6179 0.649907   0.625116   0.571104 -0.0129256   0.00174183 -0.000337633 -0.000470784   0.0251003   0.0602405 -0.00121537 0.230633        0        0
                94.9 0.465958 -8.67696  -53.697 -12.4867 -11.6241 0.648934   0.580061   0.524174 -0.0190403   0.00170241 -0.000316862  -0.00044528   0.0249819   0.0609619 -0.00114666 0.23063       0       0
             94.9999 -0.0932155   -10.1138   -55.0983 -12.4231  -11.571 0.646157    0.659865    0.493384 -0.00479343   0.0017328  -0.0003182 -0.00044856   0.0250619   0.0608391 -0.00108419 0.221095        0        0
             94.9999 -0.110252  -10.0923   -55.145  -12.428 -11.5748 0.645415   0.624189   0.465942 -0.0101822   0.00172991 -0.000325003 -0.000432091   0.0250599   0.0613519 -0.00102766 0.22109       0       0
             95.1001 0.908304  -9.7865 -56.7203 -12.3718 -11.5344 0.640129   0.588664   0.437484 -0.0165561   0.00175428 -0.000335284 -0.000433202    0.0250914     0.061783 -0.000748244 0.2218      0      0
             95.1001  1.17423  -9.6895 -56.7344 -12.3636 -11.5247 0.644391  0.644905  0.511497 0.0106289   0.00167738 -0.000366737 -0.000428573    0.025393   0.0607002 -0.00113361 0.221759        0        0
                95.2  2.36932 -8.29437 -56.8006 -12.2962 -11.4676 0.646304   0.605607   0.537634 0.00077083   0.00169299 -0.000366594 -0.000432083    0.025522   0.0602997 -0.00121307 0.217479        0        0
                95.2  2.40252 -8.17145 -56.7318 -12.2935 -11.4651 0.652066  0.628133  0.551732 0.0407214   0.00167857 -0.000406595 -0.000452682   0.0254388   0.0599613 -0.00170506 0.217491        0        0
             95.2998  2.40059 -7.08604 -56.4029 -12.2383 -11.4112 0.653249  0.536983  0.595597 0.0227596   0.00170375 -0.000415791 -0.000450401   0.0253758   0.0602268 -0.00157891 0.222959        0        0
             95.2998  2.30927 -7.16882 -56.3355 -12.2434 -11.4128 0.655719  0.498773  0.585848 0.0389682   0.00173159 -0.000390388 -0.000472564   0.0254819    0.060696 -0.00182268 0.222958        0        0
             95.4005  1.25954 -7.81135 -55.1747 -12.1991 -11.3598 0.650911   0.454039   0.580193 -0.0245113   0.00177568 -0.000384618 -0.000471442   0.0252726   0.0611175 -0.00147218 0.219863        0        0
             95.4005  1.36011 -7.92912 -55.1224 -12.1984 -11.3538 0.653823    0.451804    0.634636 -0.00736933   0.00173962 -0.000349251 -0.000489266  0.0258115  0.0607546 -0.0017486 0.219863        0        0
             95.5003 0.506075 -7.51109 -53.5213 -12.1559 -11.2883 0.645625   0.419103   0.677775 -0.0250545    0.0018004 -0.000361158 -0.000492835   0.0259501   0.0608238 -0.00135261 0.227983        0        0
             95.5003 0.749135 -7.47856 -53.4575 -12.1606 -11.2898 0.648734    0.381769    0.666687 -0.00413448   0.00172036 -0.000373629 -0.000512834   0.0260575   0.0612495 -0.00165293 0.227977        0        0
             95.6001 0.691928 -7.45842 -51.6096 -12.1195 -11.2203 0.647756   0.397689    0.64411 0.00360755   0.00174635  -0.00038282 -0.000514834   0.0262405   0.0609748 -0.00154213 0.236021        0        0
             95.6001  0.70038 -7.54352  -51.611 -12.1174 -11.2243 0.652277  0.423071  0.601208 0.0386735   0.00174448 -0.000359587 -0.000514662   0.0255472   0.0610246 -0.00190709 0.236022        0        0
             95.7001 0.946439 -6.97032 -50.8277  -12.071 -11.1623 0.652268  0.483733  0.597412 0.0136748   0.00180452 -0.000367082 -0.000517448   0.0256386   0.0608981 -0.00176314 0.24065       0       0
             95.7001  1.27266 -6.98154 -50.9179 -12.0725 -11.1659 0.651289  0.474175  0.566277 0.0081743   0.00170227 -0.000366738 -0.000488544    0.025412   0.0611994 -0.00166559 0.240635        0        0
             95.7999  1.17793 -6.28459 -50.6647 -12.0259 -11.1174 0.652265  0.541709  0.472126 0.0502357   0.00173509 -0.000380646 -0.000485738   0.0253921   0.0615553 -0.00152936 0.244596        0        0
             95.7999  1.11678 -6.36893 -50.6701 -12.0261 -11.1176 0.647327  0.537898  0.474743 0.0153618   0.00175445 -0.000354203 -0.000484668   0.0254921   0.0615844 -0.00109373 0.244598        0        0
             95.9001 -0.117484  -6.37768  -51.3015 -11.9669 -11.0688  0.64371    0.60633   0.488953 -0.0489183   0.00179274 -0.000353776 -0.000486531  0.0255388  0.0614596 -0.0009251 0.250969        0        0
             95.9001 0.0206346  -6.42993  -51.3682 -11.9725 -11.0708  0.64454   0.561011   0.477507 -0.0443489   0.00174844 -0.000335617  -0.00046491   0.0257666   0.0619655 -0.00101719 0.250971        0        0
             95.9999 -1.20584 -7.37815 -52.8212 -11.9116 -11.0208 0.636453   0.634356    0.51307 -0.0817999    0.0017649 -0.000335183 -0.000464083     0.025724    0.0618751 -0.000933298 0.253453        0        0
             95.9999 -1.26856 -7.42278 -52.8638 -11.9145 -11.0204 0.639912   0.611634   0.519237 -0.0586616    0.0017857 -0.000319919 -0.000450524   0.0259199   0.0620487 -0.00125025 0.253451        0        0
             96.0998 -0.748043  -8.60663  -54.7771 -11.8502 -10.9726 0.632286   0.675067   0.472062 -0.0408019   0.00181799 -0.000318492 -0.000448734  0.0258347  0.0621613 -0.0011033 0.244141        0        0
             96.0998 -0.415201  -8.53335  -54.8153 -11.8522 -10.9692 0.637212    0.654167    0.501445 -0.00854839   0.00171417 -0.000337921 -0.000438402   0.0262323   0.0621191 -0.00156528 0.244139        0        0
             96.2004 0.85345 -7.5211 -55.766 -11.7913 -10.9238 0.630076   0.620294   0.475445 0.00306802   0.00177824 -0.000336129 -0.000444125   0.0262872   0.0624603 -0.00111914 0.243309        0        0
             96.2004 0.952986 -7.38896 -55.7364 -11.7847 -10.9203 0.635465  0.674041  0.495194 0.0426757   0.00175033 -0.000379688 -0.000453632   0.0260476   0.0617726 -0.00160059 0.243311        0        0
             96.3003 0.449431 -6.04747 -55.4097 -11.7236 -10.8726 0.631002   0.582883   0.497071 0.00695514   0.00180124 -0.000371936 -0.000458943   0.0261079   0.0619558 -0.00116486 0.238805        0        0
             96.3003 0.517007 -5.99351 -55.3117 -11.7212 -10.8687 0.637529 0.601815 0.525405  0.05209   0.00178236 -0.000387385 -0.000489487   0.0261922   0.0615697 -0.00174499 0.238805        0        0
             96.4001 -0.0440952   -5.56875   -54.8485 -11.6664 -10.8195 0.642336  0.528063   0.51748 0.0612107   0.00179677 -0.000391115 -0.000487377   0.0260994   0.0617568 -0.00164559 0.232554        0        0
             96.4001 -0.00742713    -5.66299    -54.8256 -11.6683 -10.8214 0.645368  0.515674  0.500609 0.0831286   0.00178136 -0.000363475 -0.000494081   0.0259729   0.0619875 -0.00190868 0.232549        0        0
                96.5 -0.785355  -5.29423  -53.7461 -11.6235  -10.779 0.651746  0.455134  0.480376 0.0514423   0.00178304 -0.000378916 -0.000485148   0.0257027   0.0624121 -0.00187196 0.230383        0        0
                96.5 -0.796956   -5.3487  -53.6643 -11.6265 -10.7762 0.648273  0.424657  0.512917 0.0242514   0.00178207 -0.000354649  -0.00051019   0.0262588   0.0624946 -0.00158743 0.230383        0        0
             96.5998 -1.13436 -5.66462 -52.7519 -11.5886  -10.729  0.64862     0.38057    0.525534 -0.00380449   0.00178951 -0.000352146 -0.000506767   0.0260434   0.0627879 -0.00155259 0.236976        0        0
             96.5998 -0.979212  -5.69455  -52.7452 -11.5857 -10.7176 0.646896   0.387495   0.628331 -0.0205799   0.00174941  -0.00033095 -0.000509177   0.0270296   0.0619814 -0.00143939 0.236973        0        0
             96.7001 -0.500375  -6.12086  -51.7514 -11.5466 -10.6558 0.644943    0.392897    0.580818 -0.00383855   0.00175555 -0.000333426 -0.000507542   0.0270096   0.0619735 -0.00142843 0.243412        0        0
             96.7001 -0.474667  -6.13651  -51.7449 -11.5482 -10.6575 0.643648   0.380823   0.567478 -0.0128551   0.00174473 -0.000329371 -0.000509468   0.0269739   0.0621833 -0.00130875 0.243412        0        0
             96.7999 -0.195526  -4.29516  -52.2916 -11.5097 -10.6032  0.64315  0.397694   0.55511 0.0300938   0.00178065 -0.000325107 -0.000511599   0.0269879   0.0622272 -0.00121187 0.249277        0        0
             96.7999 -0.139783   -4.1569  -52.3984 -11.5089 -10.6119 0.640716  0.416107  0.473693 0.0176684   0.00175921 -0.000385216 -0.000479605    0.0261203    0.0626383 -0.000964648 0.249289        0        0
             96.8998 -1.45291 -5.21379 -53.4033 -11.4643 -10.5629 0.645372  0.450184  0.463558 0.0503925   0.00173936 -0.000390076 -0.000478518   0.0261304   0.0624928 -0.00104766 0.244957        0        0
             96.8998  -1.6658 -5.40568 -53.4111 -11.4715 -10.5694 0.650758   0.40195  0.413001 0.0887893   0.00178923 -0.000334046 -0.000472031  0.0259469  0.0633337 -0.0014985 0.244938        0        0
             97.0004 -1.57182 -5.80443 -54.1928 -11.4249 -10.5274 0.661265  0.462199  0.362205 0.0982765   0.00178377 -0.000333837 -0.000473373   0.0260054   0.0630503 -0.00153047 0.232262        0        0
             97.0004 -1.48465  -5.7561 -54.1873 -11.4274 -10.5274 0.659573  0.440649  0.365969 0.0852345   0.00175386 -0.000344422 -0.000475142   0.0262109     0.06322 -0.00138491 0.232253        0        0
             97.1002 -1.71289 -7.13664 -55.3878 -11.3832 -10.4938 0.666815  0.48394 0.365917 0.037304   0.00174649 -0.000343955 -0.000473191   0.0261202   0.0634142 -0.00141381 0.235284        0        0
             97.1002 -1.74148 -7.19455 -55.4368 -11.3845 -10.4922 0.664876   0.47007   0.38373 0.0220102     0.001757 -0.000321693  -0.00045755   0.0263966   0.0634257 -0.00125465 0.235285        0        0
             97.2001  -1.7467 -9.04991 -57.2703   -11.34 -10.4585 0.663308   0.501347   0.374848 -0.0290951   0.00175903 -0.000335124 -0.000453011   0.0262933   0.0638289 -0.00119921 0.238132        0        0
             97.2001 -1.71972 -9.07355 -57.3098 -11.3386  -10.453 0.662872   0.505707   0.424803 -0.0345566   0.00176065 -0.000320322 -0.000442051   0.0267558   0.0634571 -0.00120291 0.238141        0        0
             97.2999 -0.421629  -8.95878   -59.297 -11.2993 -10.4297 0.657313  0.450818  0.312845 -0.032414   0.00178225 -0.000323152 -0.000435073  0.0263146   0.064397 -0.0010008 0.248634        0        0
             97.2999 -0.258447  -8.73066  -59.3171 -11.2898 -10.4165 0.658451   0.511906   0.422162 -0.0275539   0.00175734 -0.000383671 -0.000432048    0.027041   0.0630772 -0.00122264 0.248644        0        0
             97.4002  1.18852 -7.38375 -59.6881 -11.2369 -10.3675 0.655953   0.478075    0.46579 -0.0202925   0.00177373 -0.000394013 -0.000433918   0.027244  0.0627531 -0.0012525 0.243419        0        0
             97.4002   1.2316 -7.36401 -59.5676 -11.2348 -10.3687 0.658682    0.498125    0.448945 0.000817299   0.00175837 -0.000408576 -0.000470661   0.0269163   0.0626424 -0.00146398 0.243416        0        0
                97.5  1.10552 -6.76642 -60.6524  -11.191 -10.3272 0.651254   0.408329   0.457619 -0.0171308   0.00181108 -0.000406612 -0.000472313   0.0268739   0.0628525 -0.00101173 0.243836        0        0
                97.5   1.1997 -6.77584 -60.6847 -11.1909 -10.3235 0.662489  0.409148  0.485686 0.0616663   0.00179091 -0.000397026 -0.000463156   0.0270145   0.0626764 -0.00198919 0.243847        0        0
             97.5999 0.543618 -7.03496 -60.6453 -11.1554 -10.2756 0.664189  0.353265  0.506476 0.0316629    0.0018116 -0.000401437 -0.000462032   0.0269881   0.0628411 -0.00178919 0.238081        0        0
             97.5999 0.593502 -7.10553 -60.5595 -11.1595 -10.2785 0.665725  0.323134   0.48148 0.0429184    0.0017824 -0.000382746 -0.000486954   0.0268755   0.0632743 -0.00192205 0.238077        0        0
             97.6998  0.31654 -6.77029 -60.3277 -11.1274  -10.227 0.662336   0.314645   0.503917 -0.0054253   0.00181364 -0.000383201 -0.000490293   0.0270969   0.0631977 -0.00164286 0.237554        0        0
             97.6998 0.420889  -6.7191 -60.3336  -11.131 -10.2315 0.664395  0.290335  0.461626 0.0106698   0.00177151 -0.000405327 -0.000487316   0.0267764    0.063662 -0.00180656 0.237557        0        0
             97.8004 0.0770771  -6.58854  -59.5721 -11.1012 -10.1839 0.664556  0.287331  0.462831 0.0154551   0.00178907 -0.000406915 -0.000488093   0.0268474   0.0635891 -0.00172037 0.236658        0        0
             97.8004 0.148158 -6.61362 -59.5311 -11.1067  -10.189 0.665959  0.247329  0.417983 0.0265131    0.0017509 -0.000405833 -0.000498361   0.0265878   0.0642372 -0.00183044 0.236647        0        0
             97.9003  0.87028   -5.173 -59.3365 -11.0924 -10.1609   0.6694  0.201265  0.359403 0.0420566   0.00174288 -0.000415456 -0.000492866   0.0261699   0.0649997 -0.00180266 0.234252        0        0
             97.9003 0.925488 -5.08798 -59.3531 -11.0908  -10.157 0.665316  0.208739  0.397207 0.0115105    0.0017314 -0.000436711 -0.000487787    0.026558   0.0647092 -0.00147817 0.234255        0        0
             98.0001  1.31864 -4.97407 -59.6693 -11.0703 -10.1213 0.661224   0.240969   0.342542 -0.0239084   0.00176109 -0.000446969 -0.000485119   0.0264976   0.0648684 -0.00128473 0.230558        0        0
             98.0001  1.43175 -5.11762 -59.6967  -11.066 -10.1143 0.660919   0.265954   0.405655 -0.0283409   0.00172989 -0.000401013 -0.000478052   0.0270284   0.0642159 -0.00126442 0.230555        0        0
                98.1  2.18975 -4.06111 -59.9914  -11.046 -10.0931  0.65637   0.310524   0.259109 0.00181022   0.00176916 -0.000402697 -0.000471942   0.0265811   0.0651149 -0.00103352 0.241938        0        0
                98.1   2.3257 -4.00362 -59.9531 -11.0405 -10.0816 0.659615  0.343127  0.361817 0.0205584   0.00172256 -0.000424918 -0.000483422   0.0274923   0.0641192 -0.00132135 0.241924        0        0
             98.1998   1.7864  -4.7642 -60.4328 -11.0048 -10.0487 0.660072    0.394556    0.349928 0.000883969   0.00173688 -0.000422765 -0.000481298   0.0273524   0.0642633 -0.00126402 0.239952        0        0
             98.1998  1.71034 -4.88942 -60.4376 -10.9997 -10.0424 0.662514  0.429282  0.404884 0.0166364   0.00175809   -0.0003843 -0.000481007    0.027718   0.0635514 -0.00146653 0.239952        0        0
             98.3004 0.825217 -5.70098  -61.077 -10.9578  -10.011 0.661012  0.518668  0.367534 0.0080789   0.00179364 -0.000376658 -0.000478221   0.0274066   0.0641369 -0.00132025 0.236274        0        0
             98.3004 0.904392 -5.66088 -61.0944 -10.9533 -10.0092 0.663263  0.553056  0.378278 0.0246385   0.00176628 -0.000388829 -0.000471993    0.027311   0.0636761 -0.00150975 0.236267        0        0
             98.4003 0.733493 -6.21227   -62.02 -10.8969 -9.97386 0.664077    0.599652     0.38154 0.000310169   0.00177243  -0.00038556 -0.000471527   0.0271958   0.0638687 -0.00146521 0.244026        0        0
             98.4003 0.714877 -6.18163 -62.0246    -10.9  -9.9745 0.665594  0.576376  0.377748 0.0105122    0.0017793 -0.000395466 -0.000470299   0.0272797   0.0641463 -0.00161093 0.24403       0       0
             98.5001 0.832748 -5.56319 -62.2404 -10.8451 -9.93764 0.662451    0.553123    0.370828 -0.00750098   0.00179852 -0.000399117 -0.000471828   0.0273264   0.0643068 -0.00142788 0.235447        0        0
             98.5001  1.00093 -5.45676 -62.1992 -10.8467 -9.93788 0.664541  0.540801  0.367934 0.0068528   0.00174351 -0.000433135 -0.000484188   0.0273567   0.0644403 -0.00161912 0.235447        0        0
                98.6 0.942609 -4.51321 -62.0856  -10.799 -9.90188 0.662841   0.459105   0.383915 0.00623624   0.00176295 -0.000436123 -0.000485618  0.0273955  0.0646227 -0.0014597 0.23807       0       0
                98.6 0.888656 -4.53621 -62.0731 -10.8024 -9.90912 0.665542  0.440569  0.314142 0.0284861   0.00177801 -0.000431959 -0.000489857   0.0266912   0.0652134 -0.00168765 0.238076        0        0
             98.6999 0.255928 -4.13779 -61.6741 -10.7617 -9.87381 0.669087  0.377001  0.374555 0.0289553   0.00177704 -0.000445844  -0.00048862   0.0267438   0.0651906 -0.00173313 0.228011        0        0
             98.6999 0.304958 -4.18053 -61.6183 -10.7643 -9.86911  0.67254  0.351707  0.421832 0.0502328   0.00175985 -0.000430344 -0.000506482   0.0273813   0.0652046 -0.00205653 0.228024        0        0
             98.8001 -0.373579  -3.98634  -60.6239  -10.736  -9.8318 0.679718   0.29707  0.423658 0.0508748   0.00174234 -0.000432122 -0.000504769   0.0271282   0.0655975 -0.00219859 0.23456       0       0
             98.8001 -0.411593  -3.99654  -60.5926 -10.7373 -9.83147 0.672506    0.283935    0.432614 -0.00117478   0.00175286 -0.000427917 -0.000514965   0.0273429   0.0657031 -0.00154867 0.234562        0        0
                98.9 -0.519932  -3.68978  -59.0231 -10.7095 -9.78539  0.67549      0.2546    0.502041 -0.00308379   0.00172788  -0.00041831 -0.000515025   0.0272412   0.0656613 -0.00176003 0.233392        0        0
                98.9 -0.630088  -3.68529  -58.9641 -10.7125 -9.78679  0.66913   0.230824   0.495353 -0.0485438   0.00176036 -0.000418817 -0.000533996   0.0273361   0.0659712 -0.00118569 0.233397        0        0
             98.9998 -0.740898  -3.72975  -57.4157 -10.6867 -9.73705 0.666399   0.249541   0.482676 -0.0494183   0.00173447 -0.000405854  -0.00053413   0.0272586   0.0658364 -0.00133434 0.227733        0        0
             98.9998 -0.681354  -3.70506  -57.4197 -10.6901 -9.73617 0.665261  0.220378  0.495412 -0.058986   0.00171425 -0.000413428 -0.000533029   0.0275812   0.0660671 -0.00123016 0.22774       0       0
             99.1004 -0.139558  -2.05314  -56.4051 -10.6647 -9.68653 0.660118   0.235277   0.488261 -0.0514078   0.00170743 -0.000399133 -0.000532862   0.0275113   0.0659139 -0.00128953 0.234438        0        0
             99.1004 -0.218526  -1.92574  -56.4553 -10.6622 -9.68638 0.659968   0.255421   0.486434 -0.0517629   0.00173585 -0.000441447 -0.000517726   0.0273721   0.0657155 -0.00127991 0.234439        0        0
             99.2003 0.348274 -1.79145  -56.322  -10.636 -9.63838 0.658718    0.287972     0.46607 -0.00702558   0.00170186 -0.000441571 -0.000518409   0.0273539   0.0657348 -0.00141492 0.231482        0        0
             99.2003 0.230116 -1.89456 -56.3628 -10.6389  -9.6378 0.660625   0.264759   0.475229 0.00544017   0.00173596 -0.000404973 -0.000505217   0.0275823   0.0659306 -0.00158003 0.231481        0        0
             99.3001 0.0205953  -1.75806  -56.9743 -10.6112 -9.59673 0.665375  0.331955  0.404992 0.0488607   0.00170429 -0.000407648 -0.000505173   0.0274886   0.0661314 -0.00169318 0.241237        0        0
             99.3001 -0.0590306   -1.72708    -57.045 -10.6087 -9.59683  0.66426   0.35261  0.401486 0.0416768   0.00173276 -0.000419848 -0.000483303   0.0273234   0.0659497 -0.00160006 0.241235        0        0
                99.4 -0.806099   -2.9334  -57.8445 -10.5695 -9.55702 0.671234  0.437616  0.385393 0.0588612   0.00170311 -0.000419896  -0.00048507   0.0273338   0.0659396 -0.00171526 0.231007        0        0
                99.4 -0.977669  -3.04925  -57.8425 -10.5705 -9.55816 0.667131  0.430098  0.378908 0.0297217   0.00175567 -0.000384542 -0.000484542   0.0273116    0.066077 -0.00134953 0.231009        0        0
             99.4998 -0.824281   -4.1055  -58.9791 -10.5203  -9.5215  0.67332  0.534692  0.357413 0.0279799   0.00170153 -0.000370515 -0.000487299   0.0272445    0.065943 -0.00156495 0.236754        0        0
             99.4998 -1.09216 -4.03518 -58.9987 -10.5269 -9.52325 0.668019    0.48283    0.35254 -0.0113824   0.00178046 -0.000390641 -0.000481255   0.0275481   0.0665404 -0.00107848 0.236755        0        0
             99.6005 -0.824922  -5.06919  -60.7348 -10.4759 -9.49326 0.669695     0.53589    0.314707 -0.00125728   0.00175735 -0.000390948 -0.000476479   0.0272947   0.0667195 -0.00124655 0.244335        0        0
             99.6005 -0.860068  -5.04322  -60.7909 -10.4744 -9.49196 0.667311   0.546299   0.326489 -0.0183118   0.00177187 -0.000399844   -0.0004585   0.0273706   0.0665368 -0.00103854 0.244339        0        0
             99.7004 0.125025 -4.76686 -61.5309 -10.4265 -9.46476 0.665436   0.48135  0.324729 0.0039775   0.00177528 -0.000397131 -0.000457206     0.027211    0.0669266 -0.000965673 0.245648        0        0
             99.7004 0.210811 -4.67133 -61.4746 -10.4213 -9.45655 0.664898    0.512421    0.398276 -0.00222804   0.00175852 -0.000417603 -0.000473844    0.0278405    0.0661527 -0.000951996 0.245661        0        0
             99.8002 0.951692 -5.47494 -61.4266 -10.3765 -9.42114 0.667301  0.425198  0.374529 0.0136697   0.00174687  -0.00042322 -0.000471198   0.027644  0.0663727 -0.0010352 0.233065        0        0
             99.8002 0.820186 -5.53036  -61.341 -10.3775 -9.41403 0.670593  0.411697  0.444088 0.0331993   0.00178984 -0.000390679 -0.000495319   0.0284275   0.0661547 -0.00134808 0.233058        0        0
             99.9001  1.13146 -5.61636 -61.3273 -10.3378 -9.36688 0.677523 0.359429 0.454639 0.047841   0.00176922 -0.000388242 -0.000496426    0.028524   0.0659996 -0.00151157 0.243986        0        0
             99.9001   1.0826  -5.5674 -61.3704 -10.3395  -9.3728 0.680628  0.353646  0.396329 0.0727445   0.00177852 -0.000413951 -0.000484144  0.0279146  0.0663788 -0.0017679 0.243995        0        0
             99.9999 0.293906 -5.82921 -60.7673 -10.3067 -9.33382 0.686167   0.31052  0.393416 0.0386231   0.00177627 -0.000411893 -0.000484906  0.0279186  0.0664168 -0.0017576 0.242066        0        0
             99.9999 0.206897 -5.83425 -60.7153 -10.3085 -9.33839 0.682775  0.300567  0.352652 0.0164356   0.00179492 -0.000416595 -0.000500972   0.0275606   0.0667571 -0.00145674 0.242062        0        0
               100.1 -0.199024  -5.78646  -59.0949 -10.2818 -9.30834 0.682659    0.264569    0.310113 0.000149032   0.00180482 -0.000414605 -0.000499509   0.0273708    0.066954 -0.00138362 0.245087        0        0
               100.1 -0.0585416   -5.72787   -59.0088 -10.2897 -9.31006 0.687235 0.203568 0.297866 0.030983    0.0017477 -0.000430319 -0.000524988   0.0275473   0.0676572 -0.00179679 0.245093        0        0
               100.2 -0.198282  -5.46945  -57.3262 -10.2721 -9.28352 0.689912  0.181659  0.279526 0.0209761   0.00175506 -0.000428751 -0.000524951   0.0274654      0.0678 -0.00178735 0.258807        0        0
               100.2 -0.141324  -5.49866  -57.3374 -10.2708 -9.28311 0.689363  0.191131  0.282325 0.0172763   0.00174013 -0.000420489 -0.000521753   0.0274423   0.0676787 -0.00173855 0.258808        0        0
               100.3  1.09278 -5.08777 -55.9422  -10.251 -9.25589 0.687381    0.21534   0.248042 -0.0292311   0.00175484 -0.000414357 -0.000523647   0.0274758   0.0676927 -0.00165631 0.260693        0        0
               100.3  1.21058 -5.07324 -55.9812 -10.2489 -9.25184 0.686215   0.226548   0.285136 -0.0390022   0.00172744 -0.000411233 -0.000512196   0.0277953    0.067338 -0.00156695 0.260694        0        0
               100.4    1.967 -4.29158 -55.8807 -10.2207 -9.22514 0.683513   0.319519   0.275212 -0.0334462   0.00174729 -0.000423929 -0.000507088   0.0276842   0.0672921 -0.00165355 0.273834        0        0
               100.4  2.02916 -4.31284 -55.9672  -10.224 -9.22791 0.681556   0.295663   0.253871 -0.0469918   0.00172264 -0.000419027 -0.000480247   0.0276361   0.0676597 -0.00148807 0.273837        0        0
               100.5  2.02701 -4.49173 -56.1689 -10.1917 -9.20405  0.67571   0.385639   0.242905 -0.0452456   0.00174507 -0.000428133 -0.000478673   0.0276584   0.0678183 -0.00140323 0.283002        0        0
               100.5  2.02095 -4.62039 -56.2067 -10.1881 -9.20139 0.673117   0.410609   0.265641 -0.0637672   0.00175828 -0.000388434 -0.000470772   0.0277255   0.0674395 -0.00117434 0.283     0     0
               100.6  1.03716 -5.13299 -57.9104  -10.145 -9.17549 0.666987   0.481855   0.268339 -0.0477415   0.00177134 -0.000390709 -0.000471003  0.0277636  0.0675214 -0.0011671 0.278057        0        0
               100.6  1.00482 -5.13915 -58.0075 -10.1467  -9.1772 0.669108   0.471081   0.253163 -0.0322523   0.00177773 -0.000389717 -0.000441048   0.0276716   0.0677148 -0.00135264 0.278057        0        0
               100.7 0.668323 -5.76444 -59.7653 -10.0914 -9.14269 0.668413  0.563482  0.311173 0.0152589   0.00178416 -0.000379213 -0.000449832   0.0279559   0.0673354 -0.00136829 0.277177        0        0
               100.7 0.668801 -5.72406 -59.7627 -10.0932 -9.14132 0.670836  0.547743  0.325059 0.0312597   0.00178205 -0.000385059 -0.000451114   0.0281768   0.0674003 -0.00158024 0.277176        0        0
               100.8  1.25166 -5.73025 -60.3641 -10.0309 -9.09663 0.675824  0.569472  0.407533 0.0503088   0.00181431 -0.000386889 -0.000457282   0.0284524   0.0668308 -0.00161024 0.265869        0        0
               100.8  1.36038 -5.69023 -60.3137 -10.0361 -9.10517 0.676389  0.536838  0.330003 0.0569822    0.0017605 -0.000407583 -0.000471216   0.0278494   0.0675928 -0.00164635 0.265843        0        0
               100.9   1.4066  -5.4224 -60.2292 -9.98151  -9.0656 0.681561  0.504381  0.399241 0.0439178   0.00177774 -0.000405923 -0.000474366   0.0279907   0.0673544 -0.00163518 0.262478        0        0
               100.9  1.41842 -5.40698 -60.1917 -9.98867 -9.07501 0.679636  0.457229  0.316914 0.0333259   0.00176987 -0.000407296 -0.000486637   0.0273723   0.0683505 -0.00146258 0.26246       0       0
                 101 0.821208 -5.19353 -59.6591 -9.94444 -9.03525 0.680572  0.410539  0.389653 0.0116674    0.0017968 -0.000422619 -0.000489392   0.0276717   0.0681741 -0.00138793 0.266948        0        0
                 101 0.910624 -5.22754  -59.616 -9.94971 -9.03601 0.683151  0.369211  0.386552 0.0284358    0.0017686 -0.000413453  -0.00050377     0.02786    0.068637 -0.00163576 0.266937        0        0
               101.1 0.184906 -5.10228 -58.4365 -9.91295  -8.9928 0.686728  0.339267  0.457937 0.0218986   0.00176909  -0.00041302 -0.000503126   0.0278836   0.0684804 -0.00170936 0.261325        0        0
               101.1 0.216344 -5.12266 -58.4052 -9.91888 -8.99968 0.686066 0.298647 0.397317 0.019093   0.00176015 -0.000409715 -0.000512986  0.027462 0.0692985 -0.001653 0.261288        0        0
               101.2 0.0839422  -5.20379   -56.811 -9.88607 -8.95104 0.686228  0.298915  0.452324 0.0178614   0.00177486 -0.000410457 -0.000516491   0.0277711   0.0689478 -0.00156907 0.269175        0        0
               101.2 0.122509  -5.2542  -56.795 -9.88856 -8.95295 0.684464   0.279694   0.437538 0.00532446    0.0017585 -0.000395369  -0.00052155   0.0277402   0.0692306 -0.00141522 0.269165        0        0
               101.3 -0.0538255   -5.11108   -55.4888   -9.857 -8.90631 0.690887  0.309691  0.435265 0.0647892    0.0017397 -0.000393875 -0.000523074   0.0278307   0.0689959 -0.00160463 0.267627        0        0
               101.3 -0.0590452    -5.0806   -55.5075 -9.85835 -8.90479 0.691944  0.297436  0.450833 0.0709731   0.00174113 -0.000404092 -0.000517087  0.0280706  0.0690213 -0.0017026 0.267623        0        0
               101.4 0.536587 -4.72354 -54.4898 -9.82765 -8.85876 0.698534  0.314842  0.472887 0.0787666  0.00176541 -0.00041039 -0.00051666   0.0280938   0.0690119 -0.00161471 0.26088       0       0
               101.4 0.619675  -4.7389 -54.5236 -9.82665 -8.85872 0.699789 0.322637 0.470977 0.087793   0.00173895 -0.000405187 -0.000505451   0.0280076   0.0689354 -0.00172496 0.260884        0        0
               101.5  1.04345 -5.79695 -54.5598 -9.79385 -8.81392 0.708425  0.354414  0.451885 0.0705782   0.00173439 -0.000407226 -0.000503195    0.027908   0.0690421 -0.00175543 0.2847      0      0
               101.5  1.04539 -5.88888 -54.6203 -9.79516 -8.81119 0.706918  0.339503  0.480834 0.0582456   0.00173564 -0.000374963 -0.000484211  0.0283205  0.0689887 -0.0016263 0.284698        0        0
               101.6   1.2891 -5.93684 -55.6563 -9.75823 -8.76681 0.711525  0.371444  0.437658 0.0204493   0.00174245 -0.000379685 -0.000479776   0.0281889   0.0689884 -0.00165539 0.290541        0        0
               101.6  1.28293 -5.87763 -55.7595 -9.75621 -8.76657 0.709899   0.386726   0.437987 0.00954621   0.00174804 -0.000398209 -0.000446438    0.028101   0.0688295 -0.00150263 0.290541        0        0
               101.7  1.09864 -6.52574 -58.8991 -9.71958 -8.71783 0.703665   0.351281    0.48695 -0.0271078   0.00179683 -0.000397857 -0.000454683   0.0283458   0.0687691 -0.00120269 0.292174        0        0
               101.7    1.146 -6.52363 -59.0498 -9.71744 -8.71794 0.705708   0.369033   0.481756 -0.0119383    0.0017865 -0.000397343 -0.000406881   0.0281484     0.06861 -0.00137523 0.292181        0        0
               101.8   1.2139 -7.39602 -62.6174 -9.68345 -8.67356 0.702018   0.323358   0.458855 0.00762352   0.00181834 -0.000398723 -0.000402872   0.0279883   0.0687728 -0.00114631 0.29038       0       0
               101.8  1.25411 -7.37472 -62.6103 -9.68449 -8.67206  0.70488   0.31425  0.472509 0.0264134   0.00180556 -0.000404879 -0.000405155   0.0281693   0.0687744 -0.00141043 0.290383        0        0
               101.9  1.08811 -6.83834 -66.0134 -9.66253 -8.63317 0.702707 0.219293 0.404414 0.028204   0.00185124 -0.000412061 -0.000405246  0.0281269  0.0692426 -0.0010903 0.27065       0       0
               101.9  1.17887 -6.72512 -65.9806 -9.66196 -8.62842 0.706389  0.219609  0.446952 0.0512823   0.00182195 -0.000448394 -0.000414595   0.0285717   0.0689884 -0.00144035 0.270635        0        0
                 102 0.317572 -7.47967 -69.5802 -9.64434 -8.58239 0.708144  0.147421  0.492861 0.0118392   0.00184236 -0.000450988 -0.000414063   0.0285494   0.0690339 -0.00130805 0.261097        0        0
                 102 0.345377 -7.52278 -69.5649  -9.6468 -8.58246 0.714655  0.129937  0.490042 0.0567343   0.00183314 -0.000436818 -0.000419201   0.0285284   0.0692333 -0.00189592 0.261098        0        0
               102.1 -0.354231   -8.0857   -71.827 -9.63375  -8.5314 0.717595  0.112656  0.498262 0.0377529   0.00184855 -0.000434182 -0.000420519   0.0285786    0.069136 -0.00179759 0.247982        0        0
               102.1 -0.306838  -7.97643  -71.7697 -9.63347 -8.53575 0.719349  0.117989  0.452577 0.0529061   0.00182766 -0.000474338  -0.00043797   0.0280115   0.0692414 -0.00191857 0.247982        0        0
               102.2 -0.760481  -8.14033  -73.9078 -9.62279 -8.48984 0.723869  0.109711  0.472618 0.0473855   0.00181702 -0.000475706 -0.000437937   0.0280926   0.0692821 -0.00188097 0.244951        0        0
               102.2 -0.72719 -8.08529 -73.8735 -9.62755 -8.49387 0.724453 0.0734308  0.433227  0.053301   0.00179779 -0.000494712 -0.000448082   0.0277417   0.0698417 -0.00190736 0.244941        0        0
               102.3 -1.07477 -8.92832 -74.9941 -9.62473 -8.45287  0.72853 0.0522817  0.442899 0.0192389   0.00180059 -0.000498359 -0.000447383   0.0275393   0.0701149 -0.00190619 0.243136        0        0
               102.3  -1.0894 -8.97452 -74.8796  -9.6284 -8.44458 0.725492   0.0190179    0.530251 -0.00785475   0.00180079 -0.000472123 -0.000483343  0.0287322  0.0702767 -0.0017358 0.243128        0        0
               102.4 -1.32002 -9.27475 -75.6735 -9.62522 -8.39543  0.72456   0.0590044    0.476652 -0.00577455   0.00178296 -0.000470611 -0.000481101   0.0285867   0.0703291 -0.00174284 0.234761        0        0
               102.4 -1.34564 -9.19071 -75.6575 -9.62584 -8.39632 0.719572  0.0536883   0.470785 -0.0404986   0.00178925 -0.000497682 -0.000486611   0.0286041   0.0704052 -0.00129904 0.234771        0        0
               102.5 -0.879448  -8.63576  -77.5491 -9.62256 -8.36038 0.716621   0.102711   0.345071 0.00963154    0.0017947 -0.000502643 -0.000485628   0.0282916   0.0707868 -0.00114266 0.235399        0        0
               102.5 -0.849829  -8.57818  -77.6095 -9.62031 -8.36245 0.719181  0.121934   0.32157 0.0290678   0.00178734 -0.000522179 -0.000465553   0.0279231   0.0706028 -0.00133813 0.235394        0        0
               102.6 -0.777351  -8.72942  -79.0029 -9.60309 -8.32873 0.719338     0.212584     0.306179 -0.000833581   0.00180493  -0.00053351 -0.000468193   0.0281867   0.0705255 -0.00122996 0.231495        0        0
               102.6 -0.751044  -8.79469  -78.9487 -9.60661 -8.33238 0.723756  0.185194  0.267073 0.0314471   0.00179627 -0.000509641 -0.000484927   0.0276497    0.070968 -0.00157451 0.23148       0       0
               102.7 -0.949319  -9.07915  -80.6191 -9.58355 -8.30817 0.727466  0.271984  0.214962 0.0207195   0.00180028 -0.000511477 -0.000485092   0.0276331   0.0709573 -0.00167204 0.22897       0       0
               102.7 -0.947859  -9.07972  -80.6604 -9.58314 -8.30845 0.728001  0.275465   0.21174 0.0246964   0.00180189 -0.000512145 -0.000472435   0.0275805   0.0709185 -0.00171613 0.228971        0        0
               102.8 -0.910463  -9.22419  -82.5432 -9.55303 -8.29135 0.730651   0.346764   0.172794 0.00871017   0.00179052 -0.000511973 -0.000470976   0.0274439   0.0710053 -0.00174695 0.226919        0        0
               102.8 -0.916059  -9.15579  -82.5432 -9.55284 -8.28496 0.729383    0.346908    0.237416 -0.00351631   0.00179539 -0.000519844 -0.000473155   0.0282553   0.0709318 -0.00172658 0.226925        0        0
               102.9 -0.436887   -9.6179  -84.5475 -9.51537 -8.26033 0.729248  0.384503  0.240731 -0.013485   0.00179359 -0.000518782 -0.000473685   0.0282498    0.070914 -0.00179242 0.221729        0        0
               102.9 -0.441026  -9.59659  -84.5488 -9.51609 -8.25613 0.726939   0.378224   0.284344 -0.0320697   0.00179596 -0.000517506 -0.000473963     0.02883   0.0709617 -0.00165422 0.221736        0        0
                 103 0.816616 -8.88458 -85.8624  -9.4771 -8.22724 0.721305   0.369082   0.256596 -0.0391757   0.00180512 -0.000513905 -0.000475583   0.0290113    0.070865 -0.00154612 0.212629        0        0
                 103 0.894051 -8.75768  -85.824 -9.48166 -8.23334 0.724855   0.332833   0.192692 -0.0113303   0.00176987 -0.000562665 -0.000485815   0.0281864   0.0713258 -0.00175549 0.212652        0        0
               103.1 0.691096 -6.81734 -86.5136 -9.44631 -8.20694 0.724671    0.32524     0.2962 -0.0171895   0.00176597 -0.000554294 -0.000487578   0.0284337    0.071106 -0.00185604 0.228303        0        0
               103.1 0.535226 -6.71484 -86.4604 -9.45299 -8.21311 0.727187   0.272737   0.232242 0.00314169   0.00180052 -0.000597996 -0.000502229   0.0276045   0.0717716 -0.00199007 0.228285        0        0
               103.2  0.32893 -6.37429  -86.747 -9.43092 -8.18869 0.726693  0.236317  0.307898 0.0133455   0.00180678 -0.000611223 -0.000500024  0.0273134  0.0720434 -0.0019091 0.210487        0        0
               103.2 0.342082 -6.50567 -86.6773 -9.43355 -8.18375 0.724918    0.214843    0.357522 -0.00186931   0.00179615 -0.000558515 -0.000521008  0.0279305  0.0723239 -0.0018033 0.210473        0        0
               103.3 0.0376398  -6.29061  -85.9881 -9.41583 -8.14839 0.726742  0.165525  0.370058 0.0412915    0.0017959 -0.000562666  -0.00051997   0.0278586   0.0724107 -0.00175643 0.213871        0        0
               103.3 0.0333669  -6.31791   -85.931 -9.40922  -8.1433 0.724051  0.218086  0.420518 0.0206165   0.00180961 -0.000540465 -0.000537661   0.0285145   0.0717833 -0.00156637 0.213838        0        0
               103.4 -0.281767  -6.62856  -85.0909 -9.38801 -8.09898 0.727695  0.204552   0.48167 0.0412924    0.0017973 -0.000535841 -0.000537318   0.0284422   0.0717784 -0.00159842 0.221497        0        0
               103.4 -0.327741  -6.65226  -85.0635 -9.39224 -8.09831 0.726961 0.170694 0.488571 0.035248   0.00179988 -0.000526381 -0.000544638   0.0285216   0.0721908 -0.00153641 0.221494        0        0
               103.5 -0.268449  -7.23966  -84.6601 -9.37561 -8.04632 0.732119  0.150772    0.4995 0.0775522   0.00180005 -0.000523124 -0.000545423   0.0286916   0.0721454 -0.00155547 0.217256        0        0
               103.5 -0.268315  -7.27115  -84.7182  -9.3762 -8.04922 0.730448  0.145702  0.471144 0.0666197   0.00180032 -0.000521773 -0.000528038   0.0283645   0.0722058 -0.00138397 0.217249        0        0
               103.6 0.283923 -8.14392 -84.9998 -9.36084 -8.00069 0.736056  0.161585  0.482355 0.0832443   0.00180772 -0.000521919 -0.000527734   0.028446  0.0721639 -0.0012427 0.231423        0        0
               103.6 0.388487 -8.17434 -85.0659 -9.36224 -8.00492 0.739583 0.149723 0.438088 0.110271   0.00177494 -0.000524665 -0.000508359   0.0278763   0.0723048 -0.00149987 0.231433        0        0
               103.7 0.818485 -9.14417 -85.2873 -9.34335 -7.96126 0.749579  0.234967  0.415652 0.0841505   0.00177273 -0.000517846 -0.000509333   0.0279134   0.0723089 -0.00149408 0.217372        0        0
               103.7 0.768847 -9.10732  -85.285 -9.34643 -7.95805 0.750502  0.210666  0.447012 0.0890867   0.00178128  -0.00051959 -0.000509296   0.0282906   0.0726067 -0.00161024 0.217371        0        0
               103.8 0.760089 -9.76875 -85.5527 -9.32137 -7.91272 0.752306    0.282192    0.426111 0.000926908   0.00178815 -0.000515439 -0.000511075   0.0284309   0.0726209 -0.00144718 0.22445       0       0
               103.8 0.779716 -9.76098 -85.5863 -9.32422 -7.91827 0.754642  0.259135  0.369579 0.0200749   0.00177722 -0.000529075 -0.000497739   0.0277248   0.0728957 -0.00157034 0.224455        0        0
               103.9 0.383182 -10.1802 -86.7535 -9.29737 -7.88671 0.754395   0.31612  0.309986 0.0121102   0.00179382  -0.00053978 -0.000496824   0.0275687   0.0730237 -0.00146068 0.218838        0        0
               103.9 0.345772 -10.1492 -86.7957  -9.2978 -7.88104 0.757445 0.313565   0.3641 0.030923    0.0018075 -0.000551012 -0.000483705   0.0282203   0.0730575 -0.00181215 0.218842        0        0
                 104 0.0161899  -10.9146    -87.68 -9.25845 -7.83854 0.758781  0.417218  0.387246 0.0434815   0.00182408 -0.000554025 -0.000487644   0.0286828   0.0728463 -0.00171741 0.218848        0        0
                 104 0.106161 -10.9472  -87.674 -9.26186 -7.84395 0.758022  0.388553    0.3342 0.0403571    0.0017965 -0.000538964 -0.000489803   0.0279978   0.0731941 -0.00155566 0.218806        0        0
               104.1 0.649768 -11.7868 -89.3778 -9.22247 -7.81235 0.757744    0.421482    0.331406 -0.00652644   0.00182033  -0.00054744 -0.000490698   0.0279284   0.0733292 -0.00137448 0.215766        0        0
               104.1 0.789639 -11.7843 -89.4813 -9.21673 -7.81188  0.75949   0.466699   0.335804 0.00594734   0.00178498 -0.000547588 -0.000460745   0.0279773   0.0727281 -0.00154389 0.21576       0       0
               104.2   1.3416 -11.0443 -90.9916 -9.17535 -7.78386 0.757328   0.442092   0.314613 -0.0171579   0.00179786 -0.000557476 -0.000459045   0.0275817   0.0730224 -0.00141863 0.225176        0        0
               104.2  1.3405 -10.926 -90.941 -9.17912 -7.77789 0.760999    0.41317   0.369724 0.00597576   0.00179028 -0.000577212 -0.000472006   0.0281573   0.0734232 -0.00184438 0.22518       0       0
               104.3  2.01831  -11.217 -91.9084 -9.13784 -7.74204 0.760699   0.415279     0.3515 0.00818833   0.00178983 -0.000577182 -0.000471815   0.0281384   0.0734484 -0.00175631 0.224409        0        0
               104.3    1.981 -11.2951 -91.8646 -9.14207 -7.74104 0.759558     0.381884     0.361034 -0.000585929   0.00179101 -0.000549008 -0.000484506    0.028226   0.0738693 -0.00167811 0.224411        0        0
               104.4  1.96246 -10.6179 -91.6115 -9.10632 -7.70521  0.75634    0.342891    0.351319 -0.00775461   0.00180821 -0.000553768 -0.000485694   0.0283015    0.073903 -0.00152536 0.216531        0        0
               104.4  1.98785 -10.5775 -91.5392 -9.10839 -7.70717 0.758011   0.325861    0.33049 0.00484675   0.00179376 -0.000568663 -0.000507404   0.0279788   0.0740814 -0.00163307 0.216531        0        0
               104.5  1.15164 -10.6349 -90.6485 -9.07665 -7.67469 0.760775  0.315068   0.32116 0.0316882   0.00179097 -0.000565619   -0.0005076   0.0279711   0.0740899 -0.00165414 0.220629        0        0
               104.5   1.0691 -10.6931 -90.6028 -9.07839 -7.67844 0.762925  0.300321  0.283126 0.0483116   0.00181515 -0.000546837 -0.000522021   0.0274093   0.0742253 -0.00177184 0.220627        0        0
               104.6 0.968974  -10.744 -88.9705 -9.05062 -7.65319 0.767008  0.289206   0.29185 0.0317811   0.00179545 -0.000539703 -0.000519366    0.027104   0.0743477 -0.00172846 0.216069        0        0
               104.6  0.99788 -10.6891 -88.9124 -9.04914 -7.64543 0.767664  0.302809  0.366139 0.0334473   0.00178105 -0.000557683 -0.000537981   0.0280708    0.074263 -0.00193328 0.216063        0        0
               104.7 0.843026 -10.6368 -86.4534 -9.01683 -7.60192 0.767213   0.294997   0.432432 0.00184554    0.0017994 -0.000562752 -0.000540717   0.0284047   0.0741214 -0.00184158 0.215884        0        0
               104.7 0.893543 -10.6992  -86.403 -9.02046 -7.60026 0.763957   0.266656   0.449471 -0.0221089    0.0017794 -0.000544471 -0.000556756   0.0286471   0.0745064 -0.00158396 0.215875        0        0
               104.8  1.21347 -10.6356 -84.2929 -8.99813 -7.55842  0.75852   0.236702   0.442707 -0.0523575   0.00179407 -0.000550897 -0.000556304  0.0283856  0.0746896 -0.0014093 0.228785        0        0
               104.8  1.30795  -10.689 -84.3357 -8.99879 -7.56035  0.76015   0.230571     0.4229 -0.0398537    0.0017669 -0.000533834 -0.000543221   0.0280942   0.0747513 -0.00151937 0.228789        0        0
               104.9  2.04754 -9.27812 -83.1447 -8.97484 -7.52183 0.758983   0.240585   0.358914 -0.0301993   0.00176773 -0.000538751 -0.000541728   0.0279728   0.0746982 -0.00168689 0.231686        0        0
               104.9  2.08172 -9.19993 -83.2182 -8.97521 -7.52262 0.762179    0.237607    0.348804 -0.00702072   0.00176126 -0.000563791 -0.000517675   0.0277904   0.0747322 -0.00196434 0.231697        0        0
                 105  2.62516  -7.8336 -82.6324 -8.94855 -7.48948 0.760672   0.318367   0.348648 -0.0131704   0.00178043 -0.000572822 -0.000517491 0.0277304 0.0747888 -0.001886 0.243947        0        0
                 105    2.609 -7.92311 -82.6373 -8.95109 -7.48836 0.757493  0.297919  0.361854 -0.036771   0.00178324 -0.000542836 -0.000516155   0.0279515   0.0750546 -0.00162248 0.243949        0        0
               105.1  2.38235 -7.32872 -82.1239 -8.92382 -7.46131 0.748969    0.34909    0.30131 -0.0705489   0.00178905  -0.00055655 -0.000510941   0.0274454   0.0754792 -0.00139119 0.241709        0        0
               105.1   2.3865 -7.39414 -82.1252 -8.92153  -7.4542 0.750873   0.367424   0.372663 -0.0600455   0.00178958 -0.000527433 -0.000513789   0.0282999   0.0751842 -0.00163205 0.241708        0        0
               105.2  2.00996 -6.94626 -82.4523 -8.88142 -7.41628 0.745823   0.439351   0.384199 -0.0499867   0.00178621 -0.000524633 -0.000514588  0.0283518  0.0751819 -0.0016537 0.238414        0        0
               105.2  1.96984 -6.96341 -82.4857 -8.88062   -7.414 0.747969   0.446096   0.405997 -0.0357312   0.00180073 -0.000516718 -0.000504949   0.0285944   0.0750716 -0.00186371 0.238417        0        0
               105.3  1.68034 -6.90609 -83.2552 -8.83569 -7.37577 0.744691   0.515177   0.411154 -0.0293189   0.00180215 -0.000521277 -0.000503143   0.0283622   0.0753182 -0.00186759 0.244767        0        0
               105.3  1.70041 -6.89549 -83.2776 -8.83548 -7.37637 0.746633   0.516909   0.404162 -0.0152163   0.00179651 -0.000525074 -0.000495768   0.0282516    0.075291 -0.00203544 0.244768        0        0
               105.4  2.26757 -6.42009 -83.9688 -8.78084 -7.33437 0.749882  0.542346  0.401785 0.0323215   0.00180063 -0.000526759  -0.00049686   0.0283757   0.0752081 -0.00219372 0.238346        0        0
               105.4  2.32179 -6.40415 -83.9604 -8.78208 -7.33687 0.746094   0.531806   0.378503 0.00606564   0.00178222 -0.000534201 -0.000498667   0.0281298   0.0753655 -0.00183101 0.23837       0       0
               105.5  2.94205 -5.83602 -83.8354 -8.73519 -7.29994 0.751532 0.475595 0.404432 0.036066   0.00176985 -0.000533966  -0.00049886   0.0279608   0.0756299 -0.00204158 0.243469        0        0
               105.5  2.89043 -5.82198 -83.7699 -8.73777 -7.30158 0.748065  0.454584  0.389218 0.0114426   0.00178063 -0.000541158  -0.00051867   0.0278156   0.0759203 -0.00172084 0.243471        0        0
             105.601   2.5323 -4.96479 -83.6822 -8.70086 -7.26592  0.75024    0.3632  0.410054 0.0495372   0.00177708 -0.000549854 -0.000516258   0.0274645   0.0762654 -0.00167231 0.237868        0        0
             105.601  2.46005 -4.96618 -83.6623 -8.70009 -7.25959 0.748191  0.369835  0.473335 0.0322194   0.00180059 -0.000537924 -0.000522392  0.0282735  0.0761728 -0.0015247 0.237878        0        0
               105.7  1.54858 -5.65545 -82.9161  -8.6659 -7.20933 0.753128  0.325701  0.520925 0.0594482  0.00180607 -0.00054185 -0.00052219   0.0283117   0.0761754 -0.00151782 0.234055        0        0
               105.7  1.53396 -5.78112 -82.8842 -8.66609 -7.20986  0.75449   0.32423  0.515768 0.0695748   0.00180917 -0.000504694  -0.00053328   0.0282256   0.0761903 -0.00163946 0.234058        0        0
               105.8  1.08808 -6.28659 -81.3996 -8.62919  -7.1488 0.758998  0.342764  0.583442 0.0394199   0.00181628 -0.000495754 -0.000536004   0.0287282   0.0759089 -0.00158704 0.231772        0        0
               105.8  1.08694  -6.2793 -81.3642 -8.63146 -7.15392 0.759752  0.324154  0.531948 0.0466435   0.00181156 -0.000508555 -0.000546404   0.0280946   0.0761701 -0.00162835 0.231774        0        0
               105.9 0.498255 -6.35128 -78.8563 -8.60207 -7.10152 0.759803  0.319621  0.547084 0.0217806   0.00182253 -0.000517967  -0.00054576   0.027979  0.0763679 -0.0014121 0.237525        0        0
               105.9 0.554811 -6.37251 -78.7897 -8.60292 -7.10296 0.764421  0.313066  0.530442 0.0552107   0.00180165 -0.000515175 -0.000566392   0.0277361     0.07645 -0.00181044 0.23751       0       0
                 106 0.550909 -6.30729 -76.0554 -8.56849 -7.04882 0.768206 0.359167 0.518813 0.046391    0.0018091 -0.000514689 -0.000567829   0.0278889   0.0763561 -0.00171635 0.244681        0        0
                 106 0.534929 -6.33477 -76.0596 -8.57236 -7.04911 0.771049  0.328351  0.514918 0.0665524   0.00180899  -0.00050669 -0.000566046   0.0278542   0.0767446 -0.00197508 0.24468       0       0
               106.1 0.728615 -6.69934 -73.8177 -8.54458 -7.00564 0.777662  0.356865  0.458472 0.0706021   0.00180902 -0.000517145 -0.000564569   0.0274076   0.0772521 -0.00195445 0.257128        0        0
               106.1 0.812921 -6.79012 -73.8735 -8.54404 -7.00285 0.776682  0.360239  0.487918 0.0623838   0.00178583 -0.000483573 -0.000548558   0.0277662   0.0771347 -0.00188609 0.257121        0        0
               106.2   0.7704 -6.87356 -71.4288 -8.50499 -6.96399 0.786136  0.429671  0.402281 0.0853151   0.00178032 -0.000490641  -0.00054352   0.0273242   0.0772498 -0.00195221 0.273604        0        0
               106.2 0.755639 -6.85005 -71.4456 -8.49816 -6.95495 0.784717  0.485771  0.493827 0.0706253   0.00180237 -0.000475628 -0.000543141    0.028271    0.076335 -0.00186679 0.273573        0        0
               106.3 0.021795  -7.6167 -69.7144 -8.44429 -6.90561 0.795936   0.55635  0.499798 0.0570756   0.00179553 -0.000484188 -0.000540953     0.02819   0.0762082 -0.00217013 0.280529        0        0
               106.3 -0.0484726   -7.73864   -69.7903  -8.4443 -6.90454 0.788522  0.554731  0.516207 0.0034053   0.00182062 -0.000443751 -0.000518421   0.0284524   0.0761869 -0.00153245 0.280533        0        0
               106.4 -0.791082  -8.40866  -68.7621 -8.37924 -6.84649  0.79134    0.67238   0.543653 0.00349426   0.00181591 -0.000445249 -0.000520354     0.02871   0.0758415 -0.00173121 0.289793        0        0
               106.4 -0.805193  -8.43723  -68.8151 -8.39129 -6.85574 0.786535   0.578648   0.459397 -0.0272175   0.00179657 -0.000451396 -0.000499268    0.028119   0.0772398 -0.00127545 0.289818        0        0
               106.5 -1.14479 -9.08943  -68.547 -8.33705 -6.82086 0.785095 0.610078 0.420391 -0.02693   0.00178099 -0.000464485 -0.000491679   0.0275398   0.0778143 -0.00132218 0.303172        0        0
               106.5 -1.17423 -9.12076 -68.5924 -8.33858 -6.81798 0.782798   0.595404   0.452102 -0.0456878   0.00179133 -0.000446067 -0.000478935   0.0279793   0.0778601 -0.00115639 0.303181        0        0
               106.6 -0.332924  -9.25822   -67.348 -8.28002 -6.77917 0.775671   0.595339   0.425198 -0.0530211   0.00177654 -0.000439461 -0.000474476    0.0276598    0.0780575 -0.000970544 0.298316        0        0
               106.6 -0.274756    -9.161  -67.2732 -8.28022 -6.77265 0.778594   0.590359   0.488204 -0.0365076   0.00175999 -0.000450739 -0.000497782   0.0283598   0.0778654 -0.00129561 0.298339        0        0
               106.7 -0.415625  -9.07046  -65.7127 -8.22756 -6.72888  0.77027  0.533386  0.469075 -0.050367   0.00177162 -0.000458042  -0.00049625   0.0281801   0.0781905 -0.00105259 0.313952        0        0
               106.7 -0.506934  -9.11654   -65.675 -8.22609 -6.72258 0.775372   0.543378   0.527998 -0.0176615   0.00180522 -0.000427427 -0.000507609     0.02871   0.0778539 -0.00154935 0.313947        0        0
               106.8 -1.68367 -8.45485 -64.8485 -8.17905 -6.67357  0.77391  0.441682  0.528518 0.0297348   0.00180835 -0.000425205 -0.000507531   0.0285837   0.0780928 -0.00138946 0.323505        0        0
               106.8 -1.59908 -8.38925 -64.9167 -8.17326 -6.66888 0.782553  0.488135  0.564329 0.0899792   0.00180503 -0.000439521 -0.000490297   0.0286573   0.0774393 -0.00214138 0.323534        0        0
               106.9  -2.0212 -9.22146 -63.5913 -8.12955 -6.61252 0.794367 0.433368  0.58617 0.096296   0.00177398 -0.000443921 -0.000487395   0.0285826   0.0775679 -0.00224196 0.316311        0        0
               106.9 -2.20239 -9.36724 -63.5204  -8.1336 -6.61671 0.793641  0.404039   0.54923 0.0921554   0.00181068 -0.000407207 -0.000505173   0.0283173    0.078065 -0.00214069 0.316312        0        0
                 107 -2.02115 -9.95131  -62.118  -8.0954 -6.56546 0.804701  0.390659  0.550189 0.0487484   0.00177338 -0.000416796 -0.000499649   0.0280312   0.0782527 -0.00236335 0.312345        0        0
                 107 -2.15579  -9.9359 -62.0839 -8.09371 -6.56015  0.79823   0.397652   0.605448 0.00110196   0.00181888 -0.000405806 -0.000509578   0.0286691   0.0779008 -0.00190158 0.312341        0        0
               107.1 -2.42697 -10.2202 -60.3724 -8.05345 -6.49617 0.793439   0.407941   0.607972 -0.0400767   0.00183482 -0.000405329 -0.000512995   0.0288841   0.0778152 -0.00177919 0.322355        0        0
               107.1 -2.27348  -10.233 -60.4114 -8.05446 -6.50352  0.79283   0.405369   0.537468 -0.0400767   0.00178268 -0.000419964 -0.000501409   0.028162  0.0781922 -0.0016316 0.32237       0       0
               107.2 -1.46768 -9.25929  -59.702 -8.01041 -6.44835 0.789673   0.456208   0.519068 -0.0337916   0.00178751 -0.000426505 -0.000502445   0.0283123   0.0780512 -0.00169597 0.326387        0        0
               107.2 -1.42068 -9.20958 -59.7706   -8.012 -6.45098 0.790001   0.445902   0.494657 -0.0305635    0.0017715 -0.000447546 -0.000479489  0.0281108  0.0782936 -0.0016889 0.32638       0       0
               107.3 -0.827013   -9.3698  -59.9095 -7.96406 -6.40387 0.787665    0.52489   0.471382 -0.0247178    0.0017624 -0.000446398 -0.000476923   0.0280128   0.0783516 -0.00170897 0.342571        0        0
               107.3 -0.805011  -9.44589  -59.9706 -7.96702 -6.40429 0.787533    0.50124   0.470951 -0.0265252   0.00175634 -0.000421985 -0.000456278   0.0281494   0.0786105 -0.00169805 0.34257       0       0
               107.4 -1.26517 -9.64696  -60.809 -7.91219  -6.3582 0.783616   0.584007    0.41179 -0.0299019   0.00175853 -0.000428935 -0.000457756    0.028311   0.0785074 -0.00163023 0.345683        0        0
               107.4 -1.39021 -9.66481 -60.8821 -7.91655 -6.36238 0.784724   0.554619   0.375788 -0.0216634   0.00180218 -0.000423625 -0.000433722   0.0280753   0.0790715 -0.00168662 0.345682        0        0
               107.5 -2.10368 -10.2612 -63.7275 -7.86131 -6.33124 0.786392   0.593495   0.351896 -0.0154371   0.00176833 -0.000433077 -0.000423551   0.0277838   0.0793632 -0.00187051 0.331651        0        0
               107.5 -2.22397 -10.3232 -63.8005 -7.85864  -6.3245 0.783496   0.607251   0.416839 -0.0385703   0.00181197 -0.000416852 -0.000400454   0.0284648   0.0788287 -0.00169491 0.331652        0        0
               107.6 -2.12988 -11.8442 -67.1372 -7.79579 -6.28101 0.780851    0.650789    0.424836 -0.00475314   0.00181488 -0.000411182 -0.000402625   0.0285302   0.0788033 -0.00172227 0.321522        0        0
               107.6 -2.11055 -11.8225  -67.142 -7.79765 -6.28062 0.780323     0.63518    0.430677 -0.00939427   0.00180965 -0.000418032 -0.000401724   0.0286949   0.0789494 -0.00168735 0.321524        0        0
               107.7 -0.851144   -11.656  -68.5525 -7.73421 -6.23851 0.782324  0.61293 0.430112 0.043871   0.00178266 -0.000408536 -0.000398726   0.0285931   0.0789701 -0.00167834 0.33088       0       0
               107.7 -0.906643  -11.4801  -68.4053 -7.73291 -6.23573  0.77993  0.620758  0.457162 0.0256792   0.00179052 -0.000465952 -0.000445975  0.0289346  0.0787542 -0.0015176 0.330876        0        0
               107.8 -1.10802 -11.1607 -70.0006 -7.67659 -6.19306 0.784019  0.555897  0.446352 0.0199778   0.00179059 -0.000482656 -0.000442869   0.0288351   0.0789421 -0.00158085 0.323504        0        0
               107.8 -1.16841 -11.1838 -70.0058 -7.67476 -6.19366 0.785159   0.57141  0.438373 0.0289252   0.00181101 -0.000475991 -0.000441504   0.0286441   0.0787939 -0.00166374 0.323507        0        0
               107.9  -2.0193 -11.5168 -70.9299 -7.61889 -6.14388 0.782689   0.551811   0.508115 -0.0301565    0.0018186 -0.000476022 -0.000445018   0.0288637   0.0787297 -0.00152071 0.316725        0        0
               107.9 -2.07508 -11.5228 -70.8998 -7.62173 -6.15269 0.789815  0.537887  0.417226 0.0250281   0.00183034 -0.000482414  -0.00045373   0.027673  0.0792766 -0.0020033 0.316753        0        0
                 108 -2.26208 -11.3487 -71.1943 -7.56426 -6.10323  0.79066 0.579784 0.460181 -0.02662   0.00184547 -0.000491996 -0.000458602   0.0280661   0.0790522 -0.00213273 0.312121        0        0
                 108 -2.17803 -11.3398 -71.1671 -7.56768 -6.10679 0.787066    0.55281   0.429167 -0.0500985   0.00181441 -0.000495421 -0.000466432   0.0278558    0.079478 -0.00176047 0.312104        0        0
               108.1 -2.01372 -10.9588 -70.3236 -7.51472 -6.06751 0.779225    0.59915   0.451482 -0.0913244   0.00181399 -0.000494229 -0.000464007   0.0275751   0.0798568 -0.00166591 0.322802        0        0
               108.1 -2.02774 -10.9786 -70.2155 -7.52097 -6.06724 0.778359  0.548454  0.458392 -0.099317     0.001808 -0.000484924 -0.000496488   0.0278507   0.0804496 -0.00159793 0.322784        0        0
               108.2 -2.66148 -10.1751 -68.2714 -7.46792 -6.03057 0.774228   0.580598   0.375365 -0.0309468   0.00179479 -0.000486871 -0.000492634   0.0274585   0.0808234 -0.00172682 0.318367        0        0
               108.2 -2.78505 -10.1123 -68.1675 -7.46544 -6.01728 0.775682   0.593829   0.505542 -0.0295991   0.00182981 -0.000493536 -0.000528638   0.0289555   0.0802048 -0.00208096 0.318389        0        0
               108.3 -1.99209 -8.17656 -67.5086 -7.40399 -5.96109 0.771788   0.594708   0.556953 0.00772676   0.00183066 -0.000482013 -0.000532038   0.0291901   0.0800217 -0.00195455 0.309056        0        0
               108.3 -1.88621 -8.15541 -67.5867 -7.39779 -5.95614 0.773801  0.641061  0.600685 0.0202981   0.00180475 -0.000486383 -0.000509478   0.0294925   0.0792892 -0.00221028 0.309082        0        0
               108.4 -1.01807 -7.29013 -65.9943  -7.3291 -5.89175 0.781086  0.657741   0.58826 0.0633094    0.0017865 -0.000476609  -0.00051209   0.0297275   0.0789308 -0.00242356 0.30782       0       0
               108.4 -1.09213 -7.35185 -65.9561  -7.3314 -5.90265 0.777894  0.646862  0.483466 0.0467617   0.00180528 -0.000466562  -0.00052397   0.0285771    0.079511 -0.00200791 0.307842        0        0
               108.5 -1.01342 -6.86742 -65.5132 -7.26152   -5.846 0.783314  0.657027  0.547995 0.0405352   0.00178841 -0.000454869 -0.000528194  0.0288972  0.0790875 -0.0021148 0.323604        0        0
               108.5 -1.02764 -6.85081 -65.6223 -7.27157 -5.86286 0.783808 0.591716 0.388294 0.051545   0.00178296 -0.000481597 -0.000492479  0.0273381  0.0805941 -0.0020134 0.323567        0        0
               108.6 -1.11388 -8.22325 -65.0808 -7.21424 -5.82568 0.787618   0.60317   0.38957 0.0175011   0.00176252 -0.000474449 -0.000491652   0.0271828   0.0807957 -0.00201519 0.328101        0        0
               108.6 -1.25342 -8.33844 -65.0578 -7.22243 -5.82539 0.783127   0.537487   0.402999 -0.0164329   0.00179556 -0.000431709 -0.000496426   0.0276832   0.0814869 -0.00162953 0.328098        0        0
               108.7 -0.588901  -8.38142  -65.7939 -7.16602 -5.78327 0.781764   0.545611   0.401279 -0.0145861   0.00178706 -0.000426225 -0.000497728   0.0277826   0.0813007 -0.00167423 0.322747        0        0
               108.7 -0.628101  -8.28782  -65.8772 -7.16971 -5.77793 0.775958   0.511014   0.460911 -0.0603481   0.00180168 -0.000444961 -0.000471789   0.0287084   0.0814005 -0.00121978 0.322763        0        0
               108.8 0.225881 -7.28571 -65.6235 -7.12164 -5.73562 0.768966   0.490476   0.440928 -0.0530636   0.00180069 -0.000441899 -0.000471938   0.0285957   0.0816044 -0.00113367 0.329722        0        0
               108.8 0.274916 -7.17651 -65.5381 -7.11956 -5.73146 0.773461   0.504831   0.476906 -0.0231769   0.00178628 -0.000471699 -0.000498867   0.0288937   0.0812708 -0.00156639 0.329742        0        0
               108.9  1.11275 -6.50975 -65.3872 -7.06894 -5.68191 0.774618    0.461791    0.497243 -0.00865315   0.00177039 -0.000472877 -0.000497556   0.0288757   0.0811151 -0.00174247 0.333841        0        0
               108.9  1.10515 -6.54696 -65.4062 -7.06511 -5.68141 0.778898  0.491858  0.496318 0.0223331   0.00177805 -0.000462842 -0.000492945   0.0286654   0.0807754 -0.00211419 0.33384       0       0
                 109 0.493392 -5.62096 -64.9166 -7.01535 -5.62358 0.783227  0.433025  0.557574 0.0491935   0.00177707 -0.000457857 -0.000497296    0.028941   0.0804303 -0.00220784 0.333408        0        0
                 109 0.332549 -5.59395 -64.8873 -7.01737   -5.627 0.783355  0.422053  0.525853 0.0515457   0.00182155 -0.000470699  -0.00050624    0.028631   0.0807255 -0.00220677 0.33342       0       0
               109.1 -0.778742   -6.3403  -63.9554 -6.97062 -5.56086 0.789275 0.415645 0.627802 0.050531   0.00182405 -0.000460175 -0.000513473   0.0291576   0.0801742 -0.00225472 0.343027        0        0
               109.1 -0.838636  -6.42132   -63.947 -6.97222 -5.56357 0.787869   0.40558  0.603904 0.0416657   0.00183775 -0.000439519 -0.000515469   0.0289443   0.0804099 -0.00212447 0.343043        0        0
               109.2 -0.411957  -7.20956  -62.9193 -6.93256 -5.50271 0.793614  0.377386  0.648429 0.0154209   0.00180427 -0.000434117 -0.000512626   0.0287554    0.080414 -0.00230144 0.340184        0        0
               109.2 -0.384172  -7.20767  -62.9237 -6.93875 -5.51096 0.787973   0.334356   0.575485 -0.0220008   0.00178033 -0.000445406 -0.000511378   0.0282075   0.0812541 -0.00176918 0.340169        0        0
               109.3 -0.284124  -7.70769  -61.4695 -6.90196  -5.4512 0.788983    0.358015    0.580861 -0.00146943   0.00174667 -0.000433011 -0.000509731   0.0281622   0.0810846 -0.00194533 0.353088        0        0
               109.3 -0.32891 -7.63509 -61.4755 -6.91093 -5.45911 0.784242   0.292914    0.51317 -0.0335021   0.00174114 -0.000462824 -0.000508093   0.0278057   0.0821587 -0.00148895 0.353063        0        0
               109.4  0.22375  -7.0272 -60.4664 -6.87427 -5.40282 0.784161   0.346903   0.523144 -0.0185814   0.00173323 -0.000453904 -0.000509131   0.0279875   0.0817357 -0.00167333 0.366203        0        0
               109.4 0.114251 -6.97374 -60.4878 -6.88475 -5.40613 0.781608  0.265714  0.501641 -0.038357   0.00174659 -0.000466667 -0.000500129   0.0282275   0.0827346 -0.00145234 0.366188        0        0
               109.5 0.741162 -6.94233  -60.553 -6.85619 -5.35698 0.781185    0.314749    0.477797 -0.00431437   0.00174294 -0.000473602 -0.000498215  0.0281817   0.082745 -0.0015949 0.378734        0        0
               109.5 0.786585 -7.02309 -60.6332 -6.85728 -5.35656 0.776762   0.303759   0.485983 -0.0356724   0.00173056 -0.000445784  -0.00047339   0.0283731   0.0828092 -0.00122313 0.378729        0        0
               109.6 -0.236408  -6.97041  -60.8396 -6.82214 -5.30905 0.772943   0.392583   0.446143 -0.0180609   0.00173897 -0.000439232 -0.000476023    0.028487   0.0827311 -0.00111423 0.402965        0        0
               109.6 -0.149588  -6.90596  -60.8759 -6.82043 -5.30924 0.784092  0.409873   0.43507 0.0612872   0.00171636 -0.000462361 -0.000465224   0.0281558   0.0825945 -0.00207103 0.402983        0        0
               109.7 -1.19296 -7.92152 -61.8504 -6.77467 -5.26269  0.78915  0.479948  0.492746 0.0247593   0.00169702 -0.000445358 -0.000467306   0.0281451   0.0825091 -0.00208935 0.406164        0        0
               109.7 -1.45419 -7.98621 -61.8506 -6.76416 -5.24812 0.785685    0.550647     0.62763 -0.00551386   0.00181249 -0.000404526 -0.000476471   0.0291849   0.0810403 -0.00184187 0.406236        0        0
               109.8 -0.713602  -9.74636  -63.4422 -6.70189  -5.1732 0.789503     0.612514     0.692316 -0.000510363   0.00176225 -0.000382952  -0.00048502   0.0295565   0.0805604 -0.00215747 0.384787        0        0
               109.8 -0.760968   -9.6779  -63.5217 -6.70219  -5.1764 0.790392   0.613644   0.660517 0.00751327   0.00177527 -0.000411473 -0.000460563   0.0292112   0.0807236 -0.00220459 0.384789        0        0
               109.9 0.256614 -9.39388 -64.3129 -6.63399 -5.09278 0.780219   0.643497   0.724027 -0.0190074   0.00184674 -0.000380741 -0.000483743   0.0301662   0.0799936 -0.00171966 0.391447        0        0
               109.9 0.443758 -9.16592 -64.3413  -6.6412 -5.11252 0.785925  0.606526  0.533534 0.0317501   0.00175529 -0.000490601 -0.000472357   0.0282824   0.0813339 -0.00199408 0.391521        0        0
                 110 0.870964 -8.65333 -64.3051 -6.58138  -5.0569 0.796148  0.548239  0.532161 0.0688591   0.00176628 -0.000499886 -0.000473562  0.0283447  0.0811675 -0.0022894 0.395045        0        0
                 110 0.983297 -8.66463 -64.2724 -6.58559 -5.06807  0.80048  0.52446 0.421618 0.104921   0.00171114 -0.000521331 -0.000482243   0.0272142   0.0819469 -0.00254103 0.395011        0        0
               110.1  1.18749 -7.43214  -64.211 -6.52642 -5.00748 0.806008  0.469495  0.521784 0.0695274   0.00174436 -0.000501534 -0.000492992   0.0279161   0.0810388 -0.00245917 0.401963        0        0
               110.1  1.09678 -7.34005 -64.2269  -6.5421 -5.01771 0.801529  0.350645  0.435242 0.0392637   0.00174167 -0.000536513 -0.000480937   0.0276197    0.082766 -0.00206856 0.401915        0        0
               110.2 0.611257 -7.59665 -63.8534  -6.5093 -4.96798 0.805487  0.322553  0.484836 0.0238031   0.00174431 -0.000548186 -0.000483447   0.0278979   0.0826631 -0.00213718 0.414317        0        0
               110.2 0.556253 -7.74735 -63.8279 -6.52075 -4.97241 0.801583    0.234021    0.453085 -0.00497597   0.00175394 -0.000499754 -0.000490339   0.0280231   0.0838478 -0.00181414 0.414303        0        0
               110.3 0.262826 -7.74069 -62.8376 -6.49755 -4.92718 0.807844  0.186598  0.450797 0.0189911    0.0017154 -0.000502109 -0.000485978   0.0278622   0.0837674 -0.00220268 0.402677        0        0
               110.3 0.151446 -7.71618 -62.7676 -6.49899 -4.92141 0.801387   0.168437   0.513496 -0.0298625    0.0017472 -0.000512356 -0.000508849   0.0287736   0.0836631 -0.00167774 0.402674        0        0
               110.4 0.0568053  -7.51378  -61.9949 -6.48265 -4.86347 0.799422   0.100936   0.555666 -0.0279488   0.00173445 -0.000507787 -0.000510548   0.0289503   0.0832676 -0.00179802 0.409033        0        0
               110.4 -0.0219758     -7.539   -62.0079 -6.47546 -4.85761 0.790324   0.150371   0.614052 -0.0924982   0.00175635 -0.000499633 -0.000505886    0.0294588    0.0823815 -0.000999519 0.409025        0        0
               110.5 -0.902167  -6.01304  -61.9231  -6.4537  -4.7972 0.790012  0.218671  0.580177 0.0289535   0.00173181 -0.000490658 -0.000506406 0.0295226 0.0821357 -0.001132 0.424018        0        0
               110.5 -0.986399   -5.8575  -61.9775 -6.45251 -4.80107  0.79722  0.235595  0.535602 0.0820464   0.00176182 -0.000538729 -0.000489372   0.028851  0.0822092 -0.0017494 0.423986        0        0
             110.601 -0.765509  -6.18454  -62.0654 -6.42048 -4.73691 0.807649  0.278208  0.603433 0.0810481   0.00173347 -0.000524176 -0.000490186   0.0289805   0.0815901 -0.00190889 0.394386        0        0
             110.601 -0.872925  -6.36099  -62.0352 -6.42177 -4.73942 0.798134  0.266304  0.586657 0.0157464   0.00176813 -0.000466723 -0.000498346   0.0289392    0.081825 -0.00103644 0.394373        0        0
               110.7 -0.792203  -6.43742  -62.2394 -6.39421  -4.6981 0.800982 0.348838 0.422868 0.046628   0.00177598 -0.000449902 -0.000491374    0.0283806    0.0822845 -0.000984708 0.400872        0        0
               110.7 -0.647496  -6.32276  -62.2759 -6.39864 -4.69917 0.811712 0.317131 0.409397 0.120845   0.00173141 -0.000486761 -0.000479853   0.0283164   0.0827222 -0.00195578 0.400861        0        0
               110.8 -2.33941 -7.15329 -62.9028 -6.37228 -4.67027 0.820697  0.322468  0.381884 0.0686096   0.00174936 -0.000478474 -0.000474983   0.0277653   0.0834313 -0.00183068 0.393621        0        0
               110.8 -2.46806 -7.18591 -62.8913 -6.37062 -4.65698 0.818978   0.32322  0.512163 0.0493946   0.00179373 -0.000459703 -0.000480379   0.029257  0.0826969 -0.0017569 0.39367       0       0
               110.9 -2.96572 -8.74598 -62.9275 -6.33062 -4.60393  0.82362   0.422951   0.536779 0.00438637   0.00178116 -0.000446965 -0.000478684   0.0291175   0.0824859 -0.00188611 0.401269        0        0
               110.9 -2.98342 -8.76384 -62.8724 -6.33004 -4.59736 0.820375    0.42113   0.603741 -0.0219478   0.00178643  -0.00043738 -0.000497086   0.0299279   0.0821302 -0.00165744 0.401307        0        0
                 111 -2.32984 -9.54869 -63.4094 -6.28106    -4.54 0.819942   0.515335    0.57426 -0.0641645   0.00175924 -0.000430896 -0.000491835   0.0296697    0.082051 -0.00192157 0.40557       0       0
                 111 -2.34905 -9.45616 -63.4666 -6.28402 -4.54356 0.815807    0.49377   0.544145 -0.0922431   0.00176681 -0.000462135 -0.000475074  0.0295043  0.0824487 -0.0015052 0.405579        0        0
               111.1 -0.91637 -8.87459  -64.949 -6.22521 -4.48356 0.806093  0.571257  0.545763 -0.098028   0.00175026 -0.000450908 -0.000476848    0.029703   0.0819736 -0.00160682 0.411935        0        0
               111.1 -0.814492  -8.70264  -65.0426 -6.22594 -4.48883 0.807259   0.570665   0.492932 -0.0871073   0.00172051  -0.00050741 -0.000448811   0.0290968   0.0822577 -0.00163298 0.411926        0        0
               111.2  1.32727 -7.08161 -65.9602 -6.16405 -4.43262 0.803375    0.56781   0.508567 -0.0427866   0.00170247 -0.000507305 -0.000451307   0.0294335   0.0817873 -0.00185728 0.413776        0        0
               111.2  1.20847 -7.02649 -65.9195 -6.16924 -4.44134 0.802954   0.534861    0.42673 -0.0425807   0.00173869 -0.000524935  -0.00046507    0.028669   0.0825976 -0.00171504 0.413797        0        0
               111.3  1.57325 -5.65426 -66.2297  -6.1208 -4.40047 0.799806    0.45422    0.44028 -0.0385252   0.00172171  -0.00051462 -0.000463823   0.0285051   0.0827259 -0.00177993 0.412172        0        0
               111.3  1.32647 -5.64862 -66.1586 -6.12842 -4.40267 0.798135   0.396444   0.425923 -0.0512669   0.00179987 -0.000516535 -0.000486793   0.0286517   0.0835362 -0.00162984 0.412169        0        0
               111.4 0.947265 -4.21674 -66.1825 -6.09227 -4.35576 0.793752   0.327131   0.457891 0.00193371   0.00181662 -0.000524225 -0.000488735   0.0288908   0.0834715 -0.00152419 0.404689        0        0
               111.4 0.987669 -4.24773 -66.1488 -6.09683 -4.35687 0.800769  0.293634   0.44581 0.0507419   0.00179923 -0.000515936 -0.000498705  0.0288368  0.0839153 -0.0021892 0.404695        0        0
               111.5 0.794135 -4.70905 -65.3818 -6.06589 -4.30282  0.80489  0.286934  0.521146 0.0517503   0.00180843 -0.000505145 -0.000503657   0.0292302   0.0835724 -0.00211202 0.393819        0        0
               111.5 0.786725  -4.8166 -65.3264 -6.07015 -4.30957 0.803551  0.257245  0.457522 0.0440385   0.00179948 -0.000480594 -0.000520801   0.0286383   0.0842196 -0.00198666 0.393837        0        0
               111.6 0.716285 -5.05095  -64.287 -6.04498 -4.26035 0.799952   0.231218     0.4873 -0.0187276   0.00181844 -0.000468005 -0.000524238   0.0288485   0.0841501 -0.00165467 0.403164        0        0
               111.6 0.818847 -5.02168 -64.2939 -6.04347 -4.26153 0.803321   0.245024   0.472323 0.00629327   0.00178799 -0.000480392 -0.000521925   0.0285917   0.0840495 -0.00195485 0.403172        0        0
               111.7 0.968333 -5.11278 -62.4701 -6.01221 -4.20479 0.805443   0.269045   0.504072 0.00753138   0.00177483 -0.000469585   -0.0005257   0.0289331   0.0834784 -0.00205546 0.403388        0        0
               111.7 0.932571 -5.10376 -62.4209 -6.01568 -4.20728 0.800845   0.241634   0.484555 -0.0247784   0.00178002 -0.000473765 -0.000541164   0.0288786   0.0839013 -0.00164274 0.403376        0        0
               111.8  2.25696 -4.04007 -60.9403 -6.00008 -4.17478 0.799672   0.247791    0.39335 -0.0336677   0.00175646  -0.00047939 -0.000536078    0.028314   0.0847402 -0.00173108 0.438122        0        0
               111.8  2.30502 -3.98556 -60.9502 -5.99892 -4.16702 0.797996   0.249254   0.469981 -0.0492625   0.00174182 -0.000493108 -0.000531671   0.0291973   0.0842966 -0.00159173 0.438126        0        0
               111.9  3.74745 -3.33695 -59.7734 -5.97381 -4.12089 0.792105 0.310469 0.483609 -0.04768   0.00174322 -0.000494961  -0.00053116   0.0291148   0.0845522 -0.00155096 0.442641        0        0
               111.9  3.81007 -3.36232 -59.8107 -5.96745 -4.11509 0.795235   0.356732   0.532123 -0.0265284   0.00172456 -0.000485627 -0.000520038   0.0293815   0.0837079 -0.00181893 0.442649        0        0
                 112  3.17862 -3.07849  -59.407 -5.93105 -4.07398 0.799014  0.439732  0.434094 0.0609643   0.00169577 -0.000481422 -0.000514393   0.0289243   0.0841371 -0.00195358 0.44188       0       0
                 112  2.93277 -3.10707 -59.4387 -5.92772 -4.06864 0.800941  0.463409  0.483275 0.0735015   0.00177803 -0.000464584 -0.000507184  0.0292991   0.083592 -0.0021044 0.441879        0        0
               112.1 0.957209 -3.74516  -59.524 -5.87758 -4.02861 0.809953   0.54299  0.473123 0.0667851   0.00177651 -0.000472827 -0.000494473   0.0287869   0.0838487 -0.00220055 0.455433        0        0
               112.1 0.968189 -3.80588 -59.5234 -5.87698 -4.02446  0.80653  0.542063  0.514982 0.0406574   0.00177766 -0.000445982 -0.000497953   0.0292445   0.0836241 -0.00187222 0.455445        0        0
               112.2 0.0154681  -5.16976  -59.9087 -5.82104 -3.97147 0.813481  0.609131  0.550387 0.0251266   0.00175755 -0.000461552 -0.000494441    0.029219   0.0837496 -0.00213409 0.459545        0        0
               112.2 -0.130753  -5.29461  -59.9078 -5.81617 -3.96325 0.806133   0.637052   0.629303 -0.0298552   0.00181754 -0.000413022 -0.000497816   0.0299167   0.0830166 -0.00144988 0.459553        0        0
               112.3 0.287172 -6.93458 -60.7361 -5.75295 -3.90461 0.802483   0.676681   0.603761 -0.0411496   0.00180568 -0.000421751 -0.000494378   0.0297694   0.0832895 -0.00146711 0.438404        0        0
               112.3 0.435288 -6.92657 -60.7733 -5.75138 -3.90323 0.799356   0.685946   0.616757 -0.0638331    0.0017655   -0.0004225 -0.000483744   0.0298718   0.0831053 -0.00118904 0.438408        0        0
               112.4  1.59451 -6.59029 -61.0075 -5.68367 -3.84905  0.79576   0.706415   0.573286 -0.0256826   0.00174836 -0.000423486 -0.000479004    0.029627   0.0833886 -0.00123635 0.44813       0       0
               112.4  1.54151 -6.39933 -60.9796 -5.68113 -3.84934 0.798857    0.729561     0.56522 -0.00236709   0.00176696 -0.000486589 -0.000487041   0.0293948   0.0831893 -0.00150317 0.448128        0        0
               112.5  1.46486 -6.98937 -60.1608 -5.62043  -3.8083 0.802465  0.612991  0.499824 0.0305159   0.00176876 -0.000508174 -0.000472912   0.0287584   0.0840076 -0.00156574 0.449781        0        0
               112.5  1.43103 -7.12961 -60.0169 -5.62356 -3.80671 0.803439  0.586179  0.518682 0.0352501   0.00176978 -0.000458998 -0.000516326   0.0290907   0.0841879 -0.00166886 0.449784        0        0
               112.6  1.79125 -6.32772 -59.7546 -5.56855 -3.75186 0.805132   0.49551  0.549992 0.0126977   0.00176466 -0.000460374 -0.000516851   0.0291751     0.08404 -0.00163684 0.441721        0        0
               112.6  1.82204 -6.23736 -59.8343  -5.5718 -3.75466  0.80779  0.473023  0.523813 0.0318345   0.00174991 -0.000490575 -0.000491742   0.0290105   0.0844201 -0.00186803 0.441721        0        0
               112.7  1.10277 -6.39672 -59.7418 -5.52552 -3.69723 0.804833   0.433731   0.587136 -0.0317627    0.0017728 -0.000482664 -0.000494536  0.0291556  0.0843105 -0.0016805 0.443724        0        0
               112.7  1.00802 -6.43531 -59.7463 -5.52576 -3.69345 0.804178   0.427871    0.62509 -0.0384729   0.00180494 -0.000461529 -0.000493313   0.0295917   0.0841578 -0.00164157 0.443716        0        0
               112.8 0.548775 -6.39653 -59.6405 -5.47937 -3.61551 0.798401   0.426415   0.752492 -0.0594273   0.00180849 -0.000445205 -0.000503696   0.0300982   0.0836111 -0.00161146 0.461637        0        0
               112.8 0.546295 -6.38313 -59.6627 -5.48445 -3.62493 0.803041   0.397602   0.663626 -0.0239792   0.00179172 -0.000466712 -0.000495608   0.0293004   0.0844254 -0.00198416 0.461614        0        0
               112.9 -0.500806  -6.41569  -60.0255 -5.43825 -3.55295 0.801795   0.464835   0.652497 -0.0188348   0.00178863 -0.000465787 -0.000499463   0.0295169    0.084055 -0.00211377 0.467297        0        0
               112.9 -0.515585  -6.40244  -60.0814 -5.43991 -3.55996 0.800483   0.458446   0.586873 -0.0255817    0.0017848 -0.000483576 -0.000480944  0.0288836  0.0845126 -0.0019671 0.467305        0        0
                 113 -0.231262   -4.1617  -60.9847  -5.3848 -3.49235 0.803773   0.51502  0.616269 0.0452215   0.00180415 -0.000484968 -0.000484779   0.0291416   0.0839319 -0.00215662 0.473758        0        0
                 113 -0.12744 -4.03593  -60.983 -5.39518 -3.50324 0.800306 0.439019 0.523426 0.021322   0.00174736 -0.000533138 -0.000479368   0.0286548    0.085273 -0.00180631 0.473776        0        0
               113.1 -0.0522798   -4.47175    -61.255 -5.34013 -3.43595 0.812771  0.52353 0.541388 0.137042   0.00169056 -0.000516974 -0.000498452   0.0293041   0.0843705 -0.00212585 0.473142        0        0
               113.1 -0.37838 -4.60442 -61.2488 -5.34696 -3.44354  0.80696 0.475207 0.479146 0.097088   0.00179369 -0.000472524 -0.000497859   0.0289229    0.085322 -0.00156823 0.473162        0        0
               113.2 -0.917137  -4.81348  -61.0973  -5.2882  -3.3802 0.816781  0.569865  0.501777 0.0760988   0.00178601 -0.000471371 -0.000515319   0.0298285   0.0844378 -0.00160271 0.476532        0        0
               113.2 -0.872401  -4.75348  -61.1488 -5.29613 -3.39752 0.819148  0.525402  0.337177 0.0975688   0.00177842 -0.000483219  -0.00049805   0.0282145   0.0859255 -0.00177323 0.476553        0        0
               113.3 -1.75375 -5.87631 -61.6473 -5.23588 -3.35642 0.825145  0.589388  0.364889 0.0185835   0.00175293 -0.000465211 -0.000506119   0.0285089   0.0854111 -0.00179931 0.468695        0        0
               113.3 -1.89017 -5.89439 -61.6982 -5.23598 -3.35419 0.822149    0.585544    0.388945 -0.00403987    0.0017982 -0.000461574 -0.000489334 0.0288271   0.08532 -0.001525 0.468701        0        0
               113.4 -0.944946  -7.01548  -62.2814 -5.16951 -3.31127 0.818397   0.675951   0.380777 -0.0242607   0.00176598 -0.000442716 -0.000492839  0.0289824  0.0849642 -0.0014813 0.465462        0        0
               113.4 -0.899992  -6.91089  -62.3228 -5.17482 -3.31277 0.819092  0.635141   0.37106 -0.020632   0.00175423 -0.000473281  -0.00048229    0.029119   0.0854867 -0.00152987 0.46546       0       0
               113.5  1.13566 -6.14495 -61.4363 -5.10291 -3.26732 0.822588   0.68505  0.397309 0.0576228    0.0017353 -0.000469272 -0.000488393   0.0295302   0.0849455 -0.00165338 0.464333        0        0
               113.5  1.15684 -5.98707 -61.3766 -5.10448 -3.26954 0.824075  0.675567  0.375401 0.0688758   0.00172409 -0.000523156 -0.000506861   0.0293555   0.0851677 -0.00176848 0.464333        0        0
               113.6  1.52227 -6.84354 -58.5616 -5.04538 -3.23551 0.831171  0.601201  0.423982 0.0370672    0.0016867 -0.000520951 -0.000503951   0.0290871   0.0856247 -0.00182972 0.468517        0        0
               113.6  1.33325 -7.00444 -58.3975 -5.04469 -3.23361 0.827143   0.602946   0.445387 0.00761353   0.00174242 -0.000467887 -0.000558656  0.0293513  0.0854975 -0.0014755 0.468521        0        0
               113.7  2.06331 -6.02613 -55.6353 -4.99153 -3.19209 0.819914  0.538369  0.479623 -0.054095   0.00178521 -0.000454764 -0.000559837  0.0292175  0.0858961 -0.0011347 0.481375        0        0
               113.7  2.24206 -5.91941 -55.6525  -4.9879 -3.18444  0.82517   0.560037   0.544568 -0.0195693   0.00173087 -0.000485907 -0.000552141   0.0297748   0.0852023 -0.00164162 0.481399        0        0
               113.8  1.61162 -5.04203 -52.2054  -4.9334 -3.11411 0.821973   0.482075   0.645859 -0.0416296   0.00175076 -0.000505964 -0.000561901  0.0304623  0.0846966 -0.0016998 0.498565        0        0
               113.8  1.63787 -5.15412 -52.2289 -4.93072 -3.11957 0.827315   0.51245  0.587451 0.0010717   0.00174498 -0.000473016 -0.000555912   0.0295623   0.0847765 -0.00217409 0.498579        0        0
               113.9  1.17171  -5.4638 -49.4438 -4.87757 -3.05444 0.822685   0.448127   0.606672 -0.0167172   0.00179868 -0.000470975 -0.000558522   0.0297576   0.0842927 -0.00189018 0.507191        0        0
               113.9  1.46212 -5.61684 -49.5192 -4.88414 -3.06714 0.823217    0.409699    0.493909 -0.00915818    0.0017071 -0.000428931  -0.00053579   0.0288723   0.0855418 -0.00196218 0.507204        0        0
                 114   2.2515  -5.1352 -47.7569 -4.83963 -3.01239 0.822538    0.343332    0.430041 -0.00968121   0.00170927 -0.000429568 -0.000538471   0.0290617   0.0848699 -0.00199487 0.532081        0        0
                 114  2.40001 -5.08423 -47.8596 -4.85252 -3.02075 0.823071    0.245892    0.368188 -0.00889489   0.00166307 -0.000449642 -0.000504875   0.0292576   0.0863159 -0.00208122 0.531956        0        0
               114.1  2.68932 -3.04793 -48.8107 -4.82551 -2.98175 0.819819    0.184652    0.305801 -0.00520975   0.00170501 -0.000454083 -0.000506789   0.0293492   0.0857434 -0.00194791 0.547663        0        0
               114.1  2.70669 -2.97961 -49.0087  -4.8365 -2.98603 0.821048     0.097492     0.280766 -0.000460151   0.00170203 -0.000473602 -0.000440377   0.0298607   0.0867715 -0.00210206 0.547687        0        0
               114.2  2.23686 -2.71439 -50.9813 -4.81477 -2.94079 0.830796  0.135747  0.344987 0.0949984   0.00165568 -0.000482348 -0.000448628  0.0301031  0.0855089 -0.0024289 0.533878        0        0
               114.2  2.01853 -2.86609 -51.0636 -4.82036 -2.95026 0.823843 0.0993362   0.27183 0.0482456   0.00172333  -0.00043445 -0.000423076   0.0297504   0.0865347 -0.00185009 0.533819        0        0
               114.3  2.01861 -3.73332 -52.6488 -4.80884 -2.93013 0.828512  0.149094  0.206147 0.0919761   0.00176068 -0.000428164 -0.000416084   0.0295842   0.0867892 -0.00165399 0.529723        0        0
               114.3  2.15793 -3.75274 -52.5734 -4.80648 -2.92766 0.829379  0.165132  0.224736 0.0979125   0.00171801  -0.00042255 -0.000440573   0.0296234   0.0864649 -0.00171647 0.529732        0        0
               114.4  1.88266 -4.74388 -53.7549 -4.78101 -2.89643 0.842354 0.238149 0.300091 0.112305   0.00170673 -0.000429847 -0.000441034   0.0296845   0.0859064 -0.00182845 0.516805        0        0
               114.4  1.70746 -4.76971 -53.7164 -4.77664  -2.8899 0.838193  0.264829  0.358053 0.0812423    0.0017699 -0.000419606 -0.000453403   0.0300573   0.0852351 -0.00141588 0.516792        0        0
               114.5  1.32538 -7.27054 -54.4498 -4.73345 -2.83705 0.848213   0.40437  0.462132 0.0868456   0.00178183 -0.000423415 -0.000458226   0.0302765   0.0842236 -0.00150247 0.515105        0        0
               114.5  1.31243 -7.35638 -54.4701 -4.73256 -2.83818 0.848259  0.413092  0.450558 0.0882072   0.00178655 -0.000398029 -0.000451923   0.0300849   0.0842228 -0.00150461 0.515106        0        0
               114.6  1.31964 -9.07332 -55.0797 -4.69643 -2.81045 0.854276  0.467511  0.366265 0.0858764   0.00179545 -0.000397308 -0.000441378   0.0295956   0.0852114 -0.00133637 0.521544        0        0
               114.6  1.42232 -8.96657 -55.0414 -4.69801 -2.80807 0.856982 0.452533 0.388443 0.103283   0.00176093 -0.000428122 -0.000453623  0.0299197  0.0851829 -0.0016018 0.521539        0        0
               114.7  1.78269 -9.09489 -54.5408  -4.6538 -2.77777 0.864429 0.471558 0.337453 0.099439   0.00176511 -0.000421285 -0.000449258   0.0296646   0.0855898 -0.00143586 0.544196        0        0
               114.7  1.75803 -8.95599 -54.4549 -4.64782 -2.77007 0.867105 0.512657 0.400797 0.116898   0.00177616 -0.000463544 -0.000475695   0.0300008   0.0847008 -0.00169702 0.544188        0        0
               114.8  1.95778  -10.283 -53.6219 -4.59846 -2.72933 0.879647 0.458426 0.427288 0.121677    0.0017915 -0.000466043 -0.000475559   0.0299733   0.0846955 -0.00168952 0.547193        0        0
               114.8  2.09158 -10.4096 -53.6409 -4.59817 -2.72928  0.88215 0.460863 0.425922 0.139301   0.00174955 -0.000426274 -0.000471686   0.0298903     0.08466 -0.00191284 0.547193        0        0
               114.9  1.58171 -11.6978 -51.3193 -4.56002 -2.69074 0.893061  0.384836  0.435374 0.0866651    0.0017494 -0.000431081 -0.000467577   0.0297334   0.0850864 -0.00187105 0.548892        0        0
               114.9  1.60537 -11.6819 -51.2686 -4.56131 -2.69224 0.889778  0.374432  0.424706 0.0635859   0.00173529 -0.000437143  -0.00048287  0.0297566  0.0852806 -0.0015768 0.548901        0        0
                 115 0.396204 -11.9455 -47.7928 -4.52545 -2.64757 0.894295  0.330298   0.43685 0.0180383   0.00175994 -0.000450583 -0.000483083   0.0298198   0.0851995 -0.00162698 0.564627        0        0
                 115 0.327114 -11.9792 -47.6811 -4.52939 -2.64732  0.89475  0.297491  0.444201 0.0189614   0.00176871 -0.000436139 -0.000517047   0.0301315   0.0854638 -0.00171838 0.564611        0        0
               115.1 -0.540597  -12.0406  -43.5519 -4.50539 -2.60471 0.888543 0.228838 0.412986 -0.04155   0.00178529 -0.000429808  -0.00052877  0.0303082  0.0856279 -0.0014168 0.575619        0        0
               115.1 -0.380404  -12.0698    -43.56 -4.50814 -2.60919 0.893344    0.214255    0.372463 -0.00739571   0.00173104 -0.000427662 -0.000525431   0.0299606   0.0860894 -0.00179617 0.575624        0        0
               115.2 -0.889838  -11.7502  -39.2578 -4.48864 -2.57548 0.893826  0.150752  0.354823 -0.019225   0.00171501 -0.000426842 -0.000514374   0.0297432     0.08613 -0.00187395 0.595291        0        0
               115.2 -0.814329  -11.7837  -39.2119 -4.49148 -2.57783 0.894976   0.129775    0.33667 -0.0118073   0.00168315 -0.000418254 -0.000526962   0.0297499   0.0864652 -0.00197338 0.595303        0        0
               115.3 -0.917229  -11.5842  -34.6002  -4.4791 -2.54291 0.897669   0.0936612       0.314 -0.00376309    0.0016935 -0.000427102 -0.000515172   0.0296867    0.086305 -0.00219772 0.621025        0        0
               115.3 -1.10281  -11.638 -34.5309 -4.48624 -2.55004 0.896127  0.0401384   0.264293 -0.0158671   0.00173254 -0.000410785 -0.000533145   0.0298374   0.0872128 -0.00206093 0.621036        0        0
               115.4 -0.32393  -10.819 -31.5711 -4.48235 -2.52227 0.892805 -0.00865958    0.248887  -0.0612436   0.00171476 -0.000416279 -0.000535785   0.0298508   0.0869916 -0.00208182 0.62294       0       0
               115.4 -0.224149  -10.8352  -31.6971 -4.48015 -2.51845 0.890604 0.00375253   0.277796 -0.0761099   0.00169648 -0.000409542 -0.000498666   0.0299633   0.0865865 -0.00191983 0.622929        0        0
               115.5 0.232911 -9.62548 -28.4191 -4.48644 -2.49202 0.886192 -0.0665364   0.276652 -0.0999797   0.00173727 -0.000421632 -0.000504699   0.0300187   0.0867647 -0.00221666 0.63553       0       0
               115.5 0.430909  -9.7134 -28.4206  -4.4828 -2.49204 0.880398 -0.0390021   0.273032  -0.138032   0.00167869 -0.000401299 -0.000504802   0.0297991   0.0866104 -0.00168265 0.635526        0        0
             115.601 -0.19846 -8.85573 -25.6715 -4.50113 -2.47902 0.871893 -0.078011  0.198488 -0.115589   0.00171853 -0.000412398 -0.000503419    0.030031   0.0876558 -0.00200491 0.652676        0        0
             115.601 -0.0543833   -8.97294   -25.7493 -4.49429   -2.472 0.866913 -0.0301377   0.245551  -0.147931   0.00169394 -0.000379823 -0.000483367   0.0298261   0.0868556 -0.00155733 0.652599        0        0
               115.7 -0.00464535    -6.75607    -24.8472 -4.49083 -2.44509 0.852852 0.0407899  0.226444  -0.12779   0.00172004 -0.000380673 -0.000482066  0.0297637  0.0865784 -0.0015491 0.661315        0        0
               115.7 0.145698 -6.70291  -24.951 -4.48507 -2.43843 0.854344 0.0861991  0.270089 -0.114851   0.00169635 -0.000401052 -0.000454833   0.0294445    0.085859 -0.00166157 0.661279        0        0
               115.8 0.481729 -5.25145 -25.2233 -4.48451 -2.42651 0.844536  0.0903934   0.167638 -0.0915343   0.00167062 -0.000399583 -0.000456542   0.0297061   0.0866493 -0.00170848 0.665124        0        0
               115.8 0.396963 -5.31376 -25.2933 -4.47723 -2.41653  0.84739   0.146612   0.236188 -0.0680948   0.00172297 -0.000385504 -0.000443381   0.0293254   0.0856323 -0.00194888 0.665206        0        0
               115.9 -0.710313  -4.30513  -26.7356 -4.47722 -2.41042 0.844831   0.112332    0.15467 -0.0330233    0.0017075  -0.00038274 -0.000425184   0.0298593   0.0866781 -0.00214286 0.6415      0      0
               115.9 -0.789901  -4.38502  -26.7572 -4.46488  -2.3957 0.841631   0.202841   0.251056 -0.0517087   0.00176689 -0.000371949 -0.000428367   0.0292606   0.0851899 -0.00184038 0.641599        0        0
                 116 -1.92343 -4.29064 -29.5808 -4.44227 -2.37388 0.840446   0.253302    0.23543 0.00986575   0.00179945 -0.000371633 -0.000438023   0.0291852    0.085357 -0.00189013 0.660352        0        0
                 116 -1.77728 -4.28864 -29.6891 -4.43984 -2.36714 0.840471 0.266325 0.282613  0.01022   0.00177358 -0.000370339 -0.000408829   0.0292477   0.0847534 -0.00189835 0.660361        0        0
               116.1 -2.28054 -4.93638 -34.1169 -4.41605 -2.34433 0.849389  0.272522  0.260379 0.0660733   0.00180891 -0.000383713 -0.000411106   0.0293144   0.0850871 -0.00222123 0.657949        0        0
               116.1 -2.14634 -4.96999  -34.232  -4.4139 -2.33836 0.840245    0.279481    0.305751 -0.00034716   0.00178738 -0.000371301  -0.00037879   0.0295072   0.0845353 -0.00143031 0.657956        0        0
               116.2 -1.92446 -5.32905  -39.638 -4.38212 -2.30407 0.845505  0.316703  0.331772 0.0483412   0.00180153 -0.000378498  -0.00038182   0.0294266   0.0843339 -0.00161852 0.659951        0        0
               116.2 -1.90124 -5.25301 -39.6934 -4.37166  -2.2947 0.838267   0.396059   0.395751 0.00037174    0.0018248 -0.000419357 -0.000368905   0.0290146   0.0831898 -0.00104589 0.659899        0        0
               116.3 -0.921689  -4.62321  -44.2809 -4.33058   -2.253 0.838447   0.377392   0.410016 0.00387668   0.00176486  -0.00042479 -0.000368314   0.0289571   0.0830382 -0.00101201 0.636648        0        0
               116.3 -1.18729 -4.58669 -44.2188 -4.33225  -2.2573 0.843887  0.372534  0.375857 0.0426697   0.00183044 -0.000440531 -0.000386646   0.0287499   0.0834274 -0.00144926 0.636651        0        0
               116.4 -1.19674 -5.57143 -47.7114 -4.29741 -2.21865 0.844382   0.344502   0.416978 -0.0253322   0.00183063 -0.000442968 -0.000389151   0.0287732   0.0835108 -0.00140755 0.595708        0        0
               116.4  -1.2385 -5.63359 -47.6173 -4.30037 -2.22051 0.847096    0.322858    0.404666 -0.00705044   0.00183658 -0.000419064 -0.000418563   0.0288529   0.0837996 -0.00162943 0.595712        0        0
               116.5 -1.11519 -4.93061  -49.188 -4.27527 -2.18326 0.844146   0.283047   0.409542 -0.0391412   0.00181179 -0.000423156 -0.000415117   0.0289575   0.0841901 -0.00163054 0.586753        0        0
               116.5 -1.10033 -4.77589 -49.0493 -4.28139 -2.19067 0.849034    0.243554    0.349826 -0.00589172   0.00179854 -0.000469368  -0.00046305    0.028743   0.0850821 -0.00202287 0.586708        0        0
               116.6 -1.73153 -4.12895 -49.7776 -4.25327 -2.14526 0.849385   0.24193  0.412766 0.0294996   0.00175398 -0.000458321 -0.000476074   0.0289768   0.0845551 -0.00199889 0.577211        0        0
               116.6 -1.97628 -4.06698 -49.7361 -4.26015 -2.15626 0.849344  0.199332  0.322613 0.0305156   0.00183238 -0.000476342 -0.000490752    0.028475   0.0857941 -0.00194455 0.577216        0        0
               116.7 -2.69903 -4.43657 -50.3488 -4.23898 -2.12162 0.854119  0.148686  0.356447 0.0495922   0.00179284 -0.000458766 -0.000487875 0.0283341 0.0855436 -0.002001 0.573356        0        0
               116.7  -2.8868  -4.4624 -50.3378 -4.24449 -2.12507 0.851536  0.105943  0.334574 0.0302967   0.00185394 -0.000449806 -0.000491079   0.0284957   0.0861662 -0.00173418 0.573379        0        0
               116.8 -2.67517 -5.71708 -50.6937 -4.23281 -2.08912 0.856103 0.0811719   0.33074 0.0607169   0.00181711 -0.000437796 -0.000490189   0.0284344   0.0859322 -0.00180004 0.574815        0        0
               116.8 -2.70363 -5.72678  -50.661 -4.23899 -2.09056 0.852902 0.0272999  0.327212 0.0348715   0.00182614 -0.000433876 -0.000501141   0.0288665   0.0864803 -0.00146384 0.574809        0        0
               116.9 -0.93726 -5.38978 -51.5969 -4.23424 -2.05996 0.863103 0.0444315  0.285412  0.115524    0.0017454 -0.000428036 -0.000498721   0.0287851   0.0863045 -0.00163688 0.558781        0        0
               116.9  -1.0947 -5.24668 -51.6193 -4.23551 -2.05592 0.861585 0.0288585  0.325121  0.102155   0.00179671 -0.000475591 -0.000492286   0.0293337   0.0861429 -0.00151762 0.558788        0        0
                 117 -0.779675  -5.17265  -51.6138 -4.23716 -2.03494 0.874734 0.0719241  0.303765  0.105027   0.00176593 -0.000477737 -0.000484255   0.0290537   0.0869637 -0.00160331 0.557474        0        0
                 117 -1.02969 -5.19188 -51.5245 -4.22793  -2.0278 0.872197 0.141979  0.36051 0.088139    0.0018434 -0.000471911 -0.000512785   0.0290676   0.0858255 -0.00141958 0.557521        0        0
               117.1 -1.68847  -7.8944 -51.6466 -4.21623 -1.99355 0.877065  0.199331  0.356442 0.0385466   0.00186027  -0.00047535 -0.000515436   0.0291593   0.0862403 -0.00130361 0.563966        0        0
               117.1 -1.73779 -8.11895 -51.6771 -4.20332 -1.98572 0.879171  0.299956  0.412115 0.0567408   0.00187726 -0.000403805 -0.000502198   0.0288611   0.0847845 -0.00155168 0.564017        0        0
               117.2 -1.43382 -7.49992  -52.537 -4.17234 -1.95228 0.880986  0.385824  0.331363 0.0264413   0.00192275 -0.000404906 -0.000505173   0.0288635   0.0851239 -0.00137542 0.561458        0        0
               117.2 -1.21297 -7.25746 -52.6166 -4.16349 -1.94711 0.882859  0.455475  0.364756 0.0420406   0.00185893 -0.000483268 -0.000481393   0.0286405   0.0841347 -0.00158426 0.561458        0        0
               117.3 -2.09527 -8.08502  -53.297 -4.10975 -1.89975 0.884305   0.572691   0.457095 -0.0195475   0.00187044 -0.000485779 -0.000491105   0.0289499   0.0836975 -0.00163239 0.575819        0        0
               117.3 -2.16754 -8.19995 -53.3276  -4.1089  -1.9022 0.886789   0.587112   0.427642 0.00307947   0.00188094 -0.000477162 -0.000484872   0.0286176    0.083777 -0.00182326 0.57582       0       0
               117.4 -2.62043 -9.07654 -54.4192 -4.03393 -1.83852 0.882321   0.737015   0.549265 -0.0413918   0.00192587 -0.000467194  -0.00049411   0.0291013   0.0827877 -0.00178648 0.547485        0        0
               117.4 -2.36553 -9.05141 -54.5195 -4.05525 -1.86183 0.885621   0.576272   0.348252 -0.0160329    0.0018148 -0.000475191 -0.000450215   0.0285931   0.0848684 -0.00185082 0.547572        0        0
               117.5 -1.77988 -9.54402 -55.9244  -3.9965 -1.82845 0.880338   0.632372   0.347815 -0.0153218   0.00182989 -0.000473214 -0.000452562  0.0286103  0.0849711 -0.0016868 0.546761        0        0
               117.5 -1.69422 -9.50566 -55.9507 -4.00368 -1.83344 0.879857   0.577262    0.30916 -0.0201045   0.00179791 -0.000484443 -0.000443633   0.0286313   0.0856758 -0.00159723 0.54677       0       0
               117.6 -0.38878 -8.36404 -56.6148 -3.94339 -1.79495 0.881799  0.595827  0.349573 0.0389762   0.00179464 -0.000498685 -0.000448657   0.0289847   0.0854468 -0.00170235 0.541337        0        0
               117.6 -0.408153   -8.2987   -56.548 -3.94324 -1.79593 0.879555  0.597332   0.34109 0.0239199    0.0017972  -0.00051998 -0.000470328   0.0289252   0.0854857 -0.00150287 0.541335        0        0
               117.7 0.683199 -8.01261 -56.0486 -3.88574 -1.74715 0.881332   0.533097   0.445471 -0.0142872    0.0018094 -0.000527684 -0.000483273   0.0295751   0.0850892 -0.00159794 0.533605        0        0
               117.7 0.652908 -8.13055 -55.9985 -3.88308 -1.75114 0.879782   0.558602   0.405757 -0.0214529   0.00181641 -0.000498154 -0.000500833   0.0289616   0.0850916 -0.00140723 0.533607        0        0
               117.8 0.596967  -7.6169 -55.3535 -3.82771  -1.7015 0.869174  0.515934  0.480352 -0.102406   0.00186668  -0.00049573 -0.000509198   0.0292995   0.0848035 -0.00119144 0.549109        0        0
               117.8   0.6955 -7.60662 -55.3782 -3.82576 -1.70037 0.875757    0.53369   0.484398 -0.0554456   0.00184169 -0.000502181 -0.000501944  0.0291345  0.0845752 -0.0018012 0.549091        0        0
               117.9 -0.406478  -6.84161  -54.2519 -3.77673  -1.6575 0.865967  0.503254  0.436573 -0.055635    0.0018604 -0.000493142 -0.000502654   0.0290934   0.0848446 -0.00150285 0.550662        0        0
               117.9 -0.340158  -6.80137  -54.2167 -3.77853 -1.65746 0.872972    0.491592    0.434467 -0.00696881   0.00183675 -0.000505474 -0.000513115   0.0290732    0.084972 -0.00214608 0.550658        0        0
                 118 -0.82279 -6.46049 -53.3064 -3.72813 -1.61333 0.871786   0.479453   0.482715 0.00692834   0.00181836 -0.000496591 -0.000508105   0.0288928   0.0849127 -0.00201992 0.552663        0        0
                 118 -0.846732  -6.45258  -53.3097  -3.7305 -1.61013  0.87376  0.456594  0.514959 0.0181553   0.00182565 -0.000492005 -0.000507167   0.0293645   0.0849125 -0.00222464 0.552677        0        0
               118.1 -1.40359 -6.62473 -52.1078 -3.68794 -1.56361 0.877293  0.467474  0.461444 0.0380629    0.0018269 -0.000503521  -0.00050309   0.0292798    0.085212 -0.00226175 0.554879        0        0
               118.1 -1.48155 -6.71428   -52.01 -3.69056 -1.55977 0.874968  0.439095  0.502869 0.0181698   0.00184696 -0.000466075 -0.000533421   0.0299254   0.0851917 -0.00207585 0.554889        0        0
               118.2 -0.375023  -5.44296  -50.8748 -3.63906 -1.50295 0.876074   0.50197    0.5396 0.0159927   0.00187658 -0.000466713 -0.000538133   0.0300785   0.0848013 -0.00199767 0.578466        0        0
               118.2 -0.0717752   -5.37035   -50.9406 -3.63593 -1.50521 0.874872  0.529714  0.513644 0.0100095   0.00177944 -0.000495328 -0.000516582   0.0296253   0.0846944 -0.00187099 0.578464        0        0
               118.3 -0.173715  -4.68088  -49.6296 -3.58072 -1.45963 0.876409   0.590328   0.449819 0.00944279   0.00179558 -0.000509708 -0.000505808   0.0293896   0.0848584 -0.00195272 0.577948        0        0
               118.3 -0.312442  -4.75344  -49.5847  -3.5812  -1.4616 0.874975     0.588598     0.433814 -8.10902e-05   0.00183647 -0.000487623 -0.000519802   0.0292437   0.0850211 -0.00180784 0.577952        0        0
               118.4 -0.572203  -3.73613  -49.4078  -3.5193 -1.42467 0.874838   0.639536   0.387102 0.00835015   0.00176929 -0.000467719 -0.000517522   0.0290509   0.0851481 -0.00169007 0.583735        0        0
               118.4 -0.683232  -3.67619  -49.4565 -3.52077  -1.4235 0.876814  0.627099  0.399264 0.0213997   0.00180372  -0.00048114 -0.000502786   0.0292539   0.0851792 -0.00187715 0.583733        0        0
               118.5 -1.80996 -5.13786  -50.548 -3.46015 -1.39016 0.875547   0.629451   0.391627 -0.0198942   0.00181034 -0.000485659 -0.000489943   0.0289828   0.0855463 -0.00181925 0.582075        0        0
               118.5 -1.88768 -5.28274 -50.5921 -3.45829  -1.3803 0.874439  0.630377  0.479382 -0.029935   0.00185005 -0.000424804 -0.000477979   0.0297727   0.0848335 -0.00174649 0.582104        0        0
               118.6  -1.7424 -6.75082 -52.4224 -3.40428 -1.34062 0.864832   0.621531   0.456355 -0.0197421   0.00184689 -0.000407241 -0.000482499   0.0298439   0.0855775 -0.00128041 0.5845      0      0
               118.6 -1.62701  -6.6655 -52.4938 -3.39426 -1.33016 0.867693   0.693874   0.535318 0.00311236   0.00183977 -0.000431836 -0.000462885   0.0299892   0.0842769 -0.00161271 0.584504        0        0
               118.7 -0.0727867   -5.77767   -53.5198 -3.32816 -1.27911 0.871953 0.654648 0.530776 0.045222   0.00182676 -0.000440482 -0.000458361   0.0299384   0.0844795 -0.00170364 0.576957        0        0
               118.7 -3.46351e-05     -5.63199     -53.4561 -3.32212  -1.2778 0.871682   0.70423  0.533937 0.0462909   0.00181148 -0.000492675 -0.000479062   0.0295994   0.0839691 -0.00169597 0.576961        0        0
               118.8 0.0488127  -5.80402  -53.5128 -3.25234 -1.21572 0.875321  0.629911  0.589776 0.0288298   0.00183913 -0.000490489 -0.000486999   0.0298521   0.0835812 -0.00166269 0.574333        0        0
               118.8 -0.0839728   -5.88773   -53.4762 -3.25265 -1.22105 0.878254  0.636081  0.539337 0.0522126   0.00187229 -0.000475854  -0.00049933   0.0292801    0.083904 -0.00189476 0.57433       0       0
               118.9 -0.341389  -5.47836   -53.616 -3.19311 -1.16353 0.880954   0.550496   0.578062 0.00809535   0.00183848 -0.000483462 -0.000501088   0.0293804   0.0838063 -0.00191039 0.576263        0        0
               118.9 -0.422283  -5.45649  -53.6237 -3.19765 -1.16725 0.880145   0.516042   0.549222 0.00112569   0.00185115  -0.00049032 -0.000498809   0.0293575   0.0843614 -0.00181968 0.576283        0        0
                 119 -0.0213933   -5.26732   -52.9632 -3.15139 -1.11516 0.878314     0.4481    0.53011 -0.0276167   0.00182717 -0.000491717 -0.000496415  0.029273 0.0845635 -0.001797 0.583665        0        0
                 119 -0.0104362   -5.30305   -52.9393 -3.16076 -1.12424  0.87774  0.380553  0.457216 -0.032455   0.00180222 -0.000483476 -0.000503811   0.0290509   0.0857442 -0.00171747 0.583682        0        0
               119.1 -0.0795629   -4.54989   -52.4153 -3.13047  -1.0853 0.875475   0.305051   0.449966 -0.0333123   0.00181396 -0.000490294 -0.000497449   0.0288485   0.0861887 -0.00178431 0.589639        0        0
               119.1 -0.149749  -4.52308   -52.379 -3.13357 -1.08095 0.873733   0.272852   0.496068 -0.0491997   0.00183332 -0.000495469 -0.000507748   0.0295932   0.0861671 -0.00164004 0.589642        0        0
               119.2  0.66296 -4.49919 -52.0316 -3.10001 -1.02469 0.869662    0.26123   0.492761 -0.0437839   0.00182749 -0.000491492 -0.000506928   0.0296138   0.0855633 -0.00169867 0.592241        0        0
               119.2 0.768957 -4.54738 -52.0405 -3.09926 -1.02011 0.870116   0.260681   0.533591 -0.0421153   0.00180132 -0.000467599 -0.000503673    0.029995   0.0852547 -0.00175201 0.592246        0        0
               119.3  3.03807 -2.83727 -53.0276  -3.07461 -0.970065  0.869007   0.263012    0.47683 -0.0237197   0.00178527 -0.000482553 -0.000505306    0.030107   0.0852925 -0.00192109 0.595296        0        0
               119.3  3.15872 -2.74521 -53.1426  -3.0698 -0.97034 0.868099   0.303028   0.467002 -0.0277483   0.00175806 -0.000518191 -0.000471691   0.0297378   0.0849779 -0.00184169 0.595307        0        0
               119.4  3.70891 -2.67684 -53.6702  -3.03473 -0.918394  0.870307  0.386398  0.471241 0.0333611   0.00174669 -0.000528224 -0.000474227   0.0298986   0.0847352 -0.00198585 0.58492       0       0
               119.4  3.38864   -2.848 -53.6422  -3.03613 -0.926266  0.867603  0.385303  0.404219 0.0161618   0.00184417 -0.000480059 -0.000486616    0.029261   0.0852721 -0.00177011 0.584927        0        0
               119.5  2.28586 -2.35116  -54.555  -2.98751 -0.878908  0.870752  0.498962  0.419011 0.0632406   0.00188432 -0.000473561 -0.000496544   0.0295442   0.0848263 -0.00166214 0.586376        0        0
               119.5  2.38536 -2.30175 -54.6028  -2.98739 -0.883082  0.872123  0.506251  0.378878 0.0748063   0.00185164  -0.00048533 -0.000479861   0.0290586   0.0850325 -0.00181607 0.586374        0        0
               119.6  1.47554 -3.72402 -55.8491  -2.93652 -0.844165  0.876188  0.577466  0.409784 0.0393618   0.00187511 -0.000481909 -0.000483668   0.0291892   0.0852211 -0.00168955 0.577323        0        0
               119.6  1.48349 -3.82255 -55.8514  -2.93871 -0.843029  0.875957  0.557292  0.424067 0.0362544   0.00187354 -0.000450234 -0.000484672    0.029484   0.0853285 -0.00166215 0.577317        0        0
               119.7  1.02935 -5.13744 -57.3454  -2.87779 -0.796912  0.879968  0.651708  0.457557 0.0106799   0.00184607 -0.000469344 -0.000485965   0.0296118   0.0852265 -0.00179804 0.581431        0        0
               119.7 0.972581 -5.16751 -57.3825  -2.87766 -0.796728  0.877884    0.651767    0.460356 -0.00424413   0.00186577 -0.000459465 -0.000474022   0.0296469   0.0852212 -0.00159969 0.581433        0        0
               119.8  1.53042   -4.854 -58.2893  -2.81692 -0.755309  0.875318   0.637516   0.434298 0.00393523   0.00190844 -0.000467299 -0.000474082   0.0296274   0.0856259 -0.00147244 0.574572        0        0
               119.8   1.7062 -4.75238 -58.2373  -2.81001 -0.748097  0.875352   0.684082   0.493189 0.00384229   0.00184799 -0.000502452 -0.000488743   0.0299524   0.0846841 -0.00147583 0.574606        0        0
               119.9  2.33597 -3.83481 -57.3886  -2.74368 -0.699138  0.871646   0.63008  0.493226 -0.028313   0.00188225  -0.00048941 -0.000489952   0.0300029    0.084661 -0.00123321 0.562537        0        0
               119.9  2.43953 -3.73405  -57.282  -2.74588 -0.700916  0.878693  0.617706  0.473977 0.0221719   0.00184678 -0.000523193 -0.000523464   0.0298352    0.084898 -0.00190267 0.562534        0        0
                 120  1.83259   -2.577 -56.1686   -2.6873 -0.650626  0.879018     0.53816    0.529065 -0.00943494   0.00186008 -0.000523339 -0.000521643  0.0297763  0.0848808 -0.0018904 0.572635        0        0
                 120  1.66639 -2.58045 -56.1158  -2.69228 -0.652042  0.883949  0.502952  0.520056 0.0240961   0.00191342 -0.000523047 -0.000538861    0.029887   0.0853337 -0.00236493 0.572637        0        0
               120.1 0.876454 -2.21769 -55.1382  -2.63948 -0.592197  0.885664  0.477773  0.546488 0.0158413   0.00187372 -0.000515194 -0.000548237   0.0301773   0.0848591 -0.00237636 0.583941        0        0
               120.1 0.867287 -2.23781 -55.1898  -2.64154 -0.597624    0.8837   0.467749   0.498761 0.00336087   0.00187642  -0.00051155 -0.000531515   0.0297356   0.0853143 -0.00221183 0.583952        0        0
               120.2 0.0615915  -1.97559  -54.5138 -2.59736 -0.54689 0.886191  0.395974  0.528666 0.0397644   0.00184242 -0.000513178 -0.000531363   0.0297029   0.0852678 -0.00226222 0.578831        0        0
               120.2 -0.0336707   -2.01001    -54.506      -2.6 -0.549646  0.882901  0.377194  0.508016 0.0164433   0.00187069 -0.000502609 -0.000534022   0.0296218   0.0856349 -0.00196172 0.578842        0        0
               120.3 -0.434074  -2.66412  -53.7109 -2.56182 -0.49662 0.889322  0.344087  0.521388 0.0544382    0.0018162 -0.000497508  -0.00053568    0.029564   0.0854218 -0.00213568 0.592657        0        0
               120.3 -0.624252  -2.71109  -53.7087  -2.56664 -0.496184  0.885071  0.302647  0.535181 0.0214378   0.00187449 -0.000479381  -0.00053637    0.030016   0.0857751 -0.00171532 0.592661        0        0
               120.4 -0.336235  -3.57806   -53.088   -2.5197 -0.430893  0.890348  0.392683  0.543642 0.0320654   0.00176216 -0.000450524 -0.000544123   0.0301627   0.0845747 -0.00187282 0.590022        0        0
               120.4 -0.697904  -3.51233  -53.1341  -2.53071 -0.440804  0.886174   0.316638   0.468629 0.00237273   0.00187293 -0.000473172 -0.000530565   0.0299712   0.0859699 -0.00147339 0.590105        0        0
               120.5 -0.314718  -3.32652  -52.9632  -2.49586 -0.399788  0.888276  0.361426  0.394813 0.0200033   0.00184273 -0.000465709 -0.000526663   0.0297344   0.0860413 -0.00156862 0.582443        0        0
               120.5 -0.34747  -3.2194 -52.9845  -2.49936 -0.403048  0.887678  0.336993  0.368989 0.0156919   0.00185178 -0.000500462 -0.000520252   0.0296692   0.0864961 -0.00150595 0.582452        0        0
               120.6 -0.988753  -3.08752   -53.756  -2.46557 -0.376397  0.895423    0.4098  0.257027 0.0606031   0.00180037  -0.00050267 -0.000518908   0.0295144   0.0868447 -0.00177891 0.579     0     0
               120.6 -1.22572 -3.09107 -53.8104  -2.46176 -0.372234  0.895021 0.437085 0.291906 0.057368   0.00188436  -0.00050038 -0.000502178   0.0296664   0.0863093 -0.00174608 0.579002        0        0
               120.7 -2.70415 -3.66626 -54.9529  -2.41454 -0.342676  0.902578  0.495607  0.293584 0.0388584   0.00182821 -0.000497583 -0.000505905   0.0297079    0.086259 -0.00191165 0.593946        0        0
               120.7 -2.94843  -3.7065  -54.961  -2.40719 -0.335986  0.900654  0.548361  0.348814 0.0249515   0.00192082  -0.00048352 -0.000505259 0.0298769 0.0853104 -0.001749 0.59397       0       0
               120.8 -2.76672 -5.18744 -57.1158 -2.34813 -0.30057 0.908381  0.572347  0.354257 0.0730564   0.00187396 -0.000489458 -0.000501483   0.0297043   0.0851454 -0.00203926 0.602587        0        0
               120.8 -2.86192 -5.22255 -57.1753  -2.34483 -0.293874  0.903013  0.589386  0.417127 0.0321451   0.00191607 -0.000475315 -0.000482894   0.0302495    0.084504 -0.00155815 0.602594        0        0
               120.9 -1.42991 -6.28853 -58.9116  -2.27494 -0.240532  0.914763  0.652115  0.451572 0.0701302   0.00186953 -0.000472375  -0.00048752  0.0304814  0.0836408 -0.0020366 0.600633        0        0
               120.9 -1.54882 -6.22199 -58.9165  -2.27227 -0.241321  0.906615  0.672006   0.44473 0.0125072   0.00190892  -0.00049717 -0.000486646   0.0303292   0.0834502 -0.00127967 0.600645        0        0
                 121 -0.390574  -5.15776   -59.445  -2.20824 -0.198523  0.904472   0.628428   0.437435 -0.0206491   0.00190236 -0.000485561 -0.000490134   0.0304117   0.0836233 -0.00112957 0.60055       0       0
                 121 -0.417274  -5.00013  -59.3697  -2.21562 -0.210625  0.907215   0.582914   0.324746 0.00238795   0.00189307 -0.000542525 -0.000515763   0.0294728   0.0848529 -0.00128139 0.600542        0        0
               121.1 0.502268 -5.03537 -59.3879   -2.1602 -0.172821  0.906063   0.498363    0.37691 -0.0414875    0.0018738 -0.000524698  -0.00052014   0.0295969   0.0846668 -0.00134873 0.597702        0        0
               121.1 0.459054 -5.03521 -59.3656  -2.16526 -0.177471  0.910991    0.464327    0.333784 -0.00528743   0.00188211 -0.000525976 -0.000527474   0.0292972   0.0853256 -0.00178253 0.597686        0        0
               121.2 0.622944 -4.12542 -58.5631 -2.11414 -0.13119 0.912663    0.429275    0.399663 -0.00285447   0.00186874 -0.000525691  -0.00053327   0.0297253   0.0845732 -0.00198591 0.611427        0        0
               121.2 0.406404 -4.06724 -58.5055  -2.12419 -0.137546  0.913761   0.356192   0.347535 0.00443231   0.00192993 -0.000544372 -0.000551645   0.0295937   0.0857865 -0.00208021 0.611426        0        0
               121.3 0.488889 -3.87187 -58.0065   -2.08223 -0.0893987   0.915975  0.343224  0.414967 0.0137298    0.0019017 -0.000532521 -0.000557735 0.0300557 0.0849772 -0.002176 0.602257        0        0
               121.3 0.418311 -3.89208 -58.0497   -2.0929 -0.100564  0.912572    0.267653    0.318904 -0.00909715  0.00190128 -0.00053922 -0.00054441   0.0295149   0.0864507 -0.00185518 0.602315        0        0
               121.4 -0.134478  -4.01623     -58.4  -2.07487 -0.073714  0.907923   0.184136   0.258803 -0.0421839   0.00190473 -0.000543072  -0.00054664    0.029533   0.0868267 -0.00169984 0.592917        0        0
               121.4 -0.152416  -4.05093  -58.4626   -2.07089 -0.0716641   0.909957   0.215041   0.273396 -0.0269756  0.00191996 -0.00053313 -0.00052762  0.0294765   0.086402 -0.0018864 0.592896        0        0
               121.5 0.814099 -4.03804 -59.5379  -2.05434 -0.050464  0.908173   0.162492   0.222755 -0.0283413    0.0018964 -0.000531661 -0.000527564   0.0293632   0.0866462 -0.00193535 0.586943        0        0
               121.5 0.874971 -4.01109 -59.5485   -2.05257 -0.0457876   0.906324  0.170124  0.267134 -0.043481   0.00188462   -0.0005328 -0.000523597   0.0298016   0.0862769 -0.00176601 0.586952        0        0
               121.6  1.54831 -2.86376 -61.0636   -2.02344 -0.0165051   0.912579 0.258629 0.282346 0.070819   0.00187054 -0.000537526 -0.000515719   0.0295461   0.0857188 -0.00213678 0.600374        0        0
               121.6  1.42422 -2.76599  -61.109    -2.01886 -0.00958669    0.908804  0.287834  0.347959 0.0412619    0.0019233 -0.000559156 -0.000501278   0.0300985   0.0850236 -0.00178415 0.60036       0       0
               121.7 0.184756  -3.7395  -60.999   -1.9879 0.0148213  0.919358 0.370653 0.240607 0.149462   0.00190001 -0.000562056 -0.000496471   0.0297381   0.0853215 -0.00183497 0.604304        0        0
               121.7 -0.105495   -3.8855  -60.8267  -1.98743 0.0223168  0.915814 0.366697 0.319117 0.120065   0.00199984 -0.000504895 -0.000556023    0.030615    0.084954 -0.00148232 0.604313        0        0
               121.8 -0.407168  -4.43861  -60.7874  -1.94306 0.0622198  0.934679 0.431219 0.363036 0.195654   0.00196483  -0.00050536 -0.000561233    0.030914   0.0844883 -0.00167382 0.594919        0        0
               121.8 -0.354876  -4.40354  -60.8223  -1.94318 0.0575195   0.93495 0.435355 0.315878 0.200238   0.00194868 -0.000517491 -0.000550379   0.0303389   0.0847194 -0.00171039 0.594905        0        0
               121.9 -0.410657  -6.83743   -59.987  -1.89887 0.0836788  0.960292 0.494453 0.265052 0.264641   0.00190708 -0.000509149  -0.00054793   0.0300474   0.0849192 -0.00192781 0.585321        0        0
               121.9 -0.599158  -6.93708   -59.936  -1.90038 0.0797466   0.95533 0.485463  0.23107 0.229753   0.00195593 -0.000487159 -0.000561505   0.0297579   0.0852324 -0.00145699 0.585302        0        0
                 122 -0.576788  -10.0679  -58.8044 -1.85764  0.10154 0.975398 0.453381 0.251763 0.173184   0.00196418 -0.000485026 -0.000563869   0.0297553   0.0855591 -0.00132242 0.580684        0        0
                 122 -0.477076  -10.1311  -58.8414   -1.8574 0.0994949  0.973681 0.456077 0.232244  0.16185   0.00193399  -0.00047285 -0.000553233   0.0295466   0.0856344 -0.00115497 0.580688        0        0
               122.1 0.558107  -11.814 -57.5658 -1.80996 0.125809 0.988168  0.467753  0.248012 0.0918749   0.00191926  -0.00046463 -0.000553482   0.0296094   0.0854885 -0.00132918 0.579401        0        0
               122.1 0.542806 -11.6749 -57.5968 -1.81236  0.12636 0.987267  0.444149  0.253269 0.0836114   0.00192078 -0.000502392 -0.000543921    0.029833   0.0857016 -0.00126418 0.579396        0        0
               122.2  2.11693  -12.823 -54.9317 -1.76554 0.153884 0.993427  0.453764  0.246911 0.0320705   0.00192128  -0.00050656 -0.000540615  0.0299324  0.0854823 -0.0013069 0.580827        0        0
               122.2  2.18547 -12.8634 -54.8629 -1.76671 0.152681 0.990855  0.441661  0.235365 0.0118701    0.0018916 -0.000496822 -0.000560846   0.0299401   0.0856758 -0.00105483 0.580837        0        0
               122.3  2.17925 -13.9467  -51.976 -1.72519 0.176198 0.992483   0.384924   0.190049 -0.0250355    0.0019085 -0.000495185 -0.000565266   0.0300742   0.0856241 -0.00121162 0.595552        0        0
               122.3   2.0841 -13.9594 -52.0336 -1.72443 0.172134 0.991847   0.396161    0.15187 -0.0265966   0.00194449 -0.000495035 -0.000546686   0.0296198   0.0857898 -0.00108563 0.595562        0        0
               122.4  1.49549 -13.8843 -49.0611 -1.69572 0.180204 0.992962     0.2858  0.0789013 -0.0456958   0.00191049 -0.000493204 -0.000548128   0.0295051   0.0862084 -0.00137857 0.60902       0       0
               122.4  1.41091 -13.8127 -49.0799 -1.69863 0.178576 0.993616   0.257299  0.0622152 -0.0381384   0.00194221 -0.000517165 -0.000542038   0.0295396   0.0866489 -0.00151702 0.608996        0        0
               122.5  1.44393 -13.5535 -46.2957 -1.66899 0.187408 0.993409   0.207436   0.047715 -0.0314939   0.00193562 -0.000529396   -0.0005243   0.0293324   0.0860117 -0.00173302 0.615118        0        0
               122.5  1.37578 -13.6156 -46.2481 -1.67279 0.191376 0.993502   0.168968  0.0898554 -0.0299243   0.00195173 -0.000511567 -0.000539408   0.0300454   0.0860238 -0.00194793 0.615121        0        0
               122.6 0.975633 -12.8714 -43.3187 -1.66326 0.193795 0.992222  0.0843574  0.0301182 -0.0298326   0.00196583 -0.000519769 -0.000535615   0.0299297   0.0864162 -0.00208664 0.632235        0        0
               122.6  1.12935 -12.9091 -43.3487 -1.66376 0.193544 0.991495  0.0787462  0.0272773 -0.0368877   0.00191788 -0.000508827  -0.00052604   0.0299744   0.0864804 -0.00200391 0.632237        0        0
               122.7 -0.433378  -12.0677  -41.5618 -1.65711 0.197957 0.989179  0.0260068 0.00317654  -0.044903   0.00192353 -0.000513695 -0.000528097   0.0300321   0.0862328 -0.00216337 0.610062        0        0
               122.7 -0.509335  -12.0903  -41.6278  -1.6557 0.196829 0.988806  0.0392874 -0.0078758 -0.0460935   0.00195334 -0.000504828 -0.000507266   0.0298142   0.0862335 -0.00209159 0.61006       0       0
               122.8 -1.44285 -11.1431 -40.2118 -1.65433 0.193606 0.986292 -0.0309928 -0.0431743 -0.0395944   0.00195481 -0.000509551 -0.000498849 0.0296504  0.086204 -0.002217 0.591813        0        0
               122.8 -1.29843  -11.215 -40.2018 -1.65026 0.196559 0.984249 -0.00404497  -0.0229739  -0.0520273   0.00190481   -0.0004856 -0.000501386   0.0295885   0.0857573 -0.00202996 0.591801        0        0
               122.9 -1.78581 -10.8065 -39.2815 -1.65693 0.191765  0.97815 -0.0447448 -0.0679784 -0.0636568   0.00195145 -0.000505869 -0.000514882   0.0298324   0.0859625 -0.00202735 0.604076        0        0
               122.9 -1.69921 -10.9064  -39.314 -1.65274 0.194985 0.974758 -0.0171368 -0.0442619 -0.0850168   0.00192261 -0.000472737 -0.000503522   0.0297966   0.0854753 -0.00173251 0.604065        0        0
                 123  -2.0588  -9.0029 -39.2166 -1.65461 0.193364  0.97055 -0.0535128 -0.0508528 -0.0917975   0.00194596 -0.000500046 -0.000502725   0.0298344   0.0852281 -0.00206834 0.60606       0       0
                 123 -1.93025 -9.00303 -39.2604 -1.65511 0.189817 0.967641 -0.0556548 -0.0795779  -0.110656   0.00190688 -0.000500952  -0.00048775   0.0296808   0.0855253 -0.00176842 0.606086        0        0
               123.1 -1.71149 -7.59207 -39.5051 -1.67066 0.180116 0.954311  -0.12706 -0.102474 -0.103143   0.00195992 -0.000530589 -0.000503876   0.0300558   0.0858276 -0.00167305 0.628773        0        0
               123.1 -1.52262 -7.70203 -39.5368 -1.66673 0.181991 0.957404 -0.0959231  -0.094344 -0.0807413   0.00190151  -0.00049621 -0.000492949   0.0297322   0.0854872 -0.00193785 0.628757        0        0
               123.2 -1.14879 -6.63778 -40.5713 -1.67219 0.177469 0.955208  -0.137695  -0.092139 -0.0319361  0.00185176 -0.00049146 -0.00048892   0.0295723   0.0849644 -0.00217211 0.650271        0        0
               123.2 -1.29692 -6.66799 -40.6249 -1.67553 0.172857 0.955345  -0.157667  -0.124978 -0.0308394   0.00189953 -0.000482673 -0.000470861   0.0295188   0.0854782 -0.00216172 0.650279        0        0
               123.3 -0.732457  -7.21244  -41.5504 -1.69382 0.162151 0.954596  -0.219702  -0.148748 0.00693385   0.00188151 -0.000480653 -0.000476187   0.0295377   0.0852917 -0.00221354 0.648227        0        0
               123.3 -0.833296  -7.27727  -41.5475 -1.69962 0.159619 0.953779   -0.265614   -0.161441 -0.00118163   0.00191201 -0.000457669 -0.000475413  0.0299098  0.0857977 -0.0021367 0.648247        0        0
               123.4 -0.0823085   -7.82711   -43.7259  -1.7377 0.138967 0.953623    -0.327646    -0.172138 -0.000582379    0.0019546 -0.000485673 -0.000483406   0.0302571   0.0863479 -0.00208881 0.659368        0        0
               123.4 0.0587921  -7.90301  -43.8535  -1.7309 0.144535 0.949129  -0.283879  -0.133058 -0.0295697   0.00191769 -0.000462277 -0.000442919   0.0301712   0.0855754 -0.00170379 0.659369        0        0
               123.5 0.440775 -7.94136 -46.3125 -1.76905 0.131189 0.961298 -0.307507 -0.122715 0.0334129   0.00191238 -0.000483404 -0.000459589  0.0305562  0.0859605 -0.0025458 0.661522        0        0
               123.5 0.414324 -7.92922 -46.3765 -1.75866 0.131551 0.952598   -0.16355  -0.118666 -0.0809836   0.00192682 -0.000497694 -0.000454857   0.0299397    0.085223 -0.00157414 0.661587        0        0
               123.6 0.573068 -7.92527 -48.7248 -1.75351 0.136045 0.949683 -0.0155049 -0.0205752 -0.0463062   0.00194978 -0.000505332  -0.00045002   0.0297388   0.0841326 -0.00174274 0.668375        0        0
               123.6 0.599612 -7.94566 -48.6748 -1.75663 0.133109 0.944051 -0.0478432 -0.0527374  -0.102597   0.00194131 -0.000499401 -0.000465376   0.0297702   0.0843242 -0.00150445 0.668359        0        0
               123.7 0.474716 -7.44982 -50.8912 -1.74167 0.150381 0.936649  0.0915005  0.0678656 -0.0962037   0.00192287 -0.000512509 -0.000472064  0.0298741  0.0837204 -0.0015895 0.659898        0        0
               123.7 0.355912 -7.44715  -50.903 -1.75238 0.142433 0.937587 -0.0141761 -0.0150427 -0.0852579   0.00194144 -0.000509554 -0.000464635   0.0299224   0.0854231 -0.00176927 0.659948        0        0
               123.8  0.69033 -8.11565 -52.3734 -1.74866  0.14883 0.937108  0.0759227  0.0364635 -0.0318056   0.00196373  -0.00052628 -0.000471141   0.0301534   0.0851033 -0.00223728 0.659355        0        0
               123.8 0.767425 -8.23122 -52.3197 -1.77027 0.129492 0.938128 -0.0784685  -0.117467   -0.02336   0.00190304 -0.000486114 -0.000481935  0.0298838  0.0879388 -0.0023457 0.659612        0        0
               123.9  2.30468 -10.3597 -53.6652  -1.7707 0.123923 0.935234  0.0206177 -0.0721165 -0.0341579   0.00192077  -0.00049375 -0.000482017   0.0300417   0.0876138 -0.00224606 0.665882        0        0
               123.9  2.45819  -10.481 -53.7092  -1.7787 0.113312 0.935797 -0.0623934  -0.186954 -0.0273557   0.00185444 -0.000456442 -0.000468627   0.0295217   0.0893648 -0.00227711 0.665854        0        0
                 124  2.14041 -10.6897  -55.412 -1.77742 0.107336  0.92255  0.064851 -0.079546 -0.114371   0.00193985 -0.000470932 -0.000482811   0.0300418   0.0889165 -0.00183259 0.646887        0        0
                 124  2.18282 -10.5469 -55.4298 -1.78659 0.096941 0.925282 0.00495294  -0.167755 -0.0917165   0.00191377  -0.00051752 -0.000473514   0.0295687   0.0902051 -0.00208291 0.64693       0       0
               124.1  2.18487 -8.90789 -57.1541  -1.78843 0.0842676  0.918654 0.0284853 -0.117041 -0.116354   0.00189962 -0.000518767 -0.000492373   0.0298135   0.0903535 -0.00237912 0.634385        0        0
               124.1  2.15258 -8.78222 -57.1775  -1.78151 0.0867348  0.920903  0.0979398 -0.0902953 -0.0938782   0.00192153 -0.000563761 -0.000485775   0.0295415   0.0893853 -0.00259363 0.634409        0        0
               124.2  3.11627 -6.59966 -58.8137  -1.78108 0.0755799  0.924596  0.0755976 -0.0885131 -0.0366717   0.00191042 -0.000575807 -0.000492746   0.0295449   0.0900805 -0.00365444 0.613793        0        0
               124.2  3.16095  -6.5687 -58.8038  -1.76949 0.0852937  0.921197   0.197737  0.0238704 -0.0741988   0.00194419 -0.000580767  -0.00050781   0.0299921   0.0880392 -0.00313475 0.613738        0        0
               124.3  3.20325  -5.2104 -60.3885  -1.76055 0.0746826  0.905295   0.179745 -0.0425934 -0.0962117   0.00195724 -0.000589571  -0.00050839   0.0297867    0.089261 -0.00252454 0.639834        0        0
               124.3  3.25766  -5.2826 -60.3581  -1.74902 0.0890053  0.905694   0.303831    0.12485 -0.0966233   0.00198324 -0.000555868 -0.000531186   0.0307955   0.0868708 -0.00248541 0.640256        0        0
               124.4  2.69669 -4.24052 -61.9839  -1.72134 0.0872234  0.878308  0.328591 0.0585638 -0.169057   0.00200679 -0.000551474 -0.000529038   0.0303338   0.0877476 -0.00128183 0.630257        0        0
               124.4  2.80105 -4.22748 -61.9929 -1.71178 0.100392 0.888232   0.424451   0.213804 -0.0613737   0.00200892 -0.000539709 -0.000535618   0.0313495   0.0856624 -0.00263543 0.630296        0        0
               124.5  2.41218 -3.66963 -63.0367 -1.68279 0.107252 0.883105   0.364915   0.131897 -0.0606168   0.00198464 -0.000547431 -0.000533854   0.0308917   0.0869305 -0.00275309 0.621282        0        0
               124.5  2.37821 -3.69768 -62.9844 -1.67794 0.114982 0.888755   0.419076   0.225648 0.00405562   0.00201257 -0.000530311   -0.0005544   0.0315863   0.0857433 -0.00357996 0.621345        0        0
               124.6  1.86799 -3.19968 -63.5321 -1.64242 0.137218 0.909417 0.397987  0.19814 0.124618   0.00199329 -0.000541026 -0.000557199   0.0317194   0.0861173 -0.00499142 0.621573        0        0
               124.6  1.87272 -3.14961 -63.5078 -1.63816 0.137211 0.905241  0.438589  0.200218 0.0860713   0.00199882  -0.00056074 -0.000564601   0.0315535   0.0856683 -0.00445529 0.621659        0        0
               124.7  1.23915 -2.37673 -63.7557 -1.60779 0.148735  0.93126 0.387431 0.103691 0.186417   0.00198857 -0.000575294 -0.000572512  0.0316033  0.0865658 -0.0055356 0.605107        0        0
               124.7  1.24487 -2.37391 -63.7681 -1.60218 0.139472 0.910464   0.433772   0.007577 0.00920457   0.00198404 -0.000610616 -0.000566743   0.0303701   0.0866392 -0.00318144 0.605179        0        0
               124.8 0.998314  -2.7431 -63.9813 -1.55857 0.144125 0.915364    0.450851 -0.00982165  0.00518232   0.00197015 -0.000601523  -0.00057334   0.0307214   0.0864851 -0.00346934 0.59973       0       0
               124.8 0.969468 -2.80565 -64.0047 -1.56063 0.134379 0.899161  0.426558 -0.117428 -0.149007   0.00195575 -0.000613037 -0.000563168   0.0297196   0.0873539 -0.00151811 0.599637        0        0
               124.9 0.378557 -2.46612 -64.3081 -1.51348  0.12376 0.882692   0.46562 -0.145605 -0.164019   0.00193503 -0.000604228 -0.000568296   0.0298585   0.0870526 -0.00151921 0.602156        0        0
               124.9  0.23074 -2.44603 -64.3115  -1.5234 0.118905 0.873929  0.365081 -0.201296 -0.239246   0.00194921 -0.000612343 -0.000563974    0.0297756    0.0884886 -0.000595468 0.602209        0        0
                 125  1.01429 -2.76256 -63.5601  -1.48058 0.0941869  0.842729  0.408785 -0.217412 -0.264312   0.00189179 -0.000599071 -0.000560127    0.0294038    0.0883095 -0.000118528 0.583142        0        0
                 125 0.898577  -2.7902 -63.4996  -1.49248 0.0950864  0.850419  0.287217 -0.213797 -0.176798   0.00189757 -0.000575642 -0.000576663  0.0300102  0.0896534 -0.0012601 0.583332        0        0
               125.1  1.87604 -2.94924 -62.7157   -1.4675 0.0752651  0.837517   0.29821 -0.177481 -0.146304   0.00182543 -0.000564144 -0.000592802   0.0301154   0.0899677 -0.00157315 0.593852        0        0
               125.1  1.67373 -2.93595 -62.7603  -1.46958 0.0785592   0.84664   0.276745  -0.139083 -0.0410088   0.00188472 -0.000556039 -0.000579192   0.0306076   0.0899947 -0.00293784 0.593884        0        0
               125.2  2.13279  -1.9994 -61.8667  -1.45225 0.0599571  0.848747   0.237276 -0.0886621  0.0201946   0.00185054 -0.000564619 -0.000582625  0.0302872  0.0909577 -0.0033041 0.597772        0        0
               125.2  2.06524 -1.90071 -61.8352  -1.44448 0.0657238  0.852759   0.323712 -0.0168398  0.0646286   0.00188731 -0.000595079 -0.000593728   0.0306021   0.0896132 -0.00382853 0.597785        0        0
               125.3  1.33311 -2.45955 -62.0994   -1.4057 0.0808268  0.858599  0.346033 0.0947921 0.0814031   0.00188648 -0.000578214 -0.000604837   0.0312453   0.0887635 -0.00373025 0.597345        0        0
               125.3  1.20003 -2.54026 -62.2037  -1.39656 0.0806528  0.856481  0.443221 0.0998641 0.0514756    0.0019197 -0.000545965 -0.000570533   0.0307132   0.0875532 -0.00322185 0.597285        0        0
               125.4 0.536802  -2.2739 -63.1265 -1.33849 0.110464 0.885674 0.529906 0.247513 0.209472   0.00189048 -0.000564849 -0.000566904   0.0314635     0.08603 -0.00476871 0.604223        0        0
               125.4 0.562778 -2.18044 -63.1718 -1.33496 0.106756 0.875451  0.569211  0.205707 0.0866342   0.00188242 -0.000592276 -0.000550716   0.0307985   0.0858589 -0.00308362 0.604382        0        0
               125.5 0.281312 -2.19115 -65.0336 -1.26321 0.152256 0.901912 0.682522 0.412813 0.188993   0.00182671 -0.000600038 -0.000560826   0.0317089   0.0843727 -0.00439351 0.603237        0        0
               125.5 0.162273 -2.16757 -65.1692 -1.26946 0.137506  0.88659  0.617659  0.245252 0.0154546   0.00185601 -0.000609586 -0.000519721   0.0301341   0.0861251 -0.00201249 0.603217        0        0
             125.601 0.338094 -2.88327 -67.5438 -1.20848  0.16319  0.90631 0.622404 0.294144 0.105177   0.00177815 -0.000608217 -0.000523394  0.0299898  0.0862619 -0.0033337 0.592864        0        0
             125.601 0.054069  -2.9472 -67.5883 -1.22035 0.154026 0.881051    0.48468   0.196213 -0.0973296   0.00183667 -0.000586151 -0.000512485    0.0295923    0.0882845 -0.000751906 0.592734        0        0
               125.7 0.946152 -2.89511 -69.9458 -1.18589 0.170222 0.878657   0.442448    0.18605 -0.0653914   0.00180816 -0.000585616 -0.000528913   0.0296757   0.0892904 -0.00115658 0.579137        0        0
               125.7 0.887793 -2.86386 -69.9446  -1.1906 0.170478 0.870218   0.39198  0.183258 -0.162699   0.00183135  -0.00059336 -0.000530062   0.0299178   0.0899466 0.000126593 0.579099        0        0
               125.8  1.82926  -2.5285 -71.4695 -1.14071 0.212878 0.868291    0.44664   0.345426 -0.0933896   0.00181161 -0.000605469 -0.000537273    0.0311325    0.0886308 -0.000996846 0.582539        0        0
               125.8   1.7365 -2.53234 -71.4339 -1.14015 0.204961 0.866919 0.446639 0.254657  -0.1111   0.00184038 -0.000599042 -0.000550493    0.0299755    0.0890086 -0.000713401 0.582526        0        0
               125.9  1.00797 -2.38363 -71.2871 -1.09546 0.239331 0.880867  0.426016  0.324676 0.0161491   0.00179116 -0.000622497 -0.000549063   0.0303655   0.0886843 -0.00267644 0.580751        0        0
               125.9 0.732771 -2.44132 -71.1406 -1.09535 0.235477  0.87818   0.426744   0.281518 -0.0158301   0.00187811 -0.000605193 -0.000597266   0.0298112   0.0888774 -0.00222659 0.58077       0       0
                 126 -0.0852342   -3.43419   -70.2353 -1.06303 0.266505 0.875884   0.359515   0.286788 -0.0204649   0.00183149 -0.000599682 -0.000614997   0.0301564   0.0893967 -0.00221705 0.584428        0        0
                 126 -0.213655  -3.50827  -70.2306 -1.05692 0.266567 0.874645  0.427221  0.293626 -0.035787   0.00187427 -0.000574668 -0.000615176   0.0299923   0.0885279 -0.00198868 0.584489        0        0
               126.1 -0.898353  -4.11243  -68.5171 -1.00643 0.296531 0.876972   0.484088   0.278031 -0.0189752   0.00187596 -0.000572118 -0.000610175   0.0299911   0.0880035 -0.00246104 0.593109        0        0
               126.1 -0.920142  -4.09889  -68.4651 -1.00532  0.30068 0.875839   0.500382   0.325495 -0.0319393   0.00188113 -0.000575245 -0.000626924   0.0305352   0.0876127 -0.00231741 0.593137        0        0
               126.2 -1.13867 -4.69224 -66.1682 -0.943472  0.345754  0.888594   0.574096   0.396851 0.00829817   0.00185301 -0.000578868 -0.000625954   0.0311114   0.0866002 -0.00374566 0.616787        0        0
               126.2 -1.08959 -4.69791 -66.1556 -0.946932   0.34541  0.882342  0.537595  0.389792 -0.061729   0.00183598 -0.000578355 -0.000630467   0.0312454   0.0870675 -0.00279934 0.616823        0        0
               126.3 -1.53808 -4.71554  -63.703 -0.890302  0.382203  0.875774   0.575669   0.345701 -0.0622408   0.00177262 -0.000564924 -0.000632124   0.0311895   0.0869364 -0.00284731 0.605003        0        0
               126.3 -1.75618 -4.65082 -63.7164 -0.897865  0.376811  0.869776  0.492875  0.282249 -0.128944    0.0018451 -0.000588333 -0.000628821   0.0308978   0.0882716 -0.00189191 0.604992        0        0
               126.4 -1.69571 -5.11597 -60.8801  -0.8295 0.402754 0.859537 0.605229 0.214374 -0.10079   0.00183497 -0.000595641 -0.000606732   0.0304684   0.0871606 -0.00198226 0.612884        0        0
               126.4 -1.64068 -5.25101 -60.8252 -0.839677  0.402828  0.858498  0.500344  0.212445 -0.114088   0.00181065 -0.000555015 -0.000622855   0.0310257   0.0884252 -0.00180347 0.612917        0        0
               126.5 -1.76753 -4.69388 -57.9599 -0.790072  0.416548  0.851327   0.507989   0.091884 -0.0699789   0.00180522 -0.000554197  -0.00062175  0.0309083   0.088525 -0.0019517 0.61261       0       0
               126.5 -1.80855 -4.66638 -57.9427 -0.803978  0.410697  0.850076  0.401677 0.0453524 -0.080128   0.00180586 -0.000567152 -0.000625046   0.0310067   0.0900412 -0.00177438 0.612524        0        0
               126.6 -1.85351 -3.82635 -54.6348 -0.767044  0.412408  0.844138   0.381312 -0.0161755 -0.0820546   0.00179575 -0.000563129 -0.000627755   0.0310974   0.0902008 -0.00192254 0.620278        0        0
               126.6 -1.86581 -3.89169 -54.5945 -0.766043  0.408451  0.844386   0.393497 -0.0557141    -0.0776   0.00179876 -0.000547597 -0.000640518   0.0305707   0.0903341 -0.00193788 0.620268        0        0
               126.7 -2.08215 -5.34483 -51.9411 -0.731773  0.396232  0.839123   0.390072  -0.140263 -0.0986217   0.00174963 -0.000548338 -0.000644811   0.0305831    0.090707 -0.00215056 0.638757        0        0
               126.7 -2.23692 -5.45998 -52.0269 -0.725515  0.397232  0.841807   0.441604   -0.13809 -0.0772322   0.00180755 -0.000511948 -0.000616884   0.0302044   0.0901713 -0.00242832 0.638744        0        0
               126.8 -1.15529 -5.10304 -49.3138 -0.689332   0.36815  0.828942   0.41701 -0.231484   -0.1158    0.0018259 -0.000518616 -0.000609861   0.0298234   0.0909909 -0.00215802 0.642789        0        0
               126.8 -0.951936   -5.0155  -49.2938 -0.682494  0.378087   0.83443   0.462982  -0.151283 -0.0786479   0.00176838  -0.00054071 -0.000617413   0.0302651   0.0898823 -0.00273186 0.64281       0       0
               126.9 0.0252295  -5.04485   -45.974 -0.642858  0.359134   0.82593  0.389413 -0.186132 -0.101653   0.00178026 -0.000557029 -0.000615238   0.0302706   0.0901824 -0.00276538 0.663477        0        0
               126.9 0.0965577  -5.15171  -45.9414 -0.636326  0.369096  0.827255   0.428055  -0.106095 -0.0938333   0.00176168  -0.00051694 -0.000624906   0.0307231   0.0891129 -0.00293976 0.66347       0       0
                 127 0.000136553    -4.06411    -42.1343 -0.577802  0.369485   0.81564   0.457362  -0.101559 -0.0525192   0.00179358 -0.000493153  -0.00061966   0.0306834   0.0878749 -0.00274797 0.666695        0        0
                 127 0.114804 -3.95167 -42.1268 -0.580488  0.369465  0.816059   0.436196 -0.0991725 -0.0514437   0.00175461 -0.000529578 -0.000620876   0.0309096   0.0880389 -0.00278016 0.666702        0        0
               127.1 0.0171554  -3.42793  -38.3211 -0.539196  0.352436  0.817438  0.411928 -0.144251 0.0376602   0.00174361 -0.000522488   -0.0006123   0.0306735   0.0883066 -0.00286695 0.659715        0        0
               127.1 -0.0516899   -3.46886    -38.301 -0.544677  0.348533  0.816351  0.372182  -0.16749 0.0285908    0.0017551  -0.00050824 -0.000617569   0.0308507   0.0888817 -0.00275857 0.659723        0        0
               127.2 0.0136059  -4.12442  -33.8173 -0.503954  0.340369  0.824166  0.359759 -0.132786 0.0750108   0.00170783 -0.000506401 -0.000641763   0.0309931   0.0883495 -0.00290051 0.673501        0        0
               127.2 -0.110929  -4.22319  -33.8746 -0.510785  0.329599   0.82252  0.317973 -0.205128 0.0625223    0.0017299 -0.000482635 -0.000622698   0.0308364   0.0894323 -0.00273304 0.67356       0       0
               127.3 -0.11279 -6.21831 -28.9732 -0.468167  0.323861  0.829438  0.347926  -0.14834 0.0461373   0.00166557 -0.000475095 -0.000629691   0.0308075   0.0884665 -0.00281248 0.706548        0        0
               127.3 -0.387895  -6.33017   -28.937 -0.469799  0.316751  0.826298  0.344069 -0.196848 0.0270347   0.00174104 -0.000445115 -0.000639706   0.0305082   0.0890481 -0.00254478 0.706562        0        0
               127.4 -1.17237 -7.03253 -23.6656 -0.440137  0.285829  0.827187   0.344172  -0.274223 0.00168527   0.00176203 -0.000435579 -0.000636735    0.030435    0.089596 -0.00252315 0.726916        0        0
               127.4 -0.980288  -6.95319  -23.6385 -0.44631 0.281965 0.827241     0.301237    -0.294213 -0.000533415   0.00169203 -0.000460267 -0.000645711  0.0308014  0.0900522 -0.0025334 0.72693       0       0
               127.5 -0.883084  -5.90284  -18.7803 -0.404012  0.269561  0.826051   0.321774  -0.227745 -0.0192514   0.00158338 -0.000440704 -0.000675234     0.03075   0.0889637 -0.00252457 0.765276        0        0
               127.5 -1.16683 -5.77687 -18.9282 -0.411584  0.257742  0.824537   0.277239  -0.300965 -0.0309515   0.00166174 -0.000482576  -0.00062936   0.0309371   0.0900885 -0.00238261 0.76523       0       0
               127.6 -1.28518 -5.76671 -14.8458 -0.388671  0.221455  0.812215   0.220462  -0.312178 -0.0808401   0.00156557 -0.000435511 -0.000642256   0.0308897   0.0904653 -0.00196933 0.79508       0       0
               127.6 -1.58051 -5.73294 -14.8927 -0.388417  0.219754   0.81719   0.228904   -0.32361 -0.0497837   0.00166042  -0.00044724 -0.000627787   0.0306972   0.0906257 -0.00235626 0.795037        0        0
               127.7 -2.07914 -5.31743 -11.2476 -0.367496   0.18518  0.816149   0.205866  -0.298332 -0.0551788   0.00167867 -0.000439392 -0.000624362   0.0306265   0.0908226 -0.00259486 0.818952        0        0
               127.7 -1.96674 -5.32204 -11.2808 -0.373609  0.186844  0.817181   0.156338  -0.280936 -0.0525719   0.00164389 -0.000424748 -0.000613661   0.0312951   0.0907044 -0.00270147 0.818946        0        0
               127.8 -1.62494 -4.67468 -8.97366 -0.356504  0.164744   0.81096   0.163995  -0.229931 -0.0830759   0.00165186 -0.000444594 -0.000616461   0.0312779   0.0905054 -0.00275861 0.811663        0        0
               127.8 -1.47787   -4.744  -9.0763 -0.349239   0.17733  0.809189   0.207155  -0.153958 -0.0921541    0.0016324 -0.000427175 -0.000585402   0.0308637   0.0894221 -0.00263254 0.811787        0        0
               127.9 -0.340111  -3.34839  -7.96821 -0.32206 0.161163 0.788648  0.240509 -0.169742 -0.151387   0.00157878 -0.000375991 -0.000584822   0.0305987    0.089389 -0.00212579 0.823584        0        0
               127.9 -0.525129  -3.14808  -8.06462 -0.31216 0.174966 0.793978   0.310871 -0.0869136  -0.116626   0.00166402 -0.000448467  -0.00055945   0.0297572   0.0882741 -0.00253648 0.823589        0        0
                 128 -0.369955  -2.88537  -7.79136 -0.273605  0.158047  0.767186  0.316155 -0.104415 -0.173113   0.00162815 -0.000390836 -0.000580559   0.0292826   0.0886811 -0.00178034 0.808387        0        0
                 128 -0.577087  -2.79727  -7.92126 -0.268407  0.174907  0.777326    0.349519 0.000556129   -0.112188   0.00172118 -0.000421371 -0.000543848   0.0288649   0.0873239 -0.00255803 0.808529        0        0
               128.1 -0.53092 -2.72097 -8.38161 -0.219987  0.171807  0.765689   0.391912 -0.0232211  -0.126482   0.00174253 -0.000427289   -0.0005933   0.0280077   0.0875359 -0.00253717 0.805799        0        0
               128.1 -0.364535  -2.68493  -8.59829 -0.227069  0.185574  0.770958   0.329685  0.0695872 -0.0992046   0.00170845 -0.000425714 -0.000521254   0.0288313   0.0863306 -0.00293069 0.80579       0       0
               128.2 -0.754986  -4.95465  -8.90234 -0.193187  0.198858  0.760666  0.269465 0.0624966  -0.16856   0.00169071 -0.000429316 -0.000526539   0.0285595   0.0859268 -0.00305924 0.807355        0        0
               128.2 -0.857928  -5.12282  -8.92045 -0.200431  0.195189  0.756004  0.212718 0.0448313 -0.199251    0.0017195  -0.00037208 -0.000519761   0.0293537   0.0861946 -0.00268025 0.807417        0        0
               128.3 -1.10825 -6.77659   -7.729 -0.175268  0.195668   0.72063   0.220517 -0.0133251  -0.380688   0.00168079 -0.000351792 -0.000535583   0.0290593   0.0863058 -0.00228231 0.80999       0       0
               128.3 -1.27211 -6.60661 -7.74888 -0.17961 0.193993 0.729208  0.192547  -0.02188 -0.329767   0.00172939 -0.000397572 -0.000530168   0.0294143   0.0864542 -0.00297278 0.80992       0       0
               128.4 -1.04348 -6.41537 -6.92892 -0.167295  0.178846  0.676358   0.132832 -0.0882343  -0.477896   0.00168881 -0.000366123 -0.000530772   0.0297095   0.0870407 -0.00222726 0.8142      0      0
               128.4 -1.05381 -6.22819  -6.9491 -0.161857  0.182686  0.682044   0.176466 -0.0681309  -0.441453   0.00170018 -0.000434017 -0.000526784   0.0291368   0.0867624 -0.00263247 0.814318        0        0
               128.5 -0.216641  -4.88364  -6.01516 -0.146749   0.18468  0.632438   0.127527 -0.0202407  -0.580822   0.00168142  -0.00043392 -0.000514811   0.0291981   0.0863206 -0.00272901 0.80784       0       0
               128.5 -0.219357  -4.81349   -5.9632 -0.140575  0.181098  0.632877   0.178223 -0.0476832  -0.574163   0.00167653 -0.000468036 -0.000532829   0.0285413   0.0866649 -0.00273074 0.807882        0        0
               128.6 0.525269  -4.7285 -5.07354 -0.115789  0.176343  0.568024   0.206721 -0.0579226  -0.676027    0.0016587 -0.000464008 -0.000560562   0.0281449   0.0866565 -0.00259072 0.807873        0        0
               128.6 0.404157 -4.80504 -5.18771 -0.117831  0.175102   0.56606   0.190554 -0.0633952  -0.688654   0.00170014 -0.000438421 -0.000523139   0.0283716   0.0867387 -0.00244659 0.807881        0        0
               128.7 0.973567 -5.54088 -4.52016 -0.103818  0.167774  0.493818   0.161845 -0.0619873  -0.706306   0.00166578 -0.000468082 -0.000525927   0.0286726   0.0867694 -0.00234455 0.787168        0        0
               128.7 0.891468  -5.7133 -4.54133 -0.10376 0.170207 0.495658   0.160676 -0.0459962  -0.695072   0.00169307 -0.000409831 -0.000519308   0.0286542   0.0865578 -0.00249301 0.787167        0        0
               128.8  1.22295 -6.18271 -4.20116 -0.0841553   0.165422   0.423356  0.188253 -0.047461 -0.674143   0.00166377 -0.000393275 -0.000524186   0.0285861   0.0865448 -0.00226307 0.819795        0        0
               128.8   1.1303 -6.07399 -4.25151 -0.0837744   0.167404   0.427499   0.193078 -0.0351112  -0.648724   0.00169447 -0.000428203 -0.000507055   0.0284965   0.0863766 -0.00260392 0.819818        0        0
               128.9 0.904207 -4.22394 -4.51197 -0.0605125   0.166776    0.36404  0.212211 -0.052716 -0.632708   0.00165743 -0.000414038 -0.000514196   0.0283196   0.0861536 -0.00264513 0.840558        0        0
               128.9 0.728157 -4.06812 -4.57357 -0.0591373   0.167674   0.361621   0.222181 -0.0462451    -0.6473   0.00171607 -0.000464223 -0.000494113   0.0282138   0.0860904 -0.00242965 0.840513        0        0
                 129 0.363759 -2.69391 -4.40731 -0.0368809    0.16319   0.290283   0.164283 -0.0969141  -0.601878   0.00162582 -0.000444823 -0.000508296   0.0280302   0.0859191 -0.00185262 0.879853        0        0
                 129 -0.0169622   -2.69155   -4.40949 -0.0378141   0.166085   0.297595   0.160054 -0.0764088   -0.55744   0.00174903 -0.000445988 -0.000508588   0.0280372    0.085661 -0.00245396 0.879888        0        0
               129.1  0.36331 -2.48214  -3.9347 -0.0152123   0.155359   0.232193   0.161896 -0.0954494  -0.495303    0.0016989 -0.000365914 -0.000519971  0.0276328   0.085825 -0.0016387 0.889017        0        0
               129.1 0.280938 -2.33897 -3.93326 -0.0208225   0.156922   0.243277   0.125074 -0.0843319  -0.429584   0.00172643 -0.000413318 -0.000520521   0.0281074   0.0856421 -0.00256065 0.88908       0       0
               129.2 0.229354 -1.46555 -2.58489 -0.00959677    0.137895    0.198081 0.0778276 -0.128164  -0.34108   0.00164733 -0.000383728 -0.000567832   0.0281186   0.0861854 -0.00214859 0.986096        0        0
               129.2 -0.0263642   -1.32939   -2.63456 -0.0107274    0.14344   0.209694  0.0743612 -0.0929202  -0.270361   0.00173181 -0.000427863 -0.000552497    0.028135   0.0857152 -0.00309924 0.986103        0        0
               129.3 -1.01231 -1.77915 -1.41882 -0.00205499    0.118846    0.175115 -0.0257524  -0.154016  -0.237483   0.00169458 -0.000368482 -0.000597535   0.0277029   0.0865571 -0.00249626 1.06204       0       0
               129.3 -1.15924 -1.71189 -1.55803 -0.00573354    0.132281    0.183061 -0.0539022 -0.0703288  -0.190178   0.00174437 -0.000390077 -0.000552373   0.0280257   0.0853897 -0.00312696 1.06197       0       0
               129.4 -1.72329 -4.22333 -0.89306 -0.00112149    0.134329    0.137855 -0.0595495 -0.0556127   -0.26566   0.00171659 -0.000275667 -0.000551095   0.0272778   0.0849251 -0.00165844 1.08746       0       0
               129.4  -1.78893  -4.00896 -0.986731 -0.00847282    0.141633    0.154488    -0.10977 -0.00864816   -0.160724   0.00174187 -0.000344904 -0.000521686    0.027934   0.0842318 -0.00309306 1.08746       0       0
               129.5 -2.48974  -5.1904 -1.16891 -0.0254651   0.147658   0.157004  -0.132234 -0.0170696  -0.089074   0.00169577  -0.00037551 -0.000497381   0.0282192   0.0837031 -0.00407177 1.07661       0       0
               129.5 -2.62458 -5.11363 -1.16048 -0.0206864   0.142943   0.154615 -0.0946458  -0.046565   -0.10237   0.00173646 -0.000402985 -0.000501322   0.0277515   0.0841729 -0.00386086 1.07659       0       0
               129.6  -3.49943  -6.20755 -0.697577 -0.0357981   0.143542   0.160556  -0.111724 -0.0123818 0.00501222   0.00172365 -0.000433476   -0.0004738   0.0280313   0.0838829 -0.00452781 1.08927       0       0
               129.6  -3.53609  -6.27622 -0.571133 -0.0255699   0.135654   0.143583 -0.0380082 -0.0633266  -0.100437   0.00172468 -0.000416508 -0.000514102  0.0271617  0.0846347 -0.0030241 1.08922       0       0
               129.7   -3.7541  -6.32654 0.0821915 -0.0259761   0.139125   0.132422 0.00907804 -0.0349001  -0.132159   0.00169686 -0.000407191  -0.00048819    0.027045   0.0841133 -0.00303135 1.07624       0       0
               129.7 -3.85576 -6.22588 0.149323 -0.0191268   0.130369   0.117441   0.058078 -0.0898883  -0.224975  0.00172009 -0.00044345 -0.00051224   0.0265712   0.0848776 -0.00170179 1.07625       0       0
               129.8 -3.85472 -5.71632 0.453976 -0.0142592   0.136398  0.0885254  0.0453884 -0.0488105  -0.257884   0.00166108 -0.000424162 -0.000467805   0.0265918   0.0840116 -0.00144162 1.05032       0       0
               129.8 -4.03262 -5.63237 0.570619 -0.0138727   0.126479  0.0874702 0.0501285 -0.110364 -0.263326   0.00170792 -0.000448769 -0.000507018   0.0266419   0.0848803 -0.00131693 1.05034       0       0
               129.9 -4.55024  -4.5477 0.918605 -0.0161479   0.116719  0.0623725 0.00503151  -0.129584   -0.25516   0.00163506 -0.000418857  -0.00047393   0.0270149   0.0846926 -0.00142906 1.05528       0       0
               129.9  -4.8752 -4.41315  1.03681 -0.0126558   0.111406   0.068252 0.0365263 -0.162428 -0.214978   0.00173644 -0.000462384  -0.00051691   0.0265972   0.0852795 -0.00189298 1.05529       0       0
                 130 -4.43667 -3.90329 0.859258 -0.00593287    0.108492    0.046065  0.019174 -0.144217 -0.195064   0.00164464 -0.000421066 -0.000492332    0.026202    0.084445 -0.00181588 1.04898       0       0
                 130 -4.66787 -3.82298 0.902445 -0.00755731    0.104912   0.0502954 0.00931546  -0.165525  -0.168258   0.00171433 -0.000444239 -0.000507933  0.0263594  0.0847802 -0.0021686 1.04901       0       0
               130.1 -3.29645 -3.87789 0.120884 -0.00116359     0.10207   0.0286661 -0.00395057   -0.119644   -0.160431   0.00163507 -0.000379221 -0.000500172   0.0258007   0.0840232 -0.00183801 1.05884       0       0
               130.1  -3.51842  -3.69523 0.0906235 -0.00836637   0.0967438   0.0346617 -0.0572822  -0.152122  -0.123921   0.00170168 -0.000428786 -0.000492644   0.0265783   0.0844391 -0.00234867 1.05888       0       0
               130.2  -2.44336   -4.6408 -0.612956 -0.0113954   0.102086  0.0144315 -0.0327672 -0.0929631  -0.117769   0.00166131 -0.000413504  -0.00045004   0.0262893    0.083282 -0.00192727 1.06674       0       0
               130.2  -2.66606  -4.64625 -0.478562 -0.0135225  0.0921404  0.0213966 -0.0456241   -0.15712 -0.0709698   0.00171834 -0.000407113 -0.000491528   0.0265459   0.0842044 -0.00250302 1.06685       0       0
               130.3 -1.52466 -4.20914 -1.04989  -0.016938   0.085997 0.00470663 -0.0344356  -0.138252  -0.118488   0.00163934 -0.000387985 -0.000469637    0.026473   0.0835393 -0.00203661 1.06709       0       0
               130.3  -1.74442   -4.0069 -0.984214 -0.0160462  0.0809823  0.0145486 -0.0211703  -0.170464 -0.0533155   0.00170099 -0.000452946 -0.000493656   0.0263168   0.0840674 -0.00286333 1.0671      0      0
               130.4 -1.71957 -2.16801 -1.55762 -0.0220157  0.0797268 0.00624971 -0.0484875  -0.089019 -0.0600181   0.00161465 -0.000427349  -0.00045386   0.0264679   0.0832274 -0.00278889 1.05542       0       0
               130.4 -2.21859 -2.00241 -1.42158 -0.0167724  0.0720026 0.00853471 -0.00314846   -0.136372   -0.042306   0.00175026 -0.000476542 -0.000496937  0.0259656  0.0839618 -0.0029512 1.05541       0       0
               130.5 -1.42072 -1.41922 -1.63007 -0.00471615   0.0731871  -0.0165713  0.0239507 -0.0721073 -0.0695426   0.00170143  -0.00040242 -0.000490758   0.0252196   0.0832399 -0.00179288 1.06803       0       0
               130.5 -1.52946 -1.24105 -1.57086 -0.00889147   0.0675761 -0.00647439 -0.000743934    -0.105576  -0.00799756   0.00173395 -0.000456516  -0.00051085   0.0255718   0.0836828 -0.00258647 1.0681      0      0
               130.6 -0.368059  -2.08918  -1.16802 0.000428638   0.0643577  -0.0157965  0.0239309 -0.0686098 -0.0319321   0.00167139 -0.000405358 -0.000531341   0.0249895   0.0833353 -0.00211138 1.08128       0       0
               130.6 -0.563311  -2.02698  -1.19154 -0.00873432    0.061184  -0.0074223 -0.0404583  -0.085112  0.0172033   0.00172973 -0.000410801 -0.000523053   0.0258575   0.0835117 -0.00276768 1.08133       0       0
               130.7  0.193938   -0.8582 -0.890241  -0.0108998   0.0623437 -0.00901946 -0.00220658  -0.0534221  -0.0165097   0.00169293 -0.000388292 -0.000510457   0.0258265   0.0830249 -0.00269191 1.06809       0       0
               130.7 0.0134176 -0.650308 -0.876942  -0.0120528   0.0621924 -0.00835425 -0.00959829    -0.05322  -0.0126658   0.00174892 -0.000450605 -0.000515495   0.0259467   0.0830297 -0.00274476 1.06809       0       0
               130.8  0.606551  0.570708 -0.805048  0.0086663  0.0660294 -0.0397028  0.0328936 -0.0437767 -0.0872799   0.00170644 -0.000349551 -0.000544157   0.0246668   0.0825485 -0.00113336 1.06608       0       0
               130.8  0.421913  0.899677 -0.902918 -0.00286872     0.06189  -0.0236277 -0.0454538 -0.0677923   0.013234   0.00175733 -0.000431755 -0.000512442   0.0257735   0.0827855 -0.00245367 1.06615       0       0
               130.9  0.357179  0.381488 -0.778449 0.00904984  0.0627565 -0.0424377 0.00731303 -0.0570016  -0.088571   0.00178634 -0.000357358 -0.000507518   0.0247218   0.0825122 -0.00145485 1.07544       0       0
               130.9  0.412611  0.567283 -0.712895 -0.00348047   0.0576456   -0.025092 -0.0774092 -0.0872761  0.0191578   0.00176256 -0.000395021 -0.000526622   0.0259244   0.0827799 -0.00285302 1.07541       0       0
                 131  0.851326 -0.330933 -0.563522 -0.00339385   0.0662071  -0.0456441 -0.0726168 -0.0331603 -0.0445226   0.00171534 -0.000298961 -0.000512174   0.025342  0.0819303 -0.0016062 1.06893       0       0
                 131    0.657033 -0.00797561   -0.532636 -0.00961299   0.0610472  -0.0242979  -0.106966 -0.0644895  0.0908668   0.00177001 -0.000393372 -0.000520503   0.0259285   0.0822911 -0.00336107 1.06895       0       0
               131.1    1.0155 -0.866991 -0.335501 -0.00883559    0.060266  -0.0385367  -0.0656513  -0.0412862 -0.00388587   0.00173927 -0.000344676 -0.000536377   0.0251969   0.0820827 -0.00223641 1.06554       0       0
               131.1  0.890341 -0.673424  -0.39651 -0.0116281  0.0570639 -0.0200731 -0.0773228 -0.0615109   0.114699   0.00177845 -0.000407287 -0.000515275   0.0254459   0.0823208 -0.00378465 1.06552       0       0
               131.2   0.83468 -0.643077 -0.464973 -0.0148705  0.0503872 -0.0195455 -0.0655164 -0.0723189  0.0753216   0.00171957 -0.000357464 -0.000539303   0.0252456   0.0823229 -0.00322919 1.05802       0       0
               131.2  0.635614 -0.381781  -0.53479 -0.0143751   0.050837 -0.0103229 -0.0563235  -0.069591    0.13549   0.00177938 -0.000437001 -0.000517402   0.0251569   0.0823018 -0.00402937 1.05805       0       0
               131.3  0.552623 -0.374857 -0.414348 -0.0102841  0.0230543 -0.0030725 -0.0192599  -0.158185   0.112609   0.00175203 -0.000415982 -0.000580815    0.024659   0.0834254 -0.00377388 1.05237       0       0
               131.3  0.474455 -0.280288 -0.583157  -0.0125046   0.0384337 -0.00517538 -0.0390601 -0.0627691  0.0973898   0.00179532    -0.000439 -0.000528159   0.0247851   0.0821392 -0.00353902 1.05236       0       0
               131.4  0.640959 -0.336498 -0.399598 -0.00938135    0.022134 8.02367e-05 -0.0186632   -0.11236  0.0814914   0.00172541 -0.000423281 -0.000593085  0.0243602  0.0826551 -0.0033398 1.06263       0       0
               131.4  0.427635  -0.27072 -0.605164  -0.0104946   0.0407925 -0.00666266 -0.0336987  0.0039795  0.0358502   0.00182082 -0.000437059 -0.000529352   0.0243813   0.0811589 -0.00272068 1.06261       0       0
               131.5  0.652844 -0.360598 -0.500215 -0.00389746   0.0471752  -0.0169522 0.00129922  0.0113827 -0.0176838   0.00175365 -0.000420322 -0.000563808   0.0237614   0.0808893 -0.00203237 1.07108       0       0
               131.5  0.415701 -0.292393 -0.639534 -0.00862131   0.0533057  -0.0161472 -0.0354381  0.0520571  -0.014857   0.00183761 -0.000429189 -0.000520869   0.0241821   0.0803382 -0.00205312 1.0711      0      0
               131.6  0.393854 -0.221726 -0.567599 -0.00645354   0.0609963  -0.0119362 -0.0231918  0.0508191 0.00804413    0.0018284 -0.000441145 -0.000557735   0.0238168   0.0802269 -0.00234564 1.07537       0       0
               131.6  0.349006 -0.195334 -0.695824 -0.00912774   0.0589837    -0.01209 -0.0436122  0.0390185 0.00617165   0.00183851 -0.000446518 -0.000524997   0.0240697   0.0803467 -0.00232882 1.07539       0       0
               131.7  0.467793 -0.376074 -0.601432 0.000838889   0.0728175  -0.0241243 0.00595259  0.0664498 -0.0430013   0.00181068 -0.000408157 -0.000554374  0.0232828  0.0799551 -0.0017504 1.06822       0       0
               131.7  0.332448 -0.246511 -0.727139 -0.0035256  0.0640767 -0.0190629 -0.0221465  0.0139927 -0.0113677   0.00186481 -0.000456376 -0.000510522  0.0237231  0.0805715 -0.0021441 1.06827       0       0
               131.8  0.467768  -0.41895 -0.595924 0.00677162  0.0793851 -0.0320028  0.0201592  0.0558438 -0.0562854   0.00180619 -0.000390453 -0.000554473   0.0229767   0.0799661 -0.00159246 1.06134       0       0
               131.8  0.316661 -0.247708 -0.727028 -0.00306854   0.0660118  -0.0204188 -0.0445559 -0.0220372  0.0144336   0.00186745 -0.000454708 -0.000511425   0.0239969   0.0809034 -0.00252595 1.06148       0       0
               131.9  0.370454 -0.390047 -0.686743 -0.00150543   0.0763486  -0.0214979 -0.0323709  0.0143539 0.00506346   0.00183509  -0.00040438 -0.000523385   0.0235557   0.0802951 -0.00239137 1.06226       0       0
               131.9  0.268169 -0.249827 -0.728605 -0.00757469   0.0627804  -0.0164767 -0.0721458 -0.0666642  0.0364915   0.00187672 -0.000452738 -0.000510257   0.0242542   0.0813608 -0.00284007 1.06232       0       0
                 132  0.511225 -0.400637 -0.579211 -0.00153626   0.0659218  -0.0215351 -0.0257248 -0.0451665 0.00464161   0.00179567  -0.00040604 -0.000555073   0.0233892   0.0808903 -0.00238591 1.06329       0       0
                 132  0.274463 -0.244449 -0.699962 -0.00810748    0.058219   -0.014931 -0.0700385 -0.0899496  0.0456456   0.00187649 -0.000458746 -0.000515768   0.0241099   0.0814729 -0.00296138 1.06333       0       0
               132.1 0.643647 -0.36295  -0.5477 -0.00832858   0.0541208  -0.0195761 -0.0511391 -0.0878416   0.010131   0.00175535 -0.000422676 -0.000564794   0.0236483   0.0811959 -0.00247058 1.05982       0       0
               132.1   0.28672 -0.261377 -0.687986 -0.0102691  0.0529407 -0.0150931 -0.0628116 -0.0924872  0.0386233   0.00187236 -0.000456104 -0.000518879    0.023842   0.0812792 -0.00286256 1.05984       0       0
               132.2  0.523164 -0.421606 -0.540312 -0.00318561   0.0519099  -0.0257883 -0.0175717 -0.0760071 -0.0171642   0.00179476 -0.000403425 -0.000567974   0.0229732    0.080899 -0.00208783 1.06652       0       0
               132.2  0.301827 -0.274621  -0.67616 -0.00729014   0.0530224  -0.0184508 -0.0445131 -0.0675756  0.0282308   0.00186995 -0.000454631 -0.000521597   0.0233695   0.0807553 -0.00270645 1.06656       0       0
               132.3  0.410402 -0.380411 -0.622811 0.00124754  0.0620855 -0.0273196 -0.000472267   -0.0208413   -0.0162313   0.00183249 -0.000418039 -0.000538147   0.0224891   0.0799771 -0.00207828 1.07513       0       0
               132.3  0.278946  -0.27349 -0.689025 -0.00649953   0.0576453  -0.0183754 -0.0527623 -0.0456318  0.0386539   0.00187727 -0.000456794 -0.000516837   0.0233001    0.080253 -0.00284797 1.07522       0       0
               132.4   0.44252 -0.426071 -0.545296 0.00165531  0.0648739 -0.0237884 -0.00699751  -0.0135414   0.0037176   0.00182351 -0.000403551 -0.000563323   0.0223904   0.0796917 -0.00235006 1.06688       0       0
               132.4  0.279945 -0.264403 -0.693861 -0.00647798   0.0589103  -0.0164266 -0.0633477 -0.0481666  0.0486182   0.00187737 -0.000455799 -0.000515401   0.0232672   0.0801051 -0.00297917 1.06694       0       0
               132.5   0.37201 -0.405514 -0.548476 0.000976943   0.0646915  -0.0176306 -0.0154491 -0.0185409  0.0267694   0.00184914  -0.00041178 -0.000562516  0.0223354  0.0796066 -0.0026607 1.06503       0       0
               132.5  0.266633 -0.262467 -0.684206 -0.00724646   0.0574343  -0.0141405 -0.0736353 -0.0605657  0.0464655   0.00188275 -0.000454721 -0.000518657   0.0232285   0.0801146 -0.00294184 1.06513       0       0
               132.6  0.373019  -0.41424 -0.540558 -0.00228102   0.0571445  -0.0150745  -0.030188 -0.0505593   0.026352   0.00185018 -0.000408986 -0.000564974    0.022428   0.0798617 -0.00265969 1.0657      0      0
               132.6  0.273724 -0.256798 -0.687784 -0.00780706   0.0553778  -0.0135184 -0.0700879 -0.0596616  0.0342388   0.00188258 -0.000457343 -0.000516868   0.0230142   0.0799371 -0.00276866 1.06573       0       0
               132.7  0.542866 -0.440326 -0.518821 -0.000169825    0.0579603   -0.0258401 -0.0198408 -0.0420226 -0.0251046    0.0017972 -0.000402452 -0.000571204   0.0220693    0.079539 -0.00195035 1.06668       0       0
               132.7  0.257146 -0.281884 -0.681232 -0.00646435   0.0561216  -0.0187492  -0.062696 -0.0506061  0.0182914   0.00188916 -0.000450907  -0.00051875   0.0227062    0.079618 -0.00253897 1.06673       0       0
               132.8  0.464963 -0.433674 -0.517288 0.00237257  0.0627649 -0.0311109 -0.0104683  -0.019552 -0.0351896   0.00182603 -0.000407458 -0.000571414   0.0217283   0.0790742 -0.00179831 1.06929       0       0
               132.8  0.272613 -0.290645 -0.696514 -0.00474712   0.0586748  -0.0207382 -0.0574961  -0.043002  0.0290579   0.00188635 -0.000449318 -0.000514064   0.0224434   0.0793372 -0.00267211 1.06936       0       0
               132.9  0.431754  -0.44555 -0.568696 0.00727418  0.0739788 -0.0279561  0.00613083   0.0184502 -0.00864043   0.00184155  -0.00040812 -0.000554885   0.0212733   0.0784011 -0.00213837 1.06644       0       0
               132.9  0.267029 -0.279315 -0.701055 -0.0034784  0.0634757 -0.0187031 -0.0681939 -0.0436556  0.0478083   0.00188705 -0.000450763 -0.000513085   0.0224125   0.0791507 -0.00291437 1.06653       0       0
                 133  0.314052 -0.365125 -0.572782 -0.00096671   0.0668107  -0.0152424 -0.0371669 -0.0236676  0.0448345   0.00187632 -0.000430825 -0.000553029    0.021793   0.0787915 -0.00284894 1.0666      0      0
                 133  0.281989 -0.266122 -0.686003 -0.00731752   0.0589893  -0.0132741 -0.0814756 -0.0694553  0.0559548   0.00188017 -0.000454872 -0.000517167   0.0224746   0.0793523 -0.00301059 1.06667       0       0
               133.1  0.462518 -0.379721 -0.578493 -0.00467242   0.0671868  -0.0109547 -0.0452999 -0.0247342  0.0443642  0.00183438 -0.00042814 -0.00055209   0.0217493   0.0786146 -0.00283295 1.06819       0       0
               133.1  0.269846  -0.24936 -0.700922 -0.00991655   0.0579027  -0.0111182 -0.0859291 -0.0846851  0.0419424   0.00187941 -0.000460411 -0.000528961   0.0222757    0.079272 -0.00282503 1.06822       0       0
               133.2  0.376713 -0.432483 -0.548697 -0.00794389   0.0520927  -0.0185858 -0.0497474 -0.0846204 -0.0048616   0.00185959 -0.000414101 -0.000558745   0.0217101   0.0791809 -0.00229984 1.06123       0       0
               133.2  0.294194 -0.257696 -0.678105 -0.00985327   0.0534086  -0.0152761 -0.0621218 -0.0758461  0.0160325   0.00188399 -0.000474235 -0.000517346  0.0218571  0.0790717 -0.0025239 1.06123       0       0
               133.3  0.478683 -0.340525 -0.521851 -0.0057116  0.0481292 -0.0208571 -0.0264034 -0.0795883 -0.0108098   0.00182274  -0.00043241 -0.000567646   0.0213319   0.0789962 -0.00222568 1.06539       0       0
               133.3   0.28888 -0.271763 -0.686833 -0.00861217   0.0517476  -0.0165099 -0.0468643 -0.0562971  0.0159598   0.00188038 -0.000456639 -0.000514778   0.0215744   0.0786989 -0.00253709 1.06539       0       0
               133.4  0.507015 -0.474692 -0.529517 0.00323495  0.0593593 -0.0272857  0.0115616 -0.0204112 -0.0303475   0.00180012  -0.00038545 -0.000565266   0.0206033   0.0781648 -0.00197121 1.06511       0       0
               133.4  0.275698 -0.265622 -0.684755 -0.00503666   0.0570971   -0.017691 -0.0447711 -0.0316039  0.0285672   0.00187725 -0.000450059 -0.000513786   0.0214182    0.078241 -0.00273503 1.06524       0       0
               133.5  0.364115 -0.379822   -0.5802 0.00366752  0.0647111 -0.0221139 0.000863598 -0.00219511  0.00100176   0.00185016 -0.000417373 -0.000549815   0.0205771   0.0777697 -0.00238095 1.06935       0       0
               133.5  0.267246 -0.283288 -0.694841 -0.0051579  0.0596287 -0.0169359 -0.0608066 -0.0303679  0.0313151   0.00187707 -0.000435186 -0.000514288   0.0214891   0.0780676 -0.00279606 1.06943       0       0
               133.6  0.345626 -0.399556 -0.574695 0.00165409  0.0682279 -0.0175257 -0.0161582 0.00183608  0.0189105    0.0018575 -0.000410997 -0.000549843   0.0206449   0.0775339 -0.00260623 1.06486       0       0
               133.6  0.273585 -0.265123 -0.697242 -0.00532847   0.0627384  -0.0140618  -0.066195 -0.0306529  0.0392188   0.00187261 -0.000439508 -0.000511718   0.0213845   0.0779081 -0.00288733 1.06494       0       0
               133.7  0.403923 -0.408431 -0.559035 0.000860529   0.0694293  -0.0192362  -0.0217714 -0.00457802  0.00453102   0.00184339 -0.000409928 -0.000555343   0.0205589   0.0774539 -0.00241754 1.06469       0       0
               133.7  0.281602 -0.260955 -0.705158 -0.00752789   0.0632568  -0.0155119 -0.0813675  -0.040156  0.0261092   0.00187253 -0.000439802 -0.000509795   0.0214205    0.077857 -0.00271169 1.06477       0       0
               133.8  0.385797 -0.439465 -0.571927 -0.00272258   0.0651696   -0.021414  -0.0366944  -0.0285157 -0.00552924   0.00184734 -0.000398947 -0.000551571   0.0206226   0.0776107 -0.00228544 1.06786       0       0
               133.8  0.271989  -0.25518 -0.692071 -0.00813088   0.0592438  -0.0154603 -0.0729596 -0.0637444  0.0315035   0.00187432  -0.00044732 -0.000513944    0.021179   0.0780335 -0.00277708 1.06792       0       0
               133.9  0.349268 -0.354564 -0.550893 -0.00420489   0.0595212  -0.0182616 -0.0341112 -0.0492309  0.0081695   0.00185986 -0.000428955 -0.000557672   0.0204788   0.0777389 -0.00248956 1.0657      0      0
               133.9  0.267299 -0.266112 -0.670071 -0.00713824    0.056532  -0.0146396  -0.062505 -0.0739307  0.0401028   0.00186205 -0.000433736 -0.000550185  0.0207171  0.0779189 -0.0027375 1.06573       0       0
                 134  0.361475 -0.414618 -0.519595 0.00702558    0.06435  -0.020942   0.0328978  -0.0156381 -0.00726961   0.00186605 -0.000431754 -0.000558339   0.0198826   0.0774122 -0.00235461 1.06879       0       0
                 134  0.268709 -0.277198 -0.687532 -0.00367655   0.0575845  -0.0164508 -0.0519195 -0.0621388  0.0241114   0.00189874 -0.000480447 -0.000503634   0.0203211   0.0776288 -0.00252261 1.06886       0       0
               134.1  0.326659  -0.35429 -0.573947 0.00472703  0.0696376 -0.0150359 -0.000127614   0.00447158     0.020704   0.00187881 -0.000453116  -0.00054213   0.0199754   0.0772367 -0.00248997 1.06282       0       0
               134.1  0.274686 -0.272943 -0.680289 -0.00405384   0.0605714  -0.0151939  -0.064041 -0.0496992  0.0172419   0.00189281 -0.000470577 -0.000508892   0.0205891   0.0775689 -0.00244536 1.0629      0      0
               134.2  0.311031 -0.338521 -0.542929 0.00111026  0.0662354 -0.0134219 -0.0235082 -0.0194976  0.0190563   0.00188564 -0.000457745 -0.000551562    0.020102   0.0773131 -0.00247013 1.06786       0       0
               134.2   0.28204 -0.260308 -0.688472 -0.00752812    0.058988  -0.0131748 -0.0860285 -0.0609561  0.0179373  0.00188817 -0.00046554 -0.00050651  0.0209138  0.0776556 -0.0024399 1.06794       0       0
               134.3  0.537025 -0.386801  -0.55024 -0.0059752  0.0668455 -0.0145582 -0.0521264 -0.0228172 0.00667303   0.00181932 -0.000437987 -0.000548402   0.0203237   0.0771369 -0.00232188 1.06399       0       0
               134.3  0.280164 -0.270337 -0.689193 -0.00993507    0.058068   -0.014709 -0.0791792  -0.073352 0.00464498    0.0018837 -0.000464503 -0.000506568   0.0207584   0.0777544 -0.00230464 1.06403       0       0
               134.4  0.244662 -0.403935 -0.590357 -0.0055699  0.0658577 -0.0168177  -0.0371798  -0.0253299 -0.00338826   0.00191015 -0.000441342 -0.000536485  0.0199665  0.0771139 -0.0021893 1.07032       0       0
               134.4  0.280838 -0.263119 -0.692416 -0.0083891  0.0601049 -0.0153345   -0.05607  -0.060651 0.00573762   0.00188813  -0.00047748 -0.000505849   0.0202797   0.0775492 -0.00231872 1.07036       0       0
               134.5  0.308209 -0.351689 -0.573224 -0.00175006   0.0667139  -0.0120405 -0.0122531  -0.022615  0.0172449    0.0018973 -0.000469806 -0.000541225   0.0194902   0.0769674 -0.00245865 1.07191       0       0
               134.5  0.277518 -0.258877 -0.693064 -0.00642411   0.0593459  -0.0126236 -0.0461745  -0.066869  0.0118505   0.00189251 -0.000486657 -0.000504918   0.0200003   0.0775127 -0.00240164 1.07197       0       0
               134.6  0.441923 -0.405464 -0.546964 0.00304182  0.0669025 -0.0156417  0.00434715  -0.0248876 -0.00303723   0.00186143 -0.000462384  -0.00054746   0.0191093    0.076848 -0.00218972 1.06848       0       0
               134.6  0.282278 -0.250794 -0.692598 -0.00425718   0.0610383  -0.0141299 -0.0484164 -0.0586808  0.0044275   0.00190562  -0.00049993 -0.000498494   0.0198624   0.0772389 -0.00229575 1.06858       0       0
               134.7  0.300861 -0.339146 -0.583197 0.00399649  0.0699825 -0.0129444 -0.000353784   -0.0124397   0.00856112   0.00191675 -0.000485617  -0.00053524   0.0190309   0.0765544 -0.00233782 1.07215       0       0
               134.7   0.26118 -0.258922 -0.696932 -0.00559807   0.0609661  -0.0135852 -0.0696366 -0.0642253 0.00188172   0.00192333 -0.000507095 -0.000498011    0.020057   0.0771627 -0.00225936 1.07223       0       0
               134.8  0.407941 -0.414149 -0.566976 0.00176147   0.068937  -0.019865 -0.0188409  -0.022168 -0.0222425    0.0018827 -0.000462502 -0.000540971   0.0191291   0.0764908 -0.00193113 1.06569       0       0
               134.8  0.253203 -0.271269 -0.695289 -0.00590571   0.0597498  -0.0164152  -0.0725164  -0.0756774 -0.00236458   0.00193396 -0.000511219 -0.000499287   0.0199791   0.0771702 -0.00221411 1.06578       0       0
               134.9  0.432832  -0.42422 -0.524716 0.000893786   0.0623856  -0.0236662 -0.0231892 -0.0499633 -0.0276661   0.00187822 -0.000459913 -0.000554625   0.0190523   0.0766922 -0.00185396 1.06775       0       0
               134.9  0.284305 -0.270697  -0.68924 -0.00699874   0.0579283  -0.0175779 -0.0777535 -0.0742535  0.0086987   0.00192908   -0.0005134 -0.000500319   0.0198829   0.0769645 -0.00236049 1.06784       0       0
                 135  0.421501 -0.468556 -0.536273 -0.00085865   0.0531924  -0.0336885 -0.0308926 -0.0762266 -0.0561013   0.00188522 -0.000445306 -0.000549622   0.0190046   0.0768887 -0.00146824 1.06901       0       0
                 135  0.256372 -0.283897 -0.690301 -0.00711538   0.0539378  -0.0217495 -0.0718261 -0.0706067  0.0183591   0.00194019 -0.000508708 -0.000498352  0.0196122  0.0767553 -0.0024952 1.06906       0       0
               135.1  0.494463 -0.454966 -0.530572 0.000499009   0.0546667  -0.0385144 -0.0208112  -0.054318 -0.0523381   0.00186059 -0.000451233 -0.000551116   0.0186612   0.0763957 -0.00150224 1.0673      0      0
               135.1  0.251048 -0.302746 -0.684388 -0.00626132   0.0546464  -0.0232647 -0.0640018 -0.0535462  0.0427247   0.00194172 -0.000504042  -0.00050004   0.0193081   0.0763328 -0.00281527 1.06733       0       0
               135.2  0.328089 -0.377079 -0.562339 -0.00347096    0.055618  -0.0208401 -0.0343356 -0.0394552  0.0360222   0.00191582 -0.000479115  -0.00054045    0.018689   0.0760331 -0.00272377 1.0679      0      0
               135.2  0.267285 -0.271689 -0.675509 -0.00892192   0.0531601  -0.0146573 -0.0710933 -0.0535457   0.073763    0.0019371 -0.000514321 -0.000501909   0.0192576   0.0761795 -0.00325749 1.06796       0       0
               135.3  0.476684 -0.383304 -0.543319 -0.00179947   0.0623306  -0.0169854 -0.0217624 -0.0115863  0.0381092   0.00186845 -0.000479029 -0.000546556   0.0182949    0.075454 -0.00272667 1.0665      0      0
               135.3  0.263462  -0.26359 -0.671452 -0.00720769   0.0567491  -0.0141575 -0.0593924 -0.0433058   0.054539   0.00193632 -0.000514567 -0.000505023   0.0188963   0.0758722 -0.00296521 1.06655       0       0
               135.4  0.362771 -0.329249 -0.545742 -0.00304271   0.0629459 -0.00855915 -0.0245214 -0.0140779  0.0567647   0.00190885 -0.000497122 -0.000546958   0.0181948   0.0753441 -0.00297575 1.06808       0       0
